Code,Merchent,Warehouse
ade2378765,AVA & MAY,BER3
ade2378764,AVA & MAY,BER3
ade2378763,AVA & MAY,BER3
ade2378762,AVA & MAY,BER3
ade2378761,AVA & MAY,BER3
ade2378760,AVA & MAY,BER3
ade2378759,AVA & MAY,BER3
ade2378758,AVA & MAY,BER3
avfr470678,AVA & MAY,BER3
ade2378757,AVA & MAY,BER3
ade2378756,AVA & MAY,BER3
ade2378755,AVA & MAY,BER3
ade2378754,AVA & MAY,BER3
ade2378753,AVA & MAY,BER3
ade2378752,AVA & MAY,BER3
ade2378751,AVA & MAY,BER3
ade2378750,AVA & MAY,BER3
ade2378749,AVA & MAY,BER3
avit376865,AVA & MAY,BER3
ade2378748,AVA & MAY,BER3
ade2378747,AVA & MAY,BER3
avfr470677,AVA & MAY,BER3
avfr470676,AVA & MAY,BER3
avit376864,AVA & MAY,BER3
ade2378746,AVA & MAY,BER3
ade2378745,AVA & MAY,BER3
avit376863,AVA & MAY,BER3
ade2378744,AVA & MAY,BER3
avit376862,AVA & MAY,BER3
ade2378743,AVA & MAY,BER3
ade2378742,AVA & MAY,BER3
avfr470675,AVA & MAY,BER3
ade2378741,AVA & MAY,BER3
ade2378740,AVA & MAY,BER3
ade2378739,AVA & MAY,BER3
ade2378738,AVA & MAY,BER3
ade2378737,AVA & MAY,BER3
ade2378736,AVA & MAY,BER3
ade2378735,AVA & MAY,BER3
ade2378734,AVA & MAY,BER3
ade2378733,AVA & MAY,BER3
ade2378732,AVA & MAY,BER3
avfr470674,AVA & MAY,BER3
ade2378731,AVA & MAY,BER3
ade2378730,AVA & MAY,BER3
avfr470673,AVA & MAY,BER3
ade2378729,AVA & MAY,BER3
ade2378728,AVA & MAY,BER3
ade2378727,AVA & MAY,BER3
ade2378726,AVA & MAY,BER3
#5856,Adonis Foods,BER3
#5855,Adonis Foods,BER3
#5854,Adonis Foods,BER3
FBA15LWXDVQR (ES),Adonis Foods,BER3
FBA15LWVKKC0 (IT),Adonis Foods,BER3
FBA15LWXCB6V (DE),Adonis Foods,BER3
PO-00479,Adonis Foods,BER3
#5853,Adonis Foods,BER3
B2B000843,Adonis Foods,BER3
1003558551,Adonis Foods,BER3
#5852,Adonis Foods,BER3
96159,Adonis Foods,BER3
B2B000833,Adonis Foods,BER3
#5851,Adonis Foods,BER3
#5850,Adonis Foods,BER3
#5849,Adonis Foods,BER3
#5848,Adonis Foods,BER3
#5847,Adonis Foods,BER3
#5846,Adonis Foods,BER3
#5845,Adonis Foods,BER3
#5844,Adonis Foods,BER3
#5843,Adonis Foods,BER3
2026011535,Adonis Foods,BER3
IOR8212,Adonis Foods,BER3
Ank-4993199,Adonis Foods,BER3
#5842,Adonis Foods,BER3
#5841,Adonis Foods,BER3
#5840,Adonis Foods,BER3
Ank-4990470,Adonis Foods,BER3
B2B000823,Adonis Foods,BER3
#5839,Adonis Foods,BER3
#5838,Adonis Foods,BER3
#5837,Adonis Foods,BER3
#5836,Adonis Foods,BER3
#5835,Adonis Foods,BER3
#5834,Adonis Foods,BER3
#5833,Adonis Foods,BER3
FBA15LV4RSL3(DE),Adonis Foods,BER3
#5832,Adonis Foods,BER3
#5831,Adonis Foods,BER3
#5830,Adonis Foods,BER3
#5829,Adonis Foods,BER3
#5828,Adonis Foods,BER3
#5827,Adonis Foods,BER3
#5826,Adonis Foods,BER3
#5825,Adonis Foods,BER3
#5824,Adonis Foods,BER3
#5823,Adonis Foods,BER3
#5822,Adonis Foods,BER3
#5821,Adonis Foods,BER3
#12841,Aleck,BER3
#12840,Aleck,BER3
#12839,Aleck,BER3
#12838,Aleck,BER3
#12837,Aleck,BER3
#12836,Aleck,BER3
#12835,Aleck,BER3
#12834,Aleck,BER3
#12833,Aleck,BER3
#12832,Aleck,BER3
#12831,Aleck,BER3
#12830,Aleck,BER3
#12829,Aleck,BER3
#12827,Aleck,BER3
#12826,Aleck,BER3
#12825,Aleck,BER3
#12824,Aleck,BER3
#12823,Aleck,BER3
#12822,Aleck,BER3
#12821,Aleck,BER3
#12820,Aleck,BER3
#12819,Aleck,BER3
#12818,Aleck,BER3
#12817,Aleck,BER3
#12816,Aleck,BER3
#12815,Aleck,BER3
#12814,Aleck,BER3
#12813,Aleck,BER3
#12812,Aleck,BER3
#12811,Aleck,BER3
#12810,Aleck,BER3
#12808,Aleck,BER3
#12806,Aleck,BER3
#12805,Aleck,BER3
#12804,Aleck,BER3
#12803,Aleck,BER3
#12802,Aleck,BER3
#12801,Aleck,BER3
#12800,Aleck,BER3
#12799,Aleck,BER3
#12798,Aleck,BER3
#12797,Aleck,BER3
#12796,Aleck,BER3
#12795,Aleck,BER3
#12794,Aleck,BER3
#12793,Aleck,BER3
#12792,Aleck,BER3
#12791,Aleck,BER3
#12790,Aleck,BER3
#12789,Aleck,BER3
#1077,Allseven,BER3
#1076,Allseven,BER3
#1075,Allseven,BER3
#1074,Allseven,BER3
#1073,Allseven,BER3
#1072,Allseven,BER3
#1071,Allseven,BER3
#1070,Allseven,BER3
#1069,Allseven,BER3
#1068,Allseven,BER3
#1067,Allseven,BER3
#1066,Allseven,BER3
#1065,Allseven,BER3
#1064,Allseven,BER3
#1063,Allseven,BER3
#1062,Allseven,BER3
#1061,Allseven,BER3
#1060,Allseven,BER3
#1059,Allseven,BER3
#1058,Allseven,BER3
#1057,Allseven,BER3
#1056,Allseven,BER3
#1055,Allseven,BER3
#1054,Allseven,BER3
#1053,Allseven,BER3
#1052,Allseven,BER3
#1051,Allseven,BER3
#1050,Allseven,BER3
#1049,Allseven,BER3
#1048,Allseven,BER3
#1047,Allseven,BER3
#1046,Allseven,BER3
#1045,Allseven,BER3
#1044,Allseven,BER3
#1043,Allseven,BER3
#1042,Allseven,BER3
#1041,Allseven,BER3
#1040,Allseven,BER3
#1039,Allseven,BER3
#1038,Allseven,BER3
#1037,Allseven,BER3
#1036,Allseven,BER3
#1035,Allseven,BER3
#1034,Allseven,BER3
#1033,Allseven,BER3
#1032,Allseven,BER3
#1031,Allseven,BER3
#1030,Allseven,BER3
#1029,Allseven,BER3
#1028,Allseven,BER3
#1002,Altrion GmbH,BER3
#1001,Altrion GmbH,BER3
B2C000001,Altrion GmbH,BER3
#28245,Ancora Pacific GmbH,BER3
#28244,Ancora Pacific GmbH,BER3
#28243,Ancora Pacific GmbH,BER3
#28242,Ancora Pacific GmbH,BER3
#28241,Ancora Pacific GmbH,BER3
#28240,Ancora Pacific GmbH,BER3
#28239,Ancora Pacific GmbH,BER3
#28238,Ancora Pacific GmbH,BER3
#28237,Ancora Pacific GmbH,BER3
#28236,Ancora Pacific GmbH,BER3
#28235,Ancora Pacific GmbH,BER3
#28234,Ancora Pacific GmbH,BER3
#28233,Ancora Pacific GmbH,BER3
#28232,Ancora Pacific GmbH,BER3
#28231,Ancora Pacific GmbH,BER3
#28230,Ancora Pacific GmbH,BER3
#28229,Ancora Pacific GmbH,BER3
#28228,Ancora Pacific GmbH,BER3
#28227,Ancora Pacific GmbH,BER3
#28226,Ancora Pacific GmbH,BER3
#28225,Ancora Pacific GmbH,BER3
#28224,Ancora Pacific GmbH,BER3
#28223,Ancora Pacific GmbH,BER3
#28222,Ancora Pacific GmbH,BER3
#28221,Ancora Pacific GmbH,BER3
#28220,Ancora Pacific GmbH,BER3
#28219,Ancora Pacific GmbH,BER3
#28218,Ancora Pacific GmbH,BER3
#28217,Ancora Pacific GmbH,BER3
#28216,Ancora Pacific GmbH,BER3
#28215,Ancora Pacific GmbH,BER3
#28214,Ancora Pacific GmbH,BER3
#28213,Ancora Pacific GmbH,BER3
#28212,Ancora Pacific GmbH,BER3
#28211,Ancora Pacific GmbH,BER3
#28210,Ancora Pacific GmbH,BER3
#28209,Ancora Pacific GmbH,BER3
#28206,Ancora Pacific GmbH,BER3
#28207,Ancora Pacific GmbH,BER3
#28208,Ancora Pacific GmbH,BER3
#28205,Ancora Pacific GmbH,BER3
#28204,Ancora Pacific GmbH,BER3
#28203,Ancora Pacific GmbH,BER3
#28202,Ancora Pacific GmbH,BER3
#28201,Ancora Pacific GmbH,BER3
#28200,Ancora Pacific GmbH,BER3
#28199,Ancora Pacific GmbH,BER3
#28198,Ancora Pacific GmbH,BER3
#28197,Ancora Pacific GmbH,BER3
#28196,Ancora Pacific GmbH,BER3
#2000392238,Anita Hass,BER3
#2000392238,Anita Hass,BER3
#2000392237,Anita Hass,BER3
#2000392237,Anita Hass,BER3
#2000392236,Anita Hass,BER3
#2000392236,Anita Hass,BER3
#2000392235,Anita Hass,BER3
#2000392235,Anita Hass,BER3
#2000392234,Anita Hass,BER3
#2000392234,Anita Hass,BER3
#2000392233,Anita Hass,BER3
#2000392233,Anita Hass,BER3
#2000392232,Anita Hass,BER3
#2000392231,Anita Hass,BER3
#2000392230,Anita Hass,BER3
#2000392230,Anita Hass,BER3
#2000392229,Anita Hass,BER3
#2000392229,Anita Hass,BER3
#2000392228,Anita Hass,BER3
#2000392228,Anita Hass,BER3
#2000392227,Anita Hass,BER3
#2000392227,Anita Hass,BER3
#2000392226,Anita Hass,BER3
#2000392225,Anita Hass,BER3
#2000392224,Anita Hass,BER3
#2000392225,Anita Hass,BER3
#2000392223,Anita Hass,BER3
#2000392223,Anita Hass,BER3
#2000392222,Anita Hass,BER3
#2000392222,Anita Hass,BER3
#2000392221,Anita Hass,BER3
#2000392220,Anita Hass,BER3
#2000392220,Anita Hass,BER3
#2000392219,Anita Hass,BER3
#2000392219,Anita Hass,BER3
#2000392218,Anita Hass,BER3
#2000392218,Anita Hass,BER3
#2000392217,Anita Hass,BER3
#2000392217,Anita Hass,BER3
#2000392216,Anita Hass,BER3
#2000392215,Anita Hass,BER3
#2000392215,Anita Hass,BER3
#2000392214,Anita Hass,BER3
#2000392214,Anita Hass,BER3
#2000392213,Anita Hass,BER3
#2000392213,Anita Hass,BER3
#2000392212,Anita Hass,BER3
#2000392212,Anita Hass,BER3
#2000392211,Anita Hass,BER3
#2000392211,Anita Hass,BER3
#AH-132761,Ankerherz Verlag GmbH,BER3
#AH-132760,Ankerherz Verlag GmbH,BER3
#AH-132759,Ankerherz Verlag GmbH,BER3
#AH-132758,Ankerherz Verlag GmbH,BER3
#AH-132757,Ankerherz Verlag GmbH,BER3
#AH-132756,Ankerherz Verlag GmbH,BER3
#AH-132755,Ankerherz Verlag GmbH,BER3
#AH-132754,Ankerherz Verlag GmbH,BER3
#AH-132753,Ankerherz Verlag GmbH,BER3
#AH-132752,Ankerherz Verlag GmbH,BER3
#AH-132751,Ankerherz Verlag GmbH,BER3
#AH-132750,Ankerherz Verlag GmbH,BER3
#AH-132749,Ankerherz Verlag GmbH,BER3
#AH-132748,Ankerherz Verlag GmbH,BER3
#AH-132747,Ankerherz Verlag GmbH,BER3
#AH-132746,Ankerherz Verlag GmbH,BER3
#AH-132745,Ankerherz Verlag GmbH,BER3
#AH-132743,Ankerherz Verlag GmbH,BER3
#AH-132742,Ankerherz Verlag GmbH,BER3
#AH-132741,Ankerherz Verlag GmbH,BER3
#AH-132740,Ankerherz Verlag GmbH,BER3
#AH-132739,Ankerherz Verlag GmbH,BER3
#AH-132738,Ankerherz Verlag GmbH,BER3
#AH-132737,Ankerherz Verlag GmbH,BER3
#AH-132736,Ankerherz Verlag GmbH,BER3
#AH-132735,Ankerherz Verlag GmbH,BER3
#AH-132734,Ankerherz Verlag GmbH,BER3
#AH-132733,Ankerherz Verlag GmbH,BER3
#AH-132732,Ankerherz Verlag GmbH,BER3
#AH-132731,Ankerherz Verlag GmbH,BER3
#AH-132730,Ankerherz Verlag GmbH,BER3
#AH-132729,Ankerherz Verlag GmbH,BER3
#AH-132728,Ankerherz Verlag GmbH,BER3
#AH-132727,Ankerherz Verlag GmbH,BER3
#AH-132726,Ankerherz Verlag GmbH,BER3
#AH-132725,Ankerherz Verlag GmbH,BER3
#AH-132723,Ankerherz Verlag GmbH,BER3
#AH-132722,Ankerherz Verlag GmbH,BER3
#AH-132721,Ankerherz Verlag GmbH,BER3
#AH-132720,Ankerherz Verlag GmbH,BER3
#AH-132719,Ankerherz Verlag GmbH,BER3
#AH-132718,Ankerherz Verlag GmbH,BER3
#AH-132717,Ankerherz Verlag GmbH,BER3
#AH-132716,Ankerherz Verlag GmbH,BER3
#AH-132715,Ankerherz Verlag GmbH,BER3
#AH-132714,Ankerherz Verlag GmbH,BER3
#AH-132713,Ankerherz Verlag GmbH,BER3
#AH-132712,Ankerherz Verlag GmbH,BER3
#AH-132711,Ankerherz Verlag GmbH,BER3
#AH-132710,Ankerherz Verlag GmbH,BER3
#7766,Artem Oral Care GmbH,BER3
#7765,Artem Oral Care GmbH,BER3
#7764,Artem Oral Care GmbH,BER3
#7763,Artem Oral Care GmbH,BER3
#7762,Artem Oral Care GmbH,BER3
#7761,Artem Oral Care GmbH,BER3
#7760,Artem Oral Care GmbH,BER3
#7759,Artem Oral Care GmbH,BER3
#7758,Artem Oral Care GmbH,BER3
#7757,Artem Oral Care GmbH,BER3
#7756,Artem Oral Care GmbH,BER3
#7755,Artem Oral Care GmbH,BER3
#7754,Artem Oral Care GmbH,BER3
#7753,Artem Oral Care GmbH,BER3
#7752,Artem Oral Care GmbH,BER3
#7751,Artem Oral Care GmbH,BER3
#7750,Artem Oral Care GmbH,BER3
#7749,Artem Oral Care GmbH,BER3
#7748,Artem Oral Care GmbH,BER3
#7747,Artem Oral Care GmbH,BER3
#7746,Artem Oral Care GmbH,BER3
#7745,Artem Oral Care GmbH,BER3
#7744,Artem Oral Care GmbH,BER3
#7743,Artem Oral Care GmbH,BER3
#7742,Artem Oral Care GmbH,BER3
#7741,Artem Oral Care GmbH,BER3
#7740,Artem Oral Care GmbH,BER3
#7739,Artem Oral Care GmbH,BER3
#7738,Artem Oral Care GmbH,BER3
#7737,Artem Oral Care GmbH,BER3
#7736,Artem Oral Care GmbH,BER3
#7735,Artem Oral Care GmbH,BER3
#7734,Artem Oral Care GmbH,BER3
#7733,Artem Oral Care GmbH,BER3
#7732,Artem Oral Care GmbH,BER3
#7731,Artem Oral Care GmbH,BER3
#7730,Artem Oral Care GmbH,BER3
#7729,Artem Oral Care GmbH,BER3
#7728,Artem Oral Care GmbH,BER3
#7727,Artem Oral Care GmbH,BER3
#7726,Artem Oral Care GmbH,BER3
#7725,Artem Oral Care GmbH,BER3
#7724,Artem Oral Care GmbH,BER3
#7723,Artem Oral Care GmbH,BER3
#7722,Artem Oral Care GmbH,BER3
#7721,Artem Oral Care GmbH,BER3
#7720,Artem Oral Care GmbH,BER3
#7719,Artem Oral Care GmbH,BER3
#7718,Artem Oral Care GmbH,BER3
#7717,Artem Oral Care GmbH,BER3
#19035,Athletes Eyewear,BER3
#19034,Athletes Eyewear,BER3
#19033,Athletes Eyewear,BER3
#19032,Athletes Eyewear,BER3
#19031,Athletes Eyewear,BER3
#19030,Athletes Eyewear,BER3
#19029,Athletes Eyewear,BER3
#19028,Athletes Eyewear,BER3
#19027,Athletes Eyewear,BER3
#19026,Athletes Eyewear,BER3
#19025,Athletes Eyewear,BER3
#19024,Athletes Eyewear,BER3
#19023,Athletes Eyewear,BER3
#19022,Athletes Eyewear,BER3
#19021,Athletes Eyewear,BER3
#19020,Athletes Eyewear,BER3
,Athletes Eyewear,BER3
#19019,Athletes Eyewear,BER3
#19018,Athletes Eyewear,BER3
#19017,Athletes Eyewear,BER3
#19016,Athletes Eyewear,BER3
#19015,Athletes Eyewear,BER3
#19014,Athletes Eyewear,BER3
#19013,Athletes Eyewear,BER3
#19012,Athletes Eyewear,BER3
#19011,Athletes Eyewear,BER3
#19010,Athletes Eyewear,BER3
#19009,Athletes Eyewear,BER3
#19008,Athletes Eyewear,BER3
#19007,Athletes Eyewear,BER3
#19006,Athletes Eyewear,BER3
#19005,Athletes Eyewear,BER3
#19004,Athletes Eyewear,BER3
#19003,Athletes Eyewear,BER3
#19002,Athletes Eyewear,BER3
#19001,Athletes Eyewear,BER3
#19000,Athletes Eyewear,BER3
#18999,Athletes Eyewear,BER3
#18998,Athletes Eyewear,BER3
#18997,Athletes Eyewear,BER3
#18996,Athletes Eyewear,BER3
#18995,Athletes Eyewear,BER3
#18994,Athletes Eyewear,BER3
#18993,Athletes Eyewear,BER3
#18992,Athletes Eyewear,BER3
#18991,Athletes Eyewear,BER3
#18990,Athletes Eyewear,BER3
#18989,Athletes Eyewear,BER3
#18988,Athletes Eyewear,BER3
#18987,Athletes Eyewear,BER3
#17314924,Authentic Ayurveda d.o.o.,BER3
#17314824,Authentic Ayurveda d.o.o.,BER3
#17314724,Authentic Ayurveda d.o.o.,BER3
AOV74521,Authentic Ayurveda d.o.o.,BER3
#17314624,Authentic Ayurveda d.o.o.,BER3
#SA2044125,Authentic Ayurveda d.o.o.,BER3
#17314524,Authentic Ayurveda d.o.o.,BER3
#17314224,Authentic Ayurveda d.o.o.,BER3
#17314124,Authentic Ayurveda d.o.o.,BER3
#17313924,Authentic Ayurveda d.o.o.,BER3
#17313124,Authentic Ayurveda d.o.o.,BER3
#17313024,Authentic Ayurveda d.o.o.,BER3
#17312724,Authentic Ayurveda d.o.o.,BER3
#17312624,Authentic Ayurveda d.o.o.,BER3
#17312524,Authentic Ayurveda d.o.o.,BER3
#17312424,Authentic Ayurveda d.o.o.,BER3
#17312324,Authentic Ayurveda d.o.o.,BER3
#17312024,Authentic Ayurveda d.o.o.,BER3
#17311824,Authentic Ayurveda d.o.o.,BER3
#17311724,Authentic Ayurveda d.o.o.,BER3
#17311524,Authentic Ayurveda d.o.o.,BER3
AOV2374,Authentic Ayurveda d.o.o.,BER3
#SA2035125,Authentic Ayurveda d.o.o.,BER3
#17311324,Authentic Ayurveda d.o.o.,BER3
#17311124,Authentic Ayurveda d.o.o.,BER3
#SA2034125,Authentic Ayurveda d.o.o.,BER3
#17310924,Authentic Ayurveda d.o.o.,BER3
#17310724,Authentic Ayurveda d.o.o.,BER3
#17310624,Authentic Ayurveda d.o.o.,BER3
#17310424,Authentic Ayurveda d.o.o.,BER3
#17310324,Authentic Ayurveda d.o.o.,BER3
#17310224,Authentic Ayurveda d.o.o.,BER3
#17310024,Authentic Ayurveda d.o.o.,BER3
#17309924,Authentic Ayurveda d.o.o.,BER3
#17309824,Authentic Ayurveda d.o.o.,BER3
#17309724,Authentic Ayurveda d.o.o.,BER3
#17309624,Authentic Ayurveda d.o.o.,BER3
#17309324,Authentic Ayurveda d.o.o.,BER3
17298024-2,Authentic Ayurveda d.o.o.,BER3
#17309024,Authentic Ayurveda d.o.o.,BER3
#17308924,Authentic Ayurveda d.o.o.,BER3
#17308824,Authentic Ayurveda d.o.o.,BER3
#17308724,Authentic Ayurveda d.o.o.,BER3
#17308624,Authentic Ayurveda d.o.o.,BER3
#17308424,Authentic Ayurveda d.o.o.,BER3
#17308324,Authentic Ayurveda d.o.o.,BER3
#17308224,Authentic Ayurveda d.o.o.,BER3
#17307924,Authentic Ayurveda d.o.o.,BER3
#17307824,Authentic Ayurveda d.o.o.,BER3
#17307724,Authentic Ayurveda d.o.o.,BER3
#1227,Ayawa,BER3
#1226,Ayawa,BER3
#1225,Ayawa,BER3
#1224,Ayawa,BER3
#1223,Ayawa,BER3
#1222,Ayawa,BER3
B2B000001,Ayawa,BER3
#1221,Ayawa,BER3
#1220,Ayawa,BER3
#1219,Ayawa,BER3
#1218,Ayawa,BER3
#1217,Ayawa,BER3
#1171,B FNKY,BER3
#1170,B FNKY,BER3
#1169,B FNKY,BER3
#1168,B FNKY,BER3
#1167,B FNKY,BER3
#1166,B FNKY,BER3
#1165,B FNKY,BER3
#1164,B FNKY,BER3
#1163,B FNKY,BER3
#1162,B FNKY,BER3
#1161,B FNKY,BER3
#1160,B FNKY,BER3
#1159,B FNKY,BER3
#1158,B FNKY,BER3
#1157,B FNKY,BER3
#1156,B FNKY,BER3
#1155,B FNKY,BER3
#174913,BORA,BER3
#174911,BORA,BER3
#174910,BORA,BER3
#174909,BORA,BER3
#174908,BORA,BER3
#174907,BORA,BER3
#174906,BORA,BER3
#174905,BORA,BER3
#174904,BORA,BER3
#174903,BORA,BER3
#174902,BORA,BER3
#174901,BORA,BER3
#174900,BORA,BER3
#174899,BORA,BER3
#174898,BORA,BER3
#174897,BORA,BER3
#174896,BORA,BER3
#174894,BORA,BER3
#174893,BORA,BER3
#174892,BORA,BER3
#174891,BORA,BER3
#174890,BORA,BER3
#174889,BORA,BER3
#174888,BORA,BER3
#174887,BORA,BER3
#174886,BORA,BER3
#174885,BORA,BER3
#174884,BORA,BER3
#174883,BORA,BER3
#174882,BORA,BER3
#174881,BORA,BER3
#174880,BORA,BER3
#174879,BORA,BER3
#174878,BORA,BER3
#174877,BORA,BER3
#174876,BORA,BER3
#174875,BORA,BER3
#174874,BORA,BER3
#174873,BORA,BER3
#174872,BORA,BER3
#174871,BORA,BER3
#174870,BORA,BER3
#174869,BORA,BER3
#174868,BORA,BER3
#174867,BORA,BER3
#174866,BORA,BER3
#174865,BORA,BER3
#174864,BORA,BER3
#174863,BORA,BER3
#174862,BORA,BER3
303-3947907-2033138-17,Baroni Home DE,BER3
302-2938433-5318755-14,Baroni Home DE,BER3
302-3801712-9455563-17,Baroni Home DE,BER3
303-2649622-5324350-14,Baroni Home DE,BER3
306-3187477-1782703-14,Baroni Home DE,BER3
302-7013370-4997931-14,Baroni Home DE,BER3
302-9772300-7709916-14,Baroni Home DE,BER3
028-7477334-5513153-14,Baroni Home DE,BER3
028-5187892-6047541-14,Baroni Home DE,BER3
305-0679093-9305929-14,Baroni Home DE,BER3
306-3343768-9365945-14,Baroni Home DE,BER3
303-5965736-3263517-14,Baroni Home DE,BER3
306-3795596-5608347-14,Baroni Home DE,BER3
306-8206037-8819525-14,Baroni Home DE,BER3
302-3590904-5897113-14,Baroni Home DE,BER3
306-6798443-2276337-14,Baroni Home DE,BER3
303-8225664-4951522-14,Baroni Home DE,BER3
302-7663157-7039535-14,Baroni Home DE,BER3
304-8118756-4960357-14,Baroni Home DE,BER3
305-5426760-2501167-14,Baroni Home DE,BER3
304-5204668-8965124-14,Baroni Home DE,BER3
302-3780410-6838763-14,Baroni Home DE,BER3
302-9597130-5476302-14,Baroni Home DE,BER3
303-2994037-5735513-14,Baroni Home DE,BER3
306-3393670-8904325-14,Baroni Home DE,BER3
303-8422697-5093955-14,Baroni Home DE,BER3
028-8532696-4989163-14,Baroni Home DE,BER3
304-5817453-1311516-14,Baroni Home DE,BER3
306-4577954-3601929-14,Baroni Home DE,BER3
028-3630819-1284363-14,Baroni Home DE,BER3
028-8818845-6803503-14,Baroni Home DE,BER3
028-7469184-6774703-14,Baroni Home DE,BER3
304-0903251-7094704-14,Baroni Home DE,BER3
302-9933181-7430732-14,Baroni Home DE,BER3
302-6515063-9282730-14,Baroni Home DE,BER3
305-8035956-3901940-14,Baroni Home DE,BER3
303-3984704-1153162-14,Baroni Home DE,BER3
306-4226196-9974757-14,Baroni Home DE,BER3
302-5937660-9005134-14,Baroni Home DE,BER3
028-9362261-5541943-14,Baroni Home DE,BER3
303-5370023-7998747-14,Baroni Home DE,BER3
305-6032383-1451532-14,Baroni Home DE,BER3
028-5706662-8307560-14,Baroni Home DE,BER3
303-4645982-4774744-14,Baroni Home DE,BER3
028-7583983-2921100-14,Baroni Home DE,BER3
305-7388509-1061105-14,Baroni Home DE,BER3
303-9467261-5653129-14,Baroni Home DE,BER3
028-4662713-5424322-14,Baroni Home DE,BER3
305-4287892-0657140-14,Baroni Home DE,BER3
304-2076464-8089107-14,Baroni Home DE,BER3
#1088,Beba Toys GmbH,BER3
#1087,Beba Toys GmbH,BER3
#1086,Beba Toys GmbH,BER3
#1085,Beba Toys GmbH,BER3
#1084,Beba Toys GmbH,BER3
#1083,Beba Toys GmbH,BER3
#1082,Beba Toys GmbH,BER3
#1081,Beba Toys GmbH,BER3
#1080,Beba Toys GmbH,BER3
#1079,Beba Toys GmbH,BER3
#1078,Beba Toys GmbH,BER3
#1077,Beba Toys GmbH,BER3
#1076,Beba Toys GmbH,BER3
#1075,Beba Toys GmbH,BER3
#1074,Beba Toys GmbH,BER3
#1073,Beba Toys GmbH,BER3
#1072,Beba Toys GmbH,BER3
#1071,Beba Toys GmbH,BER3
#1070,Beba Toys GmbH,BER3
#1069,Beba Toys GmbH,BER3
#1068,Beba Toys GmbH,BER3
#1067,Beba Toys GmbH,BER3
#1066,Beba Toys GmbH,BER3
#1065,Beba Toys GmbH,BER3
#1064,Beba Toys GmbH,BER3
#1063,Beba Toys GmbH,BER3
#1062,Beba Toys GmbH,BER3
#1061,Beba Toys GmbH,BER3
#1060,Beba Toys GmbH,BER3
#1059,Beba Toys GmbH,BER3
#1058,Beba Toys GmbH,BER3
#1057,Beba Toys GmbH,BER3
#1056,Beba Toys GmbH,BER3
#1055,Beba Toys GmbH,BER3
#1054,Beba Toys GmbH,BER3
#1053,Beba Toys GmbH,BER3
#1052,Beba Toys GmbH,BER3
#1051,Beba Toys GmbH,BER3
#1050,Beba Toys GmbH,BER3
#1049,Beba Toys GmbH,BER3
#1048,Beba Toys GmbH,BER3
#1047,Beba Toys GmbH,BER3
#1046,Beba Toys GmbH,BER3
#1045,Beba Toys GmbH,BER3
#1044,Beba Toys GmbH,BER3
#1043,Beba Toys GmbH,BER3
#1042,Beba Toys GmbH,BER3
#1041,Beba Toys GmbH,BER3
#1040,Beba Toys GmbH,BER3
#1039,Beba Toys GmbH,BER3
B2C000125,Better Performance,BER3
#1893,Better Performance,BER3
#1892,Better Performance,BER3
#1891,Better Performance,BER3
#1890,Better Performance,BER3
#1889,Better Performance,BER3
#1888,Better Performance,BER3
#1887,Better Performance,BER3
#1886,Better Performance,BER3
#1885,Better Performance,BER3
#1884,Better Performance,BER3
#1883,Better Performance,BER3
#1882,Better Performance,BER3
#1881,Better Performance,BER3
#1880,Better Performance,BER3
#1879,Better Performance,BER3
#1878,Better Performance,BER3
#1877,Better Performance,BER3
#1876,Better Performance,BER3
#1875,Better Performance,BER3
#1874,Better Performance,BER3
#1873,Better Performance,BER3
#1872,Better Performance,BER3
#1871,Better Performance,BER3
#1870,Better Performance,BER3
#1869,Better Performance,BER3
#1868,Better Performance,BER3
#1867,Better Performance,BER3
#1866,Better Performance,BER3
#1865,Better Performance,BER3
#1864,Better Performance,BER3
#1863,Better Performance,BER3
#1862,Better Performance,BER3
#1861,Better Performance,BER3
#1860,Better Performance,BER3
#1859,Better Performance,BER3
#1858,Better Performance,BER3
#1857,Better Performance,BER3
#1856,Better Performance,BER3
#1855,Better Performance,BER3
#1854,Better Performance,BER3
#1853,Better Performance,BER3
#1852,Better Performance,BER3
#1851,Better Performance,BER3
#1850,Better Performance,BER3
#1849,Better Performance,BER3
#1848,Better Performance,BER3
#1847,Better Performance,BER3
#1846,Better Performance,BER3
#1845,Better Performance,BER3
148929,Beyond Drinks GmbH,BER3
148874,Beyond Drinks GmbH,BER3
148976,Beyond Drinks GmbH,BER3
148879,Beyond Drinks GmbH,BER3
148882,Beyond Drinks GmbH,BER3
148939,Beyond Drinks GmbH,BER3
148948,Beyond Drinks GmbH,BER3
148877,Beyond Drinks GmbH,BER3
148953,Beyond Drinks GmbH,BER3
148934,Beyond Drinks GmbH,BER3
148878,Beyond Drinks GmbH,BER3
148911,Beyond Drinks GmbH,BER3
148949,Beyond Drinks GmbH,BER3
148885,Beyond Drinks GmbH,BER3
148884,Beyond Drinks GmbH,BER3
148914,Beyond Drinks GmbH,BER3
148912,Beyond Drinks GmbH,BER3
148916,Beyond Drinks GmbH,BER3
148917,Beyond Drinks GmbH,BER3
148931,Beyond Drinks GmbH,BER3
148962,Beyond Drinks GmbH,BER3
148961,Beyond Drinks GmbH,BER3
148893,Beyond Drinks GmbH,BER3
148920,Beyond Drinks GmbH,BER3
148873,Beyond Drinks GmbH,BER3
148925,Beyond Drinks GmbH,BER3
148881,Beyond Drinks GmbH,BER3
148972,Beyond Drinks GmbH,BER3
148974,Beyond Drinks GmbH,BER3
148970,Beyond Drinks GmbH,BER3
148930,Beyond Drinks GmbH,BER3
148866,Beyond Drinks GmbH,BER3
148960,Beyond Drinks GmbH,BER3
148980,Beyond Drinks GmbH,BER3
148932,Beyond Drinks GmbH,BER3
148886,Beyond Drinks GmbH,BER3
148928,Beyond Drinks GmbH,BER3
148977,Beyond Drinks GmbH,BER3
148984,Beyond Drinks GmbH,BER3
148935,Beyond Drinks GmbH,BER3
148950,Beyond Drinks GmbH,BER3
148883,Beyond Drinks GmbH,BER3
148940,Beyond Drinks GmbH,BER3
148978,Beyond Drinks GmbH,BER3
148936,Beyond Drinks GmbH,BER3
148887,Beyond Drinks GmbH,BER3
148959,Beyond Drinks GmbH,BER3
148892,Beyond Drinks GmbH,BER3
148921,Beyond Drinks GmbH,BER3
148909,Beyond Drinks GmbH,BER3
32132,Biostarks,BER3
32131,Biostarks,BER3
32130,Biostarks,BER3
32129,Biostarks,BER3
32128,Biostarks,BER3
32127,Biostarks,BER3
32126,Biostarks,BER3
32125,Biostarks,BER3
32124,Biostarks,BER3
32123,Biostarks,BER3
32122,Biostarks,BER3
32121,Biostarks,BER3
32120,Biostarks,BER3
32119,Biostarks,BER3
32118,Biostarks,BER3
32117,Biostarks,BER3
32116,Biostarks,BER3
32115,Biostarks,BER3
32114,Biostarks,BER3
32113,Biostarks,BER3
32112,Biostarks,BER3
32111,Biostarks,BER3
32110,Biostarks,BER3
32109,Biostarks,BER3
32108,Biostarks,BER3
32107,Biostarks,BER3
32106,Biostarks,BER3
32105,Biostarks,BER3
32104,Biostarks,BER3
32103,Biostarks,BER3
32102,Biostarks,BER3
32101,Biostarks,BER3
32100,Biostarks,BER3
32099,Biostarks,BER3
32098,Biostarks,BER3
32097,Biostarks,BER3
32096,Biostarks,BER3
32095,Biostarks,BER3
32094,Biostarks,BER3
32093,Biostarks,BER3
32092,Biostarks,BER3
32091,Biostarks,BER3
32090,Biostarks,BER3
32089,Biostarks,BER3
32088,Biostarks,BER3
32087,Biostarks,BER3
32086,Biostarks,BER3
32085,Biostarks,BER3
32084,Biostarks,BER3
32083,Biostarks,BER3
BT117845,Biotulin,BER3
BT117843,Biotulin,BER3
BT117842,Biotulin,BER3
BT117841,Biotulin,BER3
BT117840,Biotulin,BER3
BT117838,Biotulin,BER3
BT117837,Biotulin,BER3
BT117836,Biotulin,BER3
BT117834,Biotulin,BER3
BT117833,Biotulin,BER3
305-2550063-2622745,Biotulin,BER3
BT117832,Biotulin,BER3
BT117831,Biotulin,BER3
028-5311259-4230712,Biotulin,BER3
303-5066499-9997130,Biotulin,BER3
BT117828,Biotulin,BER3
BT117827,Biotulin,BER3
306-0731876-2409933,Biotulin,BER3
BT117823,Biotulin,BER3
304-8231872-2169162,Biotulin,BER3
303-2405534-2641122,Biotulin,BER3
302-2684398-3375524,Biotulin,BER3
305-8880329-2514745,Biotulin,BER3
BT117818,Biotulin,BER3
BT117817,Biotulin,BER3
BT117816,Biotulin,BER3
BT117814,Biotulin,BER3
BT117813,Biotulin,BER3
306-0096994-6482725,Biotulin,BER3
BT117811,Biotulin,BER3
BT117810,Biotulin,BER3
BT117807,Biotulin,BER3
BT117806,Biotulin,BER3
BT117805,Biotulin,BER3
BT117803,Biotulin,BER3
BT117802,Biotulin,BER3
BT117801,Biotulin,BER3
BT117798,Biotulin,BER3
BT117797,Biotulin,BER3
028-3516689-3023549,Biotulin,BER3
305-3915879-8845900,Biotulin,BER3
BT117796,Biotulin,BER3
BT117794,Biotulin,BER3
BT117793,Biotulin,BER3
BT117792,Biotulin,BER3
BT117791,Biotulin,BER3
305-2337482-8840355,Biotulin,BER3
BT117790,Biotulin,BER3
BT117787,Biotulin,BER3
304-8499594-2632336,Biotulin,BER3
#16382,Bluedenta,BER3
306-1216603-7909105,Bluedenta,BER3
306-9275815-1857110,Bluedenta,BER3
302-8334658-8322766,Bluedenta,BER3
028-5950299-8975566,Bluedenta,BER3
#16381,Bluedenta,BER3
#16380,Bluedenta,BER3
302-3816527-7292348,Bluedenta,BER3
305-5032833-0839559,Bluedenta,BER3
302-5423030-9205105,Bluedenta,BER3
302-3550992-5475519,Bluedenta,BER3
#16379,Bluedenta,BER3
#16378,Bluedenta,BER3
#16377,Bluedenta,BER3
303-9029925-3723544,Bluedenta,BER3
306-9699156-0127514,Bluedenta,BER3
304-6437221-8414727,Bluedenta,BER3
#16376,Bluedenta,BER3
305-6524082-2057128,Bluedenta,BER3
306-5292050-2485925,Bluedenta,BER3
#16375,Bluedenta,BER3
303-3563984-5685918,Bluedenta,BER3
305-2980244-0903569,Bluedenta,BER3
#16374,Bluedenta,BER3
#16373,Bluedenta,BER3
#16372,Bluedenta,BER3
#16371,Bluedenta,BER3
#16370,Bluedenta,BER3
306-1229282-7667516,Bluedenta,BER3
#16369,Bluedenta,BER3
#16368,Bluedenta,BER3
306-7466613-1979548,Bluedenta,BER3
302-5489482-0164312,Bluedenta,BER3
306-7274336-1720361,Bluedenta,BER3
#16367,Bluedenta,BER3
305-2854274-3276315,Bluedenta,BER3
303-9486268-7065137,Bluedenta,BER3
305-7001592-5890762,Bluedenta,BER3
#16366,Bluedenta,BER3
028-0999138-5086732,Bluedenta,BER3
302-4067834-8939565,Bluedenta,BER3
#16365,Bluedenta,BER3
#16364,Bluedenta,BER3
304-7046811-2249125,Bluedenta,BER3
028-3807284-2008322,Bluedenta,BER3
028-6242305-2824303,Bluedenta,BER3
#16363,Bluedenta,BER3
#16362,Bluedenta,BER3
028-7136323-5781104,Bluedenta,BER3
306-9767369-7566741,Bluedenta,BER3
#BD10623,Boodies GmbH,BER3
#BD10622,Boodies GmbH,BER3
#BD10621,Boodies GmbH,BER3
B2C009677,Boodies GmbH,BER3
#BD10620,Boodies GmbH,BER3
#BD10619,Boodies GmbH,BER3
#BD10618,Boodies GmbH,BER3
#BD10617,Boodies GmbH,BER3
#BD10616,Boodies GmbH,BER3
#BD10615,Boodies GmbH,BER3
#BD10614,Boodies GmbH,BER3
B2C009669,Boodies GmbH,BER3
B2C009668,Boodies GmbH,BER3
#BD10613,Boodies GmbH,BER3
#BD10612,Boodies GmbH,BER3
#BD10611,Boodies GmbH,BER3
#BD10610,Boodies GmbH,BER3
#BD10609,Boodies GmbH,BER3
#BD10608,Boodies GmbH,BER3
#BD10607,Boodies GmbH,BER3
#BD10606,Boodies GmbH,BER3
#BD10605,Boodies GmbH,BER3
#BD10604,Boodies GmbH,BER3
#BD10603,Boodies GmbH,BER3
#BD10602,Boodies GmbH,BER3
#BD10601,Boodies GmbH,BER3
#BD10600,Boodies GmbH,BER3
#BD10599,Boodies GmbH,BER3
#BD10598,Boodies GmbH,BER3
#BD10597,Boodies GmbH,BER3
#BD10596,Boodies GmbH,BER3
#BD10595,Boodies GmbH,BER3
#BD10594,Boodies GmbH,BER3
#BD10593,Boodies GmbH,BER3
B2C009646,Boodies GmbH,BER3
#BD10592,Boodies GmbH,BER3
#BD10591,Boodies GmbH,BER3
#BD10590,Boodies GmbH,BER3
#BD10589,Boodies GmbH,BER3
#BD10588,Boodies GmbH,BER3
#BD10587,Boodies GmbH,BER3
#BD10586,Boodies GmbH,BER3
#BD10585,Boodies GmbH,BER3
#BD10584,Boodies GmbH,BER3
#BD10583,Boodies GmbH,BER3
#BD10582,Boodies GmbH,BER3
#BD10581,Boodies GmbH,BER3
#BD10580,Boodies GmbH,BER3
#BD10579,Boodies GmbH,BER3
#BD10578,Boodies GmbH,BER3
#BTZ49557,Buttz,BER3
#BTZ49556,Buttz,BER3
#BTZ49555,Buttz,BER3
#BTZ49554,Buttz,BER3
#BTZ49553,Buttz,BER3
#BTZ49552,Buttz,BER3
#BTZ49551,Buttz,BER3
#BTZ49550,Buttz,BER3
#BTZ49549,Buttz,BER3
#BTZ49548,Buttz,BER3
#BTZ49547,Buttz,BER3
#BTZ49546,Buttz,BER3
#BTZ49545,Buttz,BER3
#BTZ49544,Buttz,BER3
#BTZ49543,Buttz,BER3
#BTZ49542,Buttz,BER3
#BTZ49541,Buttz,BER3
#BTZ49540,Buttz,BER3
#BTZ49539,Buttz,BER3
#BTZ49538,Buttz,BER3
#BTZ49537,Buttz,BER3
#BTZ49536,Buttz,BER3
#BTZ49535,Buttz,BER3
#BTZ49534,Buttz,BER3
#BTZ49533,Buttz,BER3
#BTZ49532,Buttz,BER3
#BTZ49531,Buttz,BER3
#BTZ49530,Buttz,BER3
#BTZ49529,Buttz,BER3
#BTZ49528,Buttz,BER3
#BTZ49527,Buttz,BER3
B2C000241,Buttz,BER3
#BTZ49526,Buttz,BER3
#BTZ49525,Buttz,BER3
#BTZ49524,Buttz,BER3
#BTZ49523,Buttz,BER3
#BTZ49522,Buttz,BER3
#BTZ49521,Buttz,BER3
#BTZ49520,Buttz,BER3
#BTZ49519,Buttz,BER3
#BTZ49518,Buttz,BER3
#BTZ49517,Buttz,BER3
#BTZ49516,Buttz,BER3
#BTZ49515,Buttz,BER3
#BTZ49514,Buttz,BER3
#BTZ49513,Buttz,BER3
#BTZ49512,Buttz,BER3
#BTZ49511,Buttz,BER3
#BTZ49510,Buttz,BER3
#BTZ49509,Buttz,BER3
#3729,CASALEO,BER3
#3728,CASALEO,BER3
#3727,CASALEO,BER3
#3726,CASALEO,BER3
#3725,CASALEO,BER3
#3724,CASALEO,BER3
#3723,CASALEO,BER3
#3722,CASALEO,BER3
#3721,CASALEO,BER3
#3720,CASALEO,BER3
#3719,CASALEO,BER3
#3718,CASALEO,BER3
#3717,CASALEO,BER3
#3716,CASALEO,BER3
#3715,CASALEO,BER3
#3714,CASALEO,BER3
#3713,CASALEO,BER3
#3712,CASALEO,BER3
#3711,CASALEO,BER3
#3710,CASALEO,BER3
#3709,CASALEO,BER3
#3708,CASALEO,BER3
#3707,CASALEO,BER3
#3706,CASALEO,BER3
#3705,CASALEO,BER3
#3704,CASALEO,BER3
#3703,CASALEO,BER3
#3702,CASALEO,BER3
#3701,CASALEO,BER3
#3700,CASALEO,BER3
#3699,CASALEO,BER3
#3698,CASALEO,BER3
#3697,CASALEO,BER3
#3696,CASALEO,BER3
#3695,CASALEO,BER3
#3694,CASALEO,BER3
#3693,CASALEO,BER3
#3692,CASALEO,BER3
#3691,CASALEO,BER3
#3690,CASALEO,BER3
#3689,CASALEO,BER3
#3688,CASALEO,BER3
#3687,CASALEO,BER3
#3686,CASALEO,BER3
#3685,CASALEO,BER3
#3684,CASALEO,BER3
#3683,CASALEO,BER3
#3682,CASALEO,BER3
#3681,CASALEO,BER3
#3680,CASALEO,BER3
AB-2026-44307,CYCLITE,BER3
AB-2026-44283,CYCLITE,BER3
AB-2026-44284,CYCLITE,BER3
AB-2026-44290,CYCLITE,BER3
AB-2026-44294,CYCLITE,BER3
AB-2026-44289,CYCLITE,BER3
AB-2026-44286,CYCLITE,BER3
AB-2026-44255,CYCLITE,BER3
AB-2026-44296,CYCLITE,BER3
AB-2026-44295,CYCLITE,BER3
AB-2026-44282,CYCLITE,BER3
AB-2026-44253,CYCLITE,BER3
AB-2026-44270,CYCLITE,BER3
AB-2026-44287,CYCLITE,BER3
AB-2026-44252,CYCLITE,BER3
AB-2026-44292,CYCLITE,BER3
AB-2026-44251,CYCLITE,BER3
AB-2026-44258,CYCLITE,BER3
AB-2026-44266,CYCLITE,BER3
AB-2026-43252,CYCLITE,BER3
AB-2026-43925,CYCLITE,BER3
AB-2026-44168,CYCLITE,BER3
AB-2026-44273,CYCLITE,BER3
AB-2026-44300,CYCLITE,BER3
AB-2026-44277,CYCLITE,BER3
AB-2026-43771,CYCLITE,BER3
AB-2026-44256,CYCLITE,BER3
AB-2026-44257,CYCLITE,BER3
AB-2026-44303,CYCLITE,BER3
AB-2025-31695-9,CYCLITE,BER3
AB-2026-44271,CYCLITE,BER3
AB-2026-42357,CYCLITE,BER3
AB-2026-44214,CYCLITE,BER3
AB-2026-44264,CYCLITE,BER3
AB-2026-44261,CYCLITE,BER3
AB-2026-43783,CYCLITE,BER3
AB-2026-44274,CYCLITE,BER3
AB-2026-43565,CYCLITE,BER3
AB-2026-44080,CYCLITE,BER3
AB-2026-44278,CYCLITE,BER3
AB-2025-31695-11,CYCLITE,BER3
AB-2026-44250,CYCLITE,BER3
AB-2026-44275,CYCLITE,BER3
AB-2026-44101,CYCLITE,BER3
AB-2026-44297,CYCLITE,BER3
AB-2026-42388,CYCLITE,BER3
AB-2026-44293,CYCLITE,BER3
AB-2026-43686,CYCLITE,BER3
AB-2026-43092,CYCLITE,BER3
AB-2026-44262,CYCLITE,BER3
SHPFY#18346,CZTL,BER3
SHPFY#18345,CZTL,BER3
SHPFY#18344,CZTL,BER3
SHPFY#18343,CZTL,BER3
SHPFY#18342,CZTL,BER3
SHPFY#18341,CZTL,BER3
SHPFY#18340,CZTL,BER3
SHPFY#18339,CZTL,BER3
SHPFY#18338,CZTL,BER3
SHPFY#18337,CZTL,BER3
SHPFY#18336,CZTL,BER3
SHPFY#18335,CZTL,BER3
SHPFY#18334,CZTL,BER3
206-9411945-4922706,CZTL,BER3
SHPFY#18333,CZTL,BER3
SHPFY#18332,CZTL,BER3
SHPFY#18331,CZTL,BER3
SHPFY#18330,CZTL,BER3
SHPFY#18329,CZTL,BER3
407-6488090-2905147,CZTL,BER3
406-5847960-2601951,CZTL,BER3
SHPFY#18328,CZTL,BER3
SHPFY#18327,CZTL,BER3
SHPFY#18326,CZTL,BER3
SHPFY#18325,CZTL,BER3
SHPFY#18324,CZTL,BER3
SHPFY#18323,CZTL,BER3
408-0153234-2168357,CZTL,BER3
SHPFY#18322,CZTL,BER3
SHPFY#18321,CZTL,BER3
SHPFY#18320,CZTL,BER3
SHPFY#18319,CZTL,BER3
SHPFY#18317,CZTL,BER3
SHPFY#18316,CZTL,BER3
SHPFY#18315,CZTL,BER3
SHPFY#18314,CZTL,BER3
SHPFY#18313,CZTL,BER3
SHPFY#18312,CZTL,BER3
SHPFY#18311,CZTL,BER3
SHPFY#18310,CZTL,BER3
SHPFY#18309,CZTL,BER3
SHPFY#18308,CZTL,BER3
SHPFY#18307,CZTL,BER3
SHPFY#18306,CZTL,BER3
SHPFY#18304,CZTL,BER3
SHPFY#18303,CZTL,BER3
SHPFY#18302,CZTL,BER3
SHPFY#18301,CZTL,BER3
SHPFY#18300,CZTL,BER3
SHPFY#18299,CZTL,BER3
#1062554,Calisi Beauty,BER3
#1062553,Calisi Beauty,BER3
#9946,Calisi Beauty,BER3
#1062552,Calisi Beauty,BER3
#1062551,Calisi Beauty,BER3
#1062550,Calisi Beauty,BER3
#1062549,Calisi Beauty,BER3
#1062548,Calisi Beauty,BER3
#1062547,Calisi Beauty,BER3
#1062546,Calisi Beauty,BER3
#1062545,Calisi Beauty,BER3
#1062544,Calisi Beauty,BER3
#1062543,Calisi Beauty,BER3
#1062542,Calisi Beauty,BER3
#1062541,Calisi Beauty,BER3
#1062540,Calisi Beauty,BER3
#1062539,Calisi Beauty,BER3
#1062538,Calisi Beauty,BER3
#1062537,Calisi Beauty,BER3
#1062536,Calisi Beauty,BER3
#1062535,Calisi Beauty,BER3
#1062534,Calisi Beauty,BER3
#1062533,Calisi Beauty,BER3
#1062532,Calisi Beauty,BER3
#1062531,Calisi Beauty,BER3
#1062530,Calisi Beauty,BER3
#1062529,Calisi Beauty,BER3
#1062528,Calisi Beauty,BER3
#1062527,Calisi Beauty,BER3
#1062526,Calisi Beauty,BER3
#1062525,Calisi Beauty,BER3
#1062524,Calisi Beauty,BER3
#1062523,Calisi Beauty,BER3
#1062522,Calisi Beauty,BER3
#1062521,Calisi Beauty,BER3
#1062520,Calisi Beauty,BER3
#1062519,Calisi Beauty,BER3
#1062518,Calisi Beauty,BER3
#1062517,Calisi Beauty,BER3
#1062516,Calisi Beauty,BER3
#1062515,Calisi Beauty,BER3
#1062514,Calisi Beauty,BER3
#1062513,Calisi Beauty,BER3
#1062512,Calisi Beauty,BER3
#1062511,Calisi Beauty,BER3
#1062510,Calisi Beauty,BER3
#1062509,Calisi Beauty,BER3
#1062508,Calisi Beauty,BER3
#1062507,Calisi Beauty,BER3
#1062506,Calisi Beauty,BER3
B2C000003,Caye,BER3
#1006,Cercade,BER3
#1005,Cercade,BER3
#1004,Cercade,BER3
#1003,Cercade,BER3
#1002,Cercade,BER3
#1001,Cercade,BER3
#2794,Charles,BER3
#2793,Charles,BER3
#2792,Charles,BER3
CC5956,Coaching Cards,BER3
CC5955,Coaching Cards,BER3
CC5954,Coaching Cards,BER3
CC5953,Coaching Cards,BER3
CC5952,Coaching Cards,BER3
CC5951,Coaching Cards,BER3
CC5950,Coaching Cards,BER3
CC5949,Coaching Cards,BER3
CC5948,Coaching Cards,BER3
CC5947,Coaching Cards,BER3
CC5946,Coaching Cards,BER3
CC5945,Coaching Cards,BER3
CC5944,Coaching Cards,BER3
CC5943,Coaching Cards,BER3
CC5942,Coaching Cards,BER3
CC5941,Coaching Cards,BER3
CC5940,Coaching Cards,BER3
CC5939,Coaching Cards,BER3
CC5938,Coaching Cards,BER3
CC5937,Coaching Cards,BER3
CC5936,Coaching Cards,BER3
CC5935,Coaching Cards,BER3
CC5934,Coaching Cards,BER3
CC5933,Coaching Cards,BER3
CC5932,Coaching Cards,BER3
CC5931,Coaching Cards,BER3
CC5930,Coaching Cards,BER3
CC5929,Coaching Cards,BER3
CC5928,Coaching Cards,BER3
CC5927,Coaching Cards,BER3
CC5926,Coaching Cards,BER3
CC5925,Coaching Cards,BER3
CC5924,Coaching Cards,BER3
CC5923,Coaching Cards,BER3
CC5922,Coaching Cards,BER3
CC5921,Coaching Cards,BER3
CC5920,Coaching Cards,BER3
CC5919,Coaching Cards,BER3
CC5918,Coaching Cards,BER3
CC5917,Coaching Cards,BER3
CC5916,Coaching Cards,BER3
CC5915,Coaching Cards,BER3
CC5914,Coaching Cards,BER3
CC5913,Coaching Cards,BER3
CC5912,Coaching Cards,BER3
CC5911,Coaching Cards,BER3
CC5910,Coaching Cards,BER3
CC5909,Coaching Cards,BER3
CC5908,Coaching Cards,BER3
CC5907,Coaching Cards,BER3
5527830597,Comfort Click,BER3
5527276209,Comfort Click,BER3
#1486,Court 7 GmbH,BER3
#1485,Court 7 GmbH,BER3
#1484,Court 7 GmbH,BER3
#1483,Court 7 GmbH,BER3
#1482,Court 7 GmbH,BER3
#1481,Court 7 GmbH,BER3
#1480,Court 7 GmbH,BER3
#1479,Court 7 GmbH,BER3
#1478,Court 7 GmbH,BER3
#1477,Court 7 GmbH,BER3
#1476,Court 7 GmbH,BER3
#1475,Court 7 GmbH,BER3
#1474,Court 7 GmbH,BER3
#1473,Court 7 GmbH,BER3
#1472,Court 7 GmbH,BER3
#1471,Court 7 GmbH,BER3
#1470,Court 7 GmbH,BER3
B2C000003,Court 7 GmbH,BER3
#1469,Court 7 GmbH,BER3
#1468,Court 7 GmbH,BER3
#1467,Court 7 GmbH,BER3
#1466,Court 7 GmbH,BER3
#1465,Court 7 GmbH,BER3
#1464,Court 7 GmbH,BER3
#1463,Court 7 GmbH,BER3
#1462,Court 7 GmbH,BER3
#1461,Court 7 GmbH,BER3
#1460,Court 7 GmbH,BER3
#1459,Court 7 GmbH,BER3
#1458,Court 7 GmbH,BER3
#1457,Court 7 GmbH,BER3
#1456,Court 7 GmbH,BER3
#1455,Court 7 GmbH,BER3
#1454,Court 7 GmbH,BER3
#1453,Court 7 GmbH,BER3
#1452,Court 7 GmbH,BER3
#1451,Court 7 GmbH,BER3
#1450,Court 7 GmbH,BER3
#1449,Court 7 GmbH,BER3
#1448,Court 7 GmbH,BER3
#1447,Court 7 GmbH,BER3
#1446,Court 7 GmbH,BER3
#1445,Court 7 GmbH,BER3
#1444,Court 7 GmbH,BER3
#1443,Court 7 GmbH,BER3
#1442,Court 7 GmbH,BER3
#1441,Court 7 GmbH,BER3
#1440,Court 7 GmbH,BER3
#1439,Court 7 GmbH,BER3
#1438,Court 7 GmbH,BER3
#YQ24882,Crack List,BER3
#YQ24873,Crack List,BER3
#YQ24869,Crack List,BER3
#YQ24867,Crack List,BER3
#YQ24866,Crack List,BER3
#YQ24865,Crack List,BER3
#YQ24864,Crack List,BER3
#YQ24863,Crack List,BER3
#YQ24861,Crack List,BER3
DE_TT10_JANINE,Crack List,BER3
#YQ24860,Crack List,BER3
#YQ24858,Crack List,BER3
#YQ24857,Crack List,BER3
#YQ24856,Crack List,BER3
#YQ24851,Crack List,BER3
#YQ24847,Crack List,BER3
#YQ24845,Crack List,BER3
#YQ24842,Crack List,BER3
#YQ24841,Crack List,BER3
#YQ24840,Crack List,BER3
boardgameentdecker-gift,Crack List,BER3
UGC-JULIA-TT10-DE,Crack List,BER3
#YQ24837,Crack List,BER3
#YQ24834,Crack List,BER3
#YQ24833,Crack List,BER3
#YQ24832,Crack List,BER3
#YQ24831,Crack List,BER3
#YQ24828,Crack List,BER3
#YQ24824,Crack List,BER3
DE_CL_DENISE,Crack List,BER3
#YQ24822,Crack List,BER3
#YQ24821,Crack List,BER3
#YQ24818,Crack List,BER3
#YQ24815,Crack List,BER3
DE_TT10_SABRINA,Crack List,BER3
CL_DE_EUGENIA,Crack List,BER3
#YQ24809,Crack List,BER3
DE_TT10_HEIKE,Crack List,BER3
#YQ24808,Crack List,BER3
#YQ24806,Crack List,BER3
#YQ24798,Crack List,BER3
INFLU_DE_CL_LEBENMITMIKA,Crack List,BER3
INFLU_DE_CL_OMAPETRA,Crack List,BER3
#YQ24793,Crack List,BER3
DE_GIFT_FELIX_TT10,Crack List,BER3
#YQ24792,Crack List,BER3
#YQ24788,Crack List,BER3
#YQ24787,Crack List,BER3
#YQ24785,Crack List,BER3
#YQ24778,Crack List,BER3
#164598,Creator Journal,BER3
#164597,Creator Journal,BER3
#164596,Creator Journal,BER3
B2C064743,Creator Journal,BER3
#164595,Creator Journal,BER3
#164594,Creator Journal,BER3
#164593,Creator Journal,BER3
#164592,Creator Journal,BER3
#164591,Creator Journal,BER3
#164590,Creator Journal,BER3
#164589,Creator Journal,BER3
#164588,Creator Journal,BER3
#164587,Creator Journal,BER3
#164586,Creator Journal,BER3
#164585,Creator Journal,BER3
#164584,Creator Journal,BER3
#164583,Creator Journal,BER3
#164582,Creator Journal,BER3
#164581,Creator Journal,BER3
#164580,Creator Journal,BER3
#164579,Creator Journal,BER3
#164578,Creator Journal,BER3
#164577,Creator Journal,BER3
#164576,Creator Journal,BER3
#164575,Creator Journal,BER3
#164574,Creator Journal,BER3
#164573,Creator Journal,BER3
#164572,Creator Journal,BER3
#164571,Creator Journal,BER3
#164570,Creator Journal,BER3
#164569,Creator Journal,BER3
#164568,Creator Journal,BER3
#164567,Creator Journal,BER3
#164566,Creator Journal,BER3
#164565,Creator Journal,BER3
#164564,Creator Journal,BER3
#164563,Creator Journal,BER3
#164562,Creator Journal,BER3
#164561,Creator Journal,BER3
#164560,Creator Journal,BER3
#164559,Creator Journal,BER3
#164558,Creator Journal,BER3
#164557,Creator Journal,BER3
#164556,Creator Journal,BER3
#164555,Creator Journal,BER3
#164554,Creator Journal,BER3
#164553,Creator Journal,BER3
#164552,Creator Journal,BER3
#164551,Creator Journal,BER3
#164550,Creator Journal,BER3
CT75616,CureTape,BER3
B2C000517,CureTape,BER3
CT75613,CureTape,BER3
CT75606,CureTape,BER3
CT75604,CureTape,BER3
CT75603,CureTape,BER3
CT75599,CureTape,BER3
CT75597,CureTape,BER3
CT75596,CureTape,BER3
CT75595,CureTape,BER3
CT75585,CureTape,BER3
CT75583,CureTape,BER3
CT75579,CureTape,BER3
CT75574,CureTape,BER3
CT75573,CureTape,BER3
CT75570,CureTape,BER3
CT75567,CureTape,BER3
CT75566,CureTape,BER3
CT75561,CureTape,BER3
CT75560,CureTape,BER3
CT75555,CureTape,BER3
CT75551,CureTape,BER3
CT75550,CureTape,BER3
CT75547,CureTape,BER3
CT75539,CureTape,BER3
5607,CureTape,BER3
CT75538,CureTape,BER3
CT75537,CureTape,BER3
CT75535,CureTape,BER3
CT75531,CureTape,BER3
CT75530,CureTape,BER3
CT75529,CureTape,BER3
CT75526,CureTape,BER3
CT75525,CureTape,BER3
CT75385-resend,CureTape,BER3
CT75518,CureTape,BER3
CT75517,CureTape,BER3
CT75516,CureTape,BER3
CT75513,CureTape,BER3
CT75512,CureTape,BER3
CT75509,CureTape,BER3
CT75507,CureTape,BER3
CT75504,CureTape,BER3
CT75302-resend,CureTape,BER3
CT75498,CureTape,BER3
CT75497,CureTape,BER3
CT75496,CureTape,BER3
CT75495,CureTape,BER3
CT75494,CureTape,BER3
CT75491,CureTape,BER3
S#17011,DIE RINGE,BER3
S#17010,DIE RINGE,BER3
S#17009,DIE RINGE,BER3
S#17008,DIE RINGE,BER3
S#17007,DIE RINGE,BER3
S#17006,DIE RINGE,BER3
S#17005,DIE RINGE,BER3
S#17004,DIE RINGE,BER3
S#17003,DIE RINGE,BER3
S#17002,DIE RINGE,BER3
S#17001,DIE RINGE,BER3
S#17000,DIE RINGE,BER3
S#16999,DIE RINGE,BER3
S#16998,DIE RINGE,BER3
S#16997,DIE RINGE,BER3
S#16996,DIE RINGE,BER3
S#16995,DIE RINGE,BER3
S#16994,DIE RINGE,BER3
S#16993,DIE RINGE,BER3
S#16992,DIE RINGE,BER3
S#16991,DIE RINGE,BER3
S#16990,DIE RINGE,BER3
S#16989,DIE RINGE,BER3
S#16988,DIE RINGE,BER3
S#16987,DIE RINGE,BER3
S#16986,DIE RINGE,BER3
S#16985,DIE RINGE,BER3
S#16984,DIE RINGE,BER3
S#16983,DIE RINGE,BER3
S#16982,DIE RINGE,BER3
S#16981,DIE RINGE,BER3
S#16980,DIE RINGE,BER3
S#16979,DIE RINGE,BER3
S#16978,DIE RINGE,BER3
S#16977,DIE RINGE,BER3
S#16976,DIE RINGE,BER3
S#16975,DIE RINGE,BER3
S#16974,DIE RINGE,BER3
S#16973,DIE RINGE,BER3
S#16972,DIE RINGE,BER3
S#16971,DIE RINGE,BER3
S#16970,DIE RINGE,BER3
S#16969,DIE RINGE,BER3
S#16968,DIE RINGE,BER3
S#16967,DIE RINGE,BER3
S#16966,DIE RINGE,BER3
S#16965,DIE RINGE,BER3
S#16964,DIE RINGE,BER3
S#16963,DIE RINGE,BER3
S#16962,DIE RINGE,BER3
#D251311,DUEROS,BER3
#D251211,DUEROS,BER3
#D251111,DUEROS,BER3
#D251011,DUEROS,BER3
#D250911,DUEROS,BER3
#D250811,DUEROS,BER3
#D250711,DUEROS,BER3
#D250611,DUEROS,BER3
#D250511,DUEROS,BER3
#D250411,DUEROS,BER3
#D250311,DUEROS,BER3
#D250211,DUEROS,BER3
#D250111,DUEROS,BER3
#D250011,DUEROS,BER3
#D249911,DUEROS,BER3
#D249811,DUEROS,BER3
#D249711,DUEROS,BER3
#D249611,DUEROS,BER3
#D249511,DUEROS,BER3
#D249411,DUEROS,BER3
#D249311,DUEROS,BER3
#D249211,DUEROS,BER3
#D249111,DUEROS,BER3
#D249011,DUEROS,BER3
#D248911,DUEROS,BER3
#D248811,DUEROS,BER3
#D248711,DUEROS,BER3
#D248611,DUEROS,BER3
#D248511,DUEROS,BER3
#D248411,DUEROS,BER3
#D248311,DUEROS,BER3
#D248211,DUEROS,BER3
#D248111,DUEROS,BER3
#D248011,DUEROS,BER3
#D247911,DUEROS,BER3
#D247811,DUEROS,BER3
#D247711,DUEROS,BER3
#D247611,DUEROS,BER3
#D247511,DUEROS,BER3
#D247411,DUEROS,BER3
#D247311,DUEROS,BER3
#D247211,DUEROS,BER3
#D247111,DUEROS,BER3
#D247011,DUEROS,BER3
#D246911,DUEROS,BER3
#D246811,DUEROS,BER3
#D246711,DUEROS,BER3
#D246611,DUEROS,BER3
#D246511,DUEROS,BER3
#D246411,DUEROS,BER3
#1021,Daily Exclusiv Cosmetics GmbH,BER3
#DAYONE-96420,DayOne,BER3
#DAYONE-96419,DayOne,BER3
#DAYONE-96418,DayOne,BER3
B2C000547,DayOne,BER3
#DAYONE-96417,DayOne,BER3
#DAYONE-96416,DayOne,BER3
#DAYONE-96415,DayOne,BER3
#DAYONE-96414,DayOne,BER3
B2C097104,DayOne,BER3
#DAYONE-96413,DayOne,BER3
#DAYONE-96412,DayOne,BER3
#DAYONE-96411,DayOne,BER3
#DAYONE-96410,DayOne,BER3
#DAYONE-96409,DayOne,BER3
#DAYONE-96408,DayOne,BER3
#DAYONE-96407,DayOne,BER3
#DAYONE-96406,DayOne,BER3
#DAYONE-96405,DayOne,BER3
#DAYONE-96404,DayOne,BER3
#DAYONE-96403,DayOne,BER3
#DAYONE-96402,DayOne,BER3
#DAYONE-96401,DayOne,BER3
#DAYONE-96400,DayOne,BER3
#DAYONE-96399,DayOne,BER3
#DAYONE-96398,DayOne,BER3
#DAYONE-96397,DayOne,BER3
#DAYONE-96396,DayOne,BER3
#DAYONE-96395,DayOne,BER3
#DAYONE-96394,DayOne,BER3
#DAYONE-96393,DayOne,BER3
#DAYONE-96392,DayOne,BER3
#DAYONE-96391,DayOne,BER3
#DAYONE-96390,DayOne,BER3
#DAYONE-96389,DayOne,BER3
#DAYONE-96388,DayOne,BER3
#DAYONE-96387,DayOne,BER3
#DAYONE-96386,DayOne,BER3
#DAYONE-96385,DayOne,BER3
#DAYONE-96384,DayOne,BER3
#DAYONE-96383,DayOne,BER3
#DAYONE-96382,DayOne,BER3
#DAYONE-96381,DayOne,BER3
#DAYONE-96380,DayOne,BER3
#DAYONE-96379,DayOne,BER3
#DAYONE-96378,DayOne,BER3
#DAYONE-96377,DayOne,BER3
#DAYONE-96376,DayOne,BER3
#DAYONE-96375,DayOne,BER3
#DAYONE-96374,DayOne,BER3
#DAYONE-96373,DayOne,BER3
#1146482,Djuce,BER3
#1146472,Djuce,BER3
#1146462,Djuce,BER3
#1146452,Djuce,BER3
#1146442,Djuce,BER3
#1146432,Djuce,BER3
#1146422,Djuce,BER3
#1146412,Djuce,BER3
#1146402,Djuce,BER3
#1146392,Djuce,BER3
#1146382,Djuce,BER3
#1146372,Djuce,BER3
#1146362,Djuce,BER3
#1146352,Djuce,BER3
#1146342,Djuce,BER3
#1146332,Djuce,BER3
#1146322,Djuce,BER3
#1146312,Djuce,BER3
#1146302,Djuce,BER3
#1146292,Djuce,BER3
#1146282,Djuce,BER3
#1146272,Djuce,BER3
#1146262,Djuce,BER3
#1146252,Djuce,BER3
#1146242,Djuce,BER3
#1146232,Djuce,BER3
#1146222,Djuce,BER3
#1146212,Djuce,BER3
#1146202,Djuce,BER3
#1146192,Djuce,BER3
#1146182,Djuce,BER3
#1146172,Djuce,BER3
#1146162,Djuce,BER3
#1146152,Djuce,BER3
#1146142,Djuce,BER3
#1146132,Djuce,BER3
#1146122,Djuce,BER3
#1146112,Djuce,BER3
#1146102,Djuce,BER3
#1146092,Djuce,BER3
#1146082,Djuce,BER3
#1146072,Djuce,BER3
#1146062,Djuce,BER3
#1146052,Djuce,BER3
#1146042,Djuce,BER3
#1146032,Djuce,BER3
#1146022,Djuce,BER3
#1146012,Djuce,BER3
#1146002,Djuce,BER3
#1145992,Djuce,BER3
#1228,DockATot,BER3
#1227,DockATot,BER3
#1226,DockATot,BER3
#1225,DockATot,BER3
#1224,DockATot,BER3
#1223,DockATot,BER3
#1222,DockATot,BER3
#1221,DockATot,BER3
#1220,DockATot,BER3
#1219,DockATot,BER3
#1218,DockATot,BER3
#1217,DockATot,BER3
#1216,DockATot,BER3
#1215,DockATot,BER3
#1214,DockATot,BER3
#1213,DockATot,BER3
#1212,DockATot,BER3
#1211,DockATot,BER3
#1210,DockATot,BER3
#1209,DockATot,BER3
#1208,DockATot,BER3
#1207,DockATot,BER3
#1206,DockATot,BER3
#1205,DockATot,BER3
#1204,DockATot,BER3
#1203,DockATot,BER3
#1202,DockATot,BER3
#1201,DockATot,BER3
#1200,DockATot,BER3
#1199,DockATot,BER3
#1198,DockATot,BER3
#1197,DockATot,BER3
#1196,DockATot,BER3
#1195,DockATot,BER3
#1194,DockATot,BER3
#1193,DockATot,BER3
#1192,DockATot,BER3
#1191,DockATot,BER3
#1190,DockATot,BER3
#1189,DockATot,BER3
#1188,DockATot,BER3
#1187,DockATot,BER3
#1186,DockATot,BER3
#1185,DockATot,BER3
#1184,DockATot,BER3
#1183,DockATot,BER3
#1182,DockATot,BER3
#1181,DockATot,BER3
#1180,DockATot,BER3
#1179,DockATot,BER3
#214263034,Dr. Emi,BER3
#214263033,Dr. Emi,BER3
#214263032,Dr. Emi,BER3
#214263031,Dr. Emi,BER3
#214263030,Dr. Emi,BER3
#214263029,Dr. Emi,BER3
#214263028,Dr. Emi,BER3
#214263027,Dr. Emi,BER3
#214263026,Dr. Emi,BER3
#214263025,Dr. Emi,BER3
#214263024,Dr. Emi,BER3
#214263023,Dr. Emi,BER3
#214263022,Dr. Emi,BER3
#214263021,Dr. Emi,BER3
#214263020,Dr. Emi,BER3
#214263019,Dr. Emi,BER3
#214263018,Dr. Emi,BER3
#214263017,Dr. Emi,BER3
#214263016,Dr. Emi,BER3
#214263015,Dr. Emi,BER3
#214263014,Dr. Emi,BER3
#214263013,Dr. Emi,BER3
#214263012,Dr. Emi,BER3
#214263011,Dr. Emi,BER3
#214263010,Dr. Emi,BER3
#214263009,Dr. Emi,BER3
#214263008,Dr. Emi,BER3
#214263007,Dr. Emi,BER3
#214263006,Dr. Emi,BER3
#214263005,Dr. Emi,BER3
#214263004,Dr. Emi,BER3
#214263003,Dr. Emi,BER3
#214263002,Dr. Emi,BER3
#214263001,Dr. Emi,BER3
#214263000,Dr. Emi,BER3
#214262999,Dr. Emi,BER3
#214262998,Dr. Emi,BER3
#214262997,Dr. Emi,BER3
#214262996,Dr. Emi,BER3
#214262995,Dr. Emi,BER3
#214262994,Dr. Emi,BER3
#214262993,Dr. Emi,BER3
#214262992,Dr. Emi,BER3
#214262991,Dr. Emi,BER3
#214262990,Dr. Emi,BER3
#214262989,Dr. Emi,BER3
#214262988,Dr. Emi,BER3
#214262987,Dr. Emi,BER3
#214262986,Dr. Emi,BER3
#214262985,Dr. Emi,BER3
S682440,Dr. Massing,BER3
S682439,Dr. Massing,BER3
S682438,Dr. Massing,BER3
S682437,Dr. Massing,BER3
S682436,Dr. Massing,BER3
S682435,Dr. Massing,BER3
S682434,Dr. Massing,BER3
S682433,Dr. Massing,BER3
S682432,Dr. Massing,BER3
S682431,Dr. Massing,BER3
S682430,Dr. Massing,BER3
S682429,Dr. Massing,BER3
S682428,Dr. Massing,BER3
S682427,Dr. Massing,BER3
S682426,Dr. Massing,BER3
S682425,Dr. Massing,BER3
S682424,Dr. Massing,BER3
S682423,Dr. Massing,BER3
S682422,Dr. Massing,BER3
S682421,Dr. Massing,BER3
S682420,Dr. Massing,BER3
S682419,Dr. Massing,BER3
S682418,Dr. Massing,BER3
S682417,Dr. Massing,BER3
S682416,Dr. Massing,BER3
S682415,Dr. Massing,BER3
S682414,Dr. Massing,BER3
S682413,Dr. Massing,BER3
S682412,Dr. Massing,BER3
S682411,Dr. Massing,BER3
S682410,Dr. Massing,BER3
S682409,Dr. Massing,BER3
S682408,Dr. Massing,BER3
S682407,Dr. Massing,BER3
S682406,Dr. Massing,BER3
S682405,Dr. Massing,BER3
S682404,Dr. Massing,BER3
S682403,Dr. Massing,BER3
S682402,Dr. Massing,BER3
S682401,Dr. Massing,BER3
S682400,Dr. Massing,BER3
S682399,Dr. Massing,BER3
S682398,Dr. Massing,BER3
S682397,Dr. Massing,BER3
S682396,Dr. Massing,BER3
S682395,Dr. Massing,BER3
S682394,Dr. Massing,BER3
S682393,Dr. Massing,BER3
S682392,Dr. Massing,BER3
S682391,Dr. Massing,BER3
#5523,EH,BER3
#5522,EH,BER3
#5521,EH,BER3
#5520,EH,BER3
#5519,EH,BER3
#5518,EH,BER3
#5517,EH,BER3
#5516,EH,BER3
#5515,EH,BER3
#5514,EH,BER3
#5513,EH,BER3
#5512,EH,BER3
#5511,EH,BER3
#5510,EH,BER3
#5509,EH,BER3
#5508,EH,BER3
#5507,EH,BER3
#5506,EH,BER3
Neuversand #4915,EH,BER3
#5505,EH,BER3
Neuversand #3751,EH,BER3
#5504,EH,BER3
#5503,EH,BER3
#5502,EH,BER3
#5501,EH,BER3
#5500,EH,BER3
#5499,EH,BER3
#5498,EH,BER3
#5497,EH,BER3
#5496,EH,BER3
#5495,EH,BER3
#5494,EH,BER3
#5493,EH,BER3
#5492,EH,BER3
#5491,EH,BER3
#5490,EH,BER3
#5489,EH,BER3
#5488,EH,BER3
#5487,EH,BER3
#5486,EH,BER3
#5485,EH,BER3
#5484,EH,BER3
#5483,EH,BER3
#5482,EH,BER3
#5481,EH,BER3
#5480,EH,BER3
#5479,EH,BER3
#5478,EH,BER3
#5477,EH,BER3
#5476,EH,BER3
#51565,Embelly,BER3
#51564,Embelly,BER3
#51563,Embelly,BER3
#51562,Embelly,BER3
#51561,Embelly,BER3
#51560,Embelly,BER3
#51559,Embelly,BER3
#51558,Embelly,BER3
#51557,Embelly,BER3
#51556,Embelly,BER3
#51555,Embelly,BER3
#51554,Embelly,BER3
#51553,Embelly,BER3
#51552,Embelly,BER3
#51551,Embelly,BER3
#51550,Embelly,BER3
#51549,Embelly,BER3
#51548,Embelly,BER3
#51547,Embelly,BER3
#51546,Embelly,BER3
#51545,Embelly,BER3
#51544,Embelly,BER3
#51543,Embelly,BER3
#51542,Embelly,BER3
#51541,Embelly,BER3
#51540,Embelly,BER3
#51539,Embelly,BER3
#51538,Embelly,BER3
#51537,Embelly,BER3
#51536,Embelly,BER3
#51535,Embelly,BER3
#51534,Embelly,BER3
#51533,Embelly,BER3
#51532,Embelly,BER3
#51531,Embelly,BER3
#51530,Embelly,BER3
#51529,Embelly,BER3
#51528,Embelly,BER3
#51527,Embelly,BER3
#51526,Embelly,BER3
#51525,Embelly,BER3
#51524,Embelly,BER3
#51523,Embelly,BER3
#51522,Embelly,BER3
#51521,Embelly,BER3
#51520,Embelly,BER3
#51519,Embelly,BER3
#51518,Embelly,BER3
#51517,Embelly,BER3
#51516,Embelly,BER3
#3439,FC Viktoria Berlin,BER3
#3438,FC Viktoria Berlin,BER3
#3437,FC Viktoria Berlin,BER3
#3436,FC Viktoria Berlin,BER3
#3435,FC Viktoria Berlin,BER3
#3434,FC Viktoria Berlin,BER3
#3433,FC Viktoria Berlin,BER3
#3432,FC Viktoria Berlin,BER3
#3431,FC Viktoria Berlin,BER3
#3430,FC Viktoria Berlin,BER3
#3429,FC Viktoria Berlin,BER3
#3428,FC Viktoria Berlin,BER3
#3427,FC Viktoria Berlin,BER3
B2B000010,FC Viktoria Berlin,BER3
#3426,FC Viktoria Berlin,BER3
#3425,FC Viktoria Berlin,BER3
#3424,FC Viktoria Berlin,BER3
#3423,FC Viktoria Berlin,BER3
#3422,FC Viktoria Berlin,BER3
#3421,FC Viktoria Berlin,BER3
#3420,FC Viktoria Berlin,BER3
#3419,FC Viktoria Berlin,BER3
#3418,FC Viktoria Berlin,BER3
#3417,FC Viktoria Berlin,BER3
#3416,FC Viktoria Berlin,BER3
#3415,FC Viktoria Berlin,BER3
#3414,FC Viktoria Berlin,BER3
#3413,FC Viktoria Berlin,BER3
#3412,FC Viktoria Berlin,BER3
#3411,FC Viktoria Berlin,BER3
#3410,FC Viktoria Berlin,BER3
#3409,FC Viktoria Berlin,BER3
#3408,FC Viktoria Berlin,BER3
#3407,FC Viktoria Berlin,BER3
#3406,FC Viktoria Berlin,BER3
#3405,FC Viktoria Berlin,BER3
#3404,FC Viktoria Berlin,BER3
#3403,FC Viktoria Berlin,BER3
#3402,FC Viktoria Berlin,BER3
#3401,FC Viktoria Berlin,BER3
#3400,FC Viktoria Berlin,BER3
#3399,FC Viktoria Berlin,BER3
#3398,FC Viktoria Berlin,BER3
#3397,FC Viktoria Berlin,BER3
#3396,FC Viktoria Berlin,BER3
#3395,FC Viktoria Berlin,BER3
#3394,FC Viktoria Berlin,BER3
#3393,FC Viktoria Berlin,BER3
#3392,FC Viktoria Berlin,BER3
#3391,FC Viktoria Berlin,BER3
11457,FEATHERSHADE,BER3
11396,FEATHERSHADE,BER3
retail-000-105,FEATHERSHADE,BER3
11212,FEATHERSHADE,BER3
B2C000004,FEATHERSHADE,BER3
eq69634,FEATHERSHADE,BER3
B2C000002,FEATHERSHADE,BER3
B2B000001,FEATHERSHADE,BER3
8582,FEATHERSHADE,BER3
8558,FEATHERSHADE,BER3
8557,FEATHERSHADE,BER3
8526,FEATHERSHADE,BER3
8525,FEATHERSHADE,BER3
8524,FEATHERSHADE,BER3
8523,FEATHERSHADE,BER3
8522,FEATHERSHADE,BER3
8521,FEATHERSHADE,BER3
8520,FEATHERSHADE,BER3
8519,FEATHERSHADE,BER3
8518,FEATHERSHADE,BER3
8517,FEATHERSHADE,BER3
8516,FEATHERSHADE,BER3
8515,FEATHERSHADE,BER3
8514,FEATHERSHADE,BER3
8512,FEATHERSHADE,BER3
8511,FEATHERSHADE,BER3
8193,FEATHERSHADE,BER3
8192,FEATHERSHADE,BER3
8189,FEATHERSHADE,BER3
8102,FEATHERSHADE,BER3
7082,FEATHERSHADE,BER3
B2C000001,FEATHERSHADE,BER3
7880,FEATHERSHADE,BER3
7067,FEATHERSHADE,BER3
7065,FEATHERSHADE,BER3
7061,FEATHERSHADE,BER3
7032,FEATHERSHADE,BER3
7445,FEATHERSHADE,BER3
7444,FEATHERSHADE,BER3
7031,FEATHERSHADE,BER3
7030,FEATHERSHADE,BER3
7029,FEATHERSHADE,BER3
7024,FEATHERSHADE,BER3
7413,FEATHERSHADE,BER3
7412,FEATHERSHADE,BER3
7411,FEATHERSHADE,BER3
7410,FEATHERSHADE,BER3
7199,FEATHERSHADE,BER3
7106,FEATHERSHADE,BER3
7094,FEATHERSHADE,BER3
EXC-FJ613509-1,FITJEANS AS,BER3
EXC-FJ611581-1,FITJEANS AS,BER3
FJ635068,FITJEANS AS,BER3
FJ635067,FITJEANS AS,BER3
FJ635066,FITJEANS AS,BER3
FJ635065,FITJEANS AS,BER3
FJ635064,FITJEANS AS,BER3
FJ635063,FITJEANS AS,BER3
FJ635062,FITJEANS AS,BER3
FJ635061,FITJEANS AS,BER3
FJ635060,FITJEANS AS,BER3
FJ635059,FITJEANS AS,BER3
FJ635058,FITJEANS AS,BER3
FJ635057,FITJEANS AS,BER3
FJ635056,FITJEANS AS,BER3
FJ635055,FITJEANS AS,BER3
FJ635054,FITJEANS AS,BER3
FJ635053,FITJEANS AS,BER3
FJ635052,FITJEANS AS,BER3
FJ635051,FITJEANS AS,BER3
FJ635050,FITJEANS AS,BER3
FJ635049,FITJEANS AS,BER3
FJ635048,FITJEANS AS,BER3
FJ635047,FITJEANS AS,BER3
FJ635046,FITJEANS AS,BER3
FJ635045,FITJEANS AS,BER3
FJ635044,FITJEANS AS,BER3
FJ635043,FITJEANS AS,BER3
FJ635042,FITJEANS AS,BER3
FJ635041,FITJEANS AS,BER3
FJ635040,FITJEANS AS,BER3
FJ635039,FITJEANS AS,BER3
EXC-FJ621981-1,FITJEANS AS,BER3
EXC-FJ628175-1,FITJEANS AS,BER3
FJ635036,FITJEANS AS,BER3
FJ635035,FITJEANS AS,BER3
FJ635034,FITJEANS AS,BER3
FJ635033,FITJEANS AS,BER3
FJ635032,FITJEANS AS,BER3
FJ635031,FITJEANS AS,BER3
FJ635030,FITJEANS AS,BER3
FJ635029,FITJEANS AS,BER3
FJ635028,FITJEANS AS,BER3
FJ635027,FITJEANS AS,BER3
FJ635026,FITJEANS AS,BER3
EXC-FJ628378-1,FITJEANS AS,BER3
FJ635024,FITJEANS AS,BER3
FJ635023,FITJEANS AS,BER3
FJ635022,FITJEANS AS,BER3
FJ635021,FITJEANS AS,BER3
#1250,FSB GmbH,BER3
#1249,FSB GmbH,BER3
#1248,FSB GmbH,BER3
#1247,FSB GmbH,BER3
#1246,FSB GmbH,BER3
#1245,FSB GmbH,BER3
#1244,FSB GmbH,BER3
#1243,FSB GmbH,BER3
#1242,FSB GmbH,BER3
#1241,FSB GmbH,BER3
#1240,FSB GmbH,BER3
#1239,FSB GmbH,BER3
#1238,FSB GmbH,BER3
#1237,FSB GmbH,BER3
#1236,FSB GmbH,BER3
#1235,FSB GmbH,BER3
#1234,FSB GmbH,BER3
#1233,FSB GmbH,BER3
#1232,FSB GmbH,BER3
#1231,FSB GmbH,BER3
#1230,FSB GmbH,BER3
#1229,FSB GmbH,BER3
#1228,FSB GmbH,BER3
#1227,FSB GmbH,BER3
#1226,FSB GmbH,BER3
#1225,FSB GmbH,BER3
#1224,FSB GmbH,BER3
#1223,FSB GmbH,BER3
#1222,FSB GmbH,BER3
#1221,FSB GmbH,BER3
#1220,FSB GmbH,BER3
#1219,FSB GmbH,BER3
#1218,FSB GmbH,BER3
#1217,FSB GmbH,BER3
#1216,FSB GmbH,BER3
#1215,FSB GmbH,BER3
#1214,FSB GmbH,BER3
#1213,FSB GmbH,BER3
#1212,FSB GmbH,BER3
#1211,FSB GmbH,BER3
#1210,FSB GmbH,BER3
#1209,FSB GmbH,BER3
#1208,FSB GmbH,BER3
#1207,FSB GmbH,BER3
#1206,FSB GmbH,BER3
#1205,FSB GmbH,BER3
#1204,FSB GmbH,BER3
#1203,FSB GmbH,BER3
#1202,FSB GmbH,BER3
#1201,FSB GmbH,BER3
#31580,Facial Room Skincare GmbH,BER3
#31579,Facial Room Skincare GmbH,BER3
#31578,Facial Room Skincare GmbH,BER3
#31577,Facial Room Skincare GmbH,BER3
#31576,Facial Room Skincare GmbH,BER3
#31575,Facial Room Skincare GmbH,BER3
#31574,Facial Room Skincare GmbH,BER3
#31573,Facial Room Skincare GmbH,BER3
#31572,Facial Room Skincare GmbH,BER3
#31571,Facial Room Skincare GmbH,BER3
#31570,Facial Room Skincare GmbH,BER3
#31569,Facial Room Skincare GmbH,BER3
#31568,Facial Room Skincare GmbH,BER3
#31567,Facial Room Skincare GmbH,BER3
#31566,Facial Room Skincare GmbH,BER3
#31565,Facial Room Skincare GmbH,BER3
#31564,Facial Room Skincare GmbH,BER3
#31563,Facial Room Skincare GmbH,BER3
#31562,Facial Room Skincare GmbH,BER3
#31561,Facial Room Skincare GmbH,BER3
#31560,Facial Room Skincare GmbH,BER3
#31559,Facial Room Skincare GmbH,BER3
#31558,Facial Room Skincare GmbH,BER3
#31557,Facial Room Skincare GmbH,BER3
#31556,Facial Room Skincare GmbH,BER3
#31555,Facial Room Skincare GmbH,BER3
#31554,Facial Room Skincare GmbH,BER3
#31553,Facial Room Skincare GmbH,BER3
#31552,Facial Room Skincare GmbH,BER3
#31551,Facial Room Skincare GmbH,BER3
#31550,Facial Room Skincare GmbH,BER3
#31549,Facial Room Skincare GmbH,BER3
#31548,Facial Room Skincare GmbH,BER3
#31547,Facial Room Skincare GmbH,BER3
#31546,Facial Room Skincare GmbH,BER3
#31545,Facial Room Skincare GmbH,BER3
#31544,Facial Room Skincare GmbH,BER3
#31543,Facial Room Skincare GmbH,BER3
#31542,Facial Room Skincare GmbH,BER3
#31541,Facial Room Skincare GmbH,BER3
#31540,Facial Room Skincare GmbH,BER3
#31539,Facial Room Skincare GmbH,BER3
#31538,Facial Room Skincare GmbH,BER3
#31537,Facial Room Skincare GmbH,BER3
#31536,Facial Room Skincare GmbH,BER3
#31535,Facial Room Skincare GmbH,BER3
#31534,Facial Room Skincare GmbH,BER3
#31533,Facial Room Skincare GmbH,BER3
#31532,Facial Room Skincare GmbH,BER3
#31531,Facial Room Skincare GmbH,BER3
#2347,Fantastic Frames,BER3
306-8526208-4593160,Fantastic Frames,BER3
DSM#8575,Fantastic Frames,BER3
#2346,Fantastic Frames,BER3
305-8076987-7112341,Fantastic Frames,BER3
304-5805211-7371525,Fantastic Frames,BER3
#2345,Fantastic Frames,BER3
306-2690012-2490722,Fantastic Frames,BER3
#2344,Fantastic Frames,BER3
#2343,Fantastic Frames,BER3
304-2849125-3819510,Fantastic Frames,BER3
303-1294633-3310726,Fantastic Frames,BER3
#2342,Fantastic Frames,BER3
304-3997529-2870750,Fantastic Frames,BER3
DSM#8564,Fantastic Frames,BER3
303-2485546-3261130,Fantastic Frames,BER3
303-1543368-0494710,Fantastic Frames,BER3
#2341,Fantastic Frames,BER3
304-7263480-0083543,Fantastic Frames,BER3
304-9354620-9238734,Fantastic Frames,BER3
028-5891523-3321943,Fantastic Frames,BER3
#2340,Fantastic Frames,BER3
302-7502637-3118728,Fantastic Frames,BER3
304-8112280-8468361,Fantastic Frames,BER3
028-5649206-2075533,Fantastic Frames,BER3
303-2784256-1521912,Fantastic Frames,BER3
303-2422044-6126728,Fantastic Frames,BER3
#2339,Fantastic Frames,BER3
304-6496528-0285943,Fantastic Frames,BER3
305-4142857-9633152,Fantastic Frames,BER3
305-0836498-7630716,Fantastic Frames,BER3
306-3919288-1077143,Fantastic Frames,BER3
#2338,Fantastic Frames,BER3
#2337,Fantastic Frames,BER3
306-0513702-7249130,Fantastic Frames,BER3
303-4760586-9335553,Fantastic Frames,BER3
302-3580267-3945953,Fantastic Frames,BER3
DSM#8551,Fantastic Frames,BER3
#2336,Fantastic Frames,BER3
306-0994800-5731503,Fantastic Frames,BER3
303-1237929-1072303,Fantastic Frames,BER3
304-3017063-0141967,Fantastic Frames,BER3
306-3498581-5482711,Fantastic Frames,BER3
304-1888096-6954749,Fantastic Frames,BER3
306-7410864-7869956,Fantastic Frames,BER3
302-9834873-2901117,Fantastic Frames,BER3
#2335,Fantastic Frames,BER3
303-8126791-4071534,Fantastic Frames,BER3
306-9230185-9798761,Fantastic Frames,BER3
#2334,Fantastic Frames,BER3
#CS-AI-7E4ED14E,Fin Test Merchant - Wonderland,BER3
111222333444test,Fin Test Merchant - Wonderland,BER3
#CS-AI-E54DA7A8,Fin Test Merchant - Wonderland,BER3
#CS-AI-62DCB1E0,Fin Test Merchant - Wonderland,BER3
#CS-AI-E4CE352C-T15,Fin Test Merchant - Wonderland,BER3
#CS-AI-255DECD0-T13,Fin Test Merchant - Wonderland,BER3
#CS-AI-D4F951FA-T12,Fin Test Merchant - Wonderland,BER3
#CS-AI-B8C517D9-T11,Fin Test Merchant - Wonderland,BER3
#CS-AI-DC36728D-T10,Fin Test Merchant - Wonderland,BER3
#CS-AI-D3DB7A5E-T7,Fin Test Merchant - Wonderland,BER3
#CS-AI-2800FBD1-T6,Fin Test Merchant - Wonderland,BER3
#CS-AI-19AEC371-T5,Fin Test Merchant - Wonderland,BER3
#CS-AI-B20C6C33-T4,Fin Test Merchant - Wonderland,BER3
#CS-AI-8C86732F-T3,Fin Test Merchant - Wonderland,BER3
#CS-AI-49494C8C-T2,Fin Test Merchant - Wonderland,BER3
#CS-AI-931D5182-T1,Fin Test Merchant - Wonderland,BER3
#CS-AI-6D9A0A3B-T15,Fin Test Merchant - Wonderland,BER3
#CS-AI-AADD50A7-T13,Fin Test Merchant - Wonderland,BER3
#CS-AI-6D5D3CB8-T12,Fin Test Merchant - Wonderland,BER3
#CS-AI-17CFCB4B-T11,Fin Test Merchant - Wonderland,BER3
#CS-AI-D11784B9-T10,Fin Test Merchant - Wonderland,BER3
#CS-AI-F4DD99E2-T7,Fin Test Merchant - Wonderland,BER3
#CS-AI-D987177D-T6,Fin Test Merchant - Wonderland,BER3
#CS-AI-14AA2BA7-T5,Fin Test Merchant - Wonderland,BER3
#CS-AI-1B458CDA-T4,Fin Test Merchant - Wonderland,BER3
#CS-AI-D1D9DF90-T3,Fin Test Merchant - Wonderland,BER3
#CS-AI-AF4F0840-T2,Fin Test Merchant - Wonderland,BER3
#CS-AI-FC28CF6B-T1,Fin Test Merchant - Wonderland,BER3
#CS-AI-7237A13F-T15,Fin Test Merchant - Wonderland,BER3
#CS-AI-41F9F5B0-T13,Fin Test Merchant - Wonderland,BER3
#CS-AI-838FCF3C-T12,Fin Test Merchant - Wonderland,BER3
#CS-AI-68AD84F0-T11,Fin Test Merchant - Wonderland,BER3
#CS-AI-AB39BB9F-T10,Fin Test Merchant - Wonderland,BER3
#CS-AI-502CD37A-T7,Fin Test Merchant - Wonderland,BER3
#CS-AI-3423F8C0-T6,Fin Test Merchant - Wonderland,BER3
#CS-AI-B684FA09-T5,Fin Test Merchant - Wonderland,BER3
#CS-AI-876313F1-T4,Fin Test Merchant - Wonderland,BER3
#CS-AI-EB365B25-T3,Fin Test Merchant - Wonderland,BER3
#CS-AI-C6A7E914-T2,Fin Test Merchant - Wonderland,BER3
#CS-AI-C38587F0-T1,Fin Test Merchant - Wonderland,BER3
#CS-AI-B68FD595-T15,Fin Test Merchant - Wonderland,BER3
#CS-AI-7D2C8A9D-T13,Fin Test Merchant - Wonderland,BER3
#CS-AI-9B2330EB-T12,Fin Test Merchant - Wonderland,BER3
#CS-AI-2F463D25-T11,Fin Test Merchant - Wonderland,BER3
#CS-AI-0B7CF795-T10,Fin Test Merchant - Wonderland,BER3
#CS-AI-D7B7B908-T7,Fin Test Merchant - Wonderland,BER3
#CS-AI-B190C102-T6,Fin Test Merchant - Wonderland,BER3
#CS-AI-F3B42F1A-T5,Fin Test Merchant - Wonderland,BER3
#CS-AI-395DD6C1-T4,Fin Test Merchant - Wonderland,BER3
#CS-AI-87FFB8A9-T3,Fin Test Merchant - Wonderland,BER3
#12763,Flavona,BER3
#12762,Flavona,BER3
#12761,Flavona,BER3
#12760,Flavona,BER3
#12759,Flavona,BER3
#12758,Flavona,BER3
#12757,Flavona,BER3
#12756,Flavona,BER3
#12755,Flavona,BER3
#12754,Flavona,BER3
#12753,Flavona,BER3
#12752,Flavona,BER3
#12751,Flavona,BER3
#12750,Flavona,BER3
#12749,Flavona,BER3
#12748,Flavona,BER3
#12747,Flavona,BER3
#12746,Flavona,BER3
#12745,Flavona,BER3
#12744,Flavona,BER3
#12743,Flavona,BER3
#12742,Flavona,BER3
#12741,Flavona,BER3
#12740,Flavona,BER3
#12739,Flavona,BER3
#12738,Flavona,BER3
#12737,Flavona,BER3
#12736,Flavona,BER3
#12735,Flavona,BER3
#12734,Flavona,BER3
#12733,Flavona,BER3
#12732,Flavona,BER3
#12731,Flavona,BER3
#12730,Flavona,BER3
#12729,Flavona,BER3
#12728,Flavona,BER3
#12727,Flavona,BER3
#12726,Flavona,BER3
#12725,Flavona,BER3
#12724,Flavona,BER3
#12723,Flavona,BER3
#12722,Flavona,BER3
#12721,Flavona,BER3
#12720,Flavona,BER3
#12719,Flavona,BER3
#12718,Flavona,BER3
#12717,Flavona,BER3
#12716,Flavona,BER3
#12715,Flavona,BER3
#12714,Flavona,BER3
B2B-13-FRA,Fraisie,BER3
B-1040-FRA,Fraisie,BER3
B-1039-FRA,Fraisie,BER3
B-1038-FRA,Fraisie,BER3
B-1037-FRA,Fraisie,BER3
B-1036-FRA,Fraisie,BER3
T-90-FRA,Fraisie,BER3
T-89-FRA,Fraisie,BER3
T-88-FRA,Fraisie,BER3
T-87-FRA,Fraisie,BER3
T-86-FRA,Fraisie,BER3
B-1035-FRA,Fraisie,BER3
B-1034-FRA,Fraisie,BER3
T-85-FRA,Fraisie,BER3
,Fraisie,BER3
,Fraisie,BER3
B-1033-FRA,Fraisie,BER3
T-84-FRA,Fraisie,BER3
T-83-FRA,Fraisie,BER3
T-82-FRA,Fraisie,BER3
B-1032-FRA,Fraisie,BER3
T-81-FRA,Fraisie,BER3
T-80-FRA,Fraisie,BER3
T-79-FRA,Fraisie,BER3
T-78-FRA,Fraisie,BER3
T-77-FRA,Fraisie,BER3
T-76-FRA,Fraisie,BER3
T-75-FRA,Fraisie,BER3
T-74-FRA,Fraisie,BER3
T-73-FRA,Fraisie,BER3
T-72-FRA,Fraisie,BER3
T-71-FRA,Fraisie,BER3
B-1031-FRA,Fraisie,BER3
T-70-FRA,Fraisie,BER3
T-69-FRA,Fraisie,BER3
T-68-FRA,Fraisie,BER3
T-67-FRA,Fraisie,BER3
B-1030-FRA,Fraisie,BER3
B-1029-FRA,Fraisie,BER3
T-66-FRA,Fraisie,BER3
T-65-FRA,Fraisie,BER3
T-64-FRA,Fraisie,BER3
T-63-FRA,Fraisie,BER3
T-62-FRA,Fraisie,BER3
T-61-FRA,Fraisie,BER3
T-60-FRA,Fraisie,BER3
B-1028-FRA,Fraisie,BER3
P-1-FRA,Fraisie,BER3
February Sendbacks,Fraisie,BER3
T-59-FRA,Fraisie,BER3
#00047,Freshenup Wipes OÜ,BER3
#00044,Freshenup Wipes OÜ,BER3
#00046,Freshenup Wipes OÜ,BER3
#00045,Freshenup Wipes OÜ,BER3
#00044,Freshenup Wipes OÜ,BER3
#00043,Freshenup Wipes OÜ,BER3
#00042,Freshenup Wipes OÜ,BER3
81042,Fruehlingszwiebel,BER3
81041,Fruehlingszwiebel,BER3
81040,Fruehlingszwiebel,BER3
81039,Fruehlingszwiebel,BER3
81038,Fruehlingszwiebel,BER3
81037,Fruehlingszwiebel,BER3
81036,Fruehlingszwiebel,BER3
81035,Fruehlingszwiebel,BER3
81034,Fruehlingszwiebel,BER3
81033,Fruehlingszwiebel,BER3
B2C000048,Fruehlingszwiebel,BER3
76683-2,Fruehlingszwiebel,BER3
81032,Fruehlingszwiebel,BER3
81031,Fruehlingszwiebel,BER3
81030,Fruehlingszwiebel,BER3
81029,Fruehlingszwiebel,BER3
81028,Fruehlingszwiebel,BER3
81027,Fruehlingszwiebel,BER3
Amazon 8,Fruehlingszwiebel,BER3
81026,Fruehlingszwiebel,BER3
81025,Fruehlingszwiebel,BER3
81024,Fruehlingszwiebel,BER3
81023,Fruehlingszwiebel,BER3
81022,Fruehlingszwiebel,BER3
81021,Fruehlingszwiebel,BER3
81020,Fruehlingszwiebel,BER3
81019,Fruehlingszwiebel,BER3
81018,Fruehlingszwiebel,BER3
81017,Fruehlingszwiebel,BER3
81016,Fruehlingszwiebel,BER3
81015,Fruehlingszwiebel,BER3
81014,Fruehlingszwiebel,BER3
81013,Fruehlingszwiebel,BER3
81012,Fruehlingszwiebel,BER3
81011,Fruehlingszwiebel,BER3
81010,Fruehlingszwiebel,BER3
81009,Fruehlingszwiebel,BER3
81008,Fruehlingszwiebel,BER3
81007,Fruehlingszwiebel,BER3
81006,Fruehlingszwiebel,BER3
81005,Fruehlingszwiebel,BER3
81004,Fruehlingszwiebel,BER3
81003,Fruehlingszwiebel,BER3
81002,Fruehlingszwiebel,BER3
81001,Fruehlingszwiebel,BER3
81000,Fruehlingszwiebel,BER3
80999,Fruehlingszwiebel,BER3
80998,Fruehlingszwiebel,BER3
75522-2,Fruehlingszwiebel,BER3
80997,Fruehlingszwiebel,BER3
#MARS734774,GHC By Mars,BER3
#MARS733317,GHC By Mars,BER3
#MARS726643,GHC By Mars,BER3
#MARS716349,GHC By Mars,BER3
#MARS709221,GHC By Mars,BER3
303-2725971-7003558,GHC By Mars,BER3
#15095,GROW WITH ANNA,BER3
Final Moveout order,GROW WITH ANNA,BER3
#15094,GROW WITH ANNA,BER3
#15093,GROW WITH ANNA,BER3
#15092,GROW WITH ANNA,BER3
B2B000001,GROW WITH ANNA,BER3
#15091,GROW WITH ANNA,BER3
#15090,GROW WITH ANNA,BER3
#15089,GROW WITH ANNA,BER3
#SUPER1146,Gaudy-Foods (Milano Vice),BER3
#SUPER1145,Gaudy-Foods (Milano Vice),BER3
#SUPER1144,Gaudy-Foods (Milano Vice),BER3
B2C000051,Gaudy-Foods (Milano Vice),BER3
B2C000050,Gaudy-Foods (Milano Vice),BER3
B2C000049,Gaudy-Foods (Milano Vice),BER3
#SUPER1143,Gaudy-Foods (Milano Vice),BER3
#SUPER1142,Gaudy-Foods (Milano Vice),BER3
B2C000022,Gava,BER3
B2C000021,Gava,BER3
B2C000020,Gava,BER3
B2C000019,Gava,BER3
B2C000018,Gava,BER3
B2C000017,Gava,BER3
#1002,Gava,BER3
B2C000016,Gava,BER3
B2C000015,Gava,BER3
B2C000014,Gava,BER3
B2C000013,Gava,BER3
B2C000012,Gava,BER3
B2C000011,Gava,BER3
#1001,Gava,BER3
B2C000010,Gava,BER3
B2C000009,Gava,BER3
B2C000008,Gava,BER3
B2C000007,Gava,BER3
B2C000006,Gava,BER3
B2C000005,Gava,BER3
B2C000004,Gava,BER3
B2C000003,Gava,BER3
B2C000002,Gava,BER3
Influencer,Gava,BER3
#5972,Gava,BER3
#5971,Gava,BER3
#5970,Gava,BER3
#5969,Gava,BER3
#5876,Gava,BER3
#5875,Gava,BER3
#5874,Gava,BER3
#5873,Gava,BER3
#5872,Gava,BER3
#5871,Gava,BER3
#5870,Gava,BER3
#5869,Gava,BER3
#5868,Gava,BER3
#5867,Gava,BER3
#5866,Gava,BER3
#5865,Gava,BER3
#5864,Gava,BER3
#5863,Gava,BER3
#5862,Gava,BER3
#5861,Gava,BER3
#5860,Gava,BER3
#5859,Gava,BER3
#5858,Gava,BER3
#5857,Gava,BER3
#5856,Gava,BER3
#5855,Gava,BER3
GG-49823563476,Glucose Goddess,BER3
GG-49823563449,Glucose Goddess,BER3
GG-49823563445,Glucose Goddess,BER3
GG-49823563440,Glucose Goddess,BER3
GG-49823563439,Glucose Goddess,BER3
B2C564176,Glucose Goddess,BER3
GG-49823563427,Glucose Goddess,BER3
GG-49823563424,Glucose Goddess,BER3
GG-49823563411,Glucose Goddess,BER3
GG-49823563390,Glucose Goddess,BER3
GG-49823563389,Glucose Goddess,BER3
GG-49823563381,Glucose Goddess,BER3
GG-49823563364,Glucose Goddess,BER3
GG-49823563351,Glucose Goddess,BER3
GG-49823563345,Glucose Goddess,BER3
GG-49823563343,Glucose Goddess,BER3
GG-49823563335,Glucose Goddess,BER3
GG-49823563315,Glucose Goddess,BER3
GG-49823563314,Glucose Goddess,BER3
GG-49823563311,Glucose Goddess,BER3
GG-49823563305,Glucose Goddess,BER3
GG-49823563288,Glucose Goddess,BER3
GG-49823563252,Glucose Goddess,BER3
GG-49823563249,Glucose Goddess,BER3
GG-49823563250,Glucose Goddess,BER3
GG-49823563235,Glucose Goddess,BER3
GG-49823563229,Glucose Goddess,BER3
GG-49823563221,Glucose Goddess,BER3
GG-49823563216,Glucose Goddess,BER3
GG-49823563211,Glucose Goddess,BER3
GG-49823563202,Glucose Goddess,BER3
GG-49823563193,Glucose Goddess,BER3
GG-49823563192,Glucose Goddess,BER3
GG-49823563186,Glucose Goddess,BER3
GG-49823563188,Glucose Goddess,BER3
GG-49823563184,Glucose Goddess,BER3
GG-49823563170,Glucose Goddess,BER3
GG-49823563168,Glucose Goddess,BER3
GG-49823563157,Glucose Goddess,BER3
GG-49823563159,Glucose Goddess,BER3
GG-49823563151,Glucose Goddess,BER3
GG-49823563143,Glucose Goddess,BER3
GG-49823563124,Glucose Goddess,BER3
GG-49823563104,Glucose Goddess,BER3
GG-49823563088,Glucose Goddess,BER3
GG-49823563045,Glucose Goddess,BER3
GG-49823563042,Glucose Goddess,BER3
GG-49823563040,Glucose Goddess,BER3
GG-49823563035,Glucose Goddess,BER3
GG-49823563030,Glucose Goddess,BER3
GK62083,Glücks Krone,BER3
GK62082,Glücks Krone,BER3
GK62081,Glücks Krone,BER3
GK62080,Glücks Krone,BER3
GK62079,Glücks Krone,BER3
GK62078,Glücks Krone,BER3
GK62077,Glücks Krone,BER3
GK62076,Glücks Krone,BER3
GK62075,Glücks Krone,BER3
GK62074,Glücks Krone,BER3
GK62073,Glücks Krone,BER3
GK62072,Glücks Krone,BER3
GK62071,Glücks Krone,BER3
GK62070,Glücks Krone,BER3
GK62069,Glücks Krone,BER3
GK62068,Glücks Krone,BER3
GK62067,Glücks Krone,BER3
GK62066,Glücks Krone,BER3
GK62065,Glücks Krone,BER3
GK62064,Glücks Krone,BER3
GK62063,Glücks Krone,BER3
GK62062,Glücks Krone,BER3
GK62061,Glücks Krone,BER3
GK62060,Glücks Krone,BER3
GK62059,Glücks Krone,BER3
GK62058,Glücks Krone,BER3
GK62057,Glücks Krone,BER3
GK62056,Glücks Krone,BER3
GK62055,Glücks Krone,BER3
GK62054,Glücks Krone,BER3
GK62053,Glücks Krone,BER3
GK62052,Glücks Krone,BER3
GK62051,Glücks Krone,BER3
GK62050,Glücks Krone,BER3
GK62049,Glücks Krone,BER3
GK62048,Glücks Krone,BER3
GK62047,Glücks Krone,BER3
GK62046,Glücks Krone,BER3
GK62045,Glücks Krone,BER3
GK62044,Glücks Krone,BER3
GK62043,Glücks Krone,BER3
GK62042,Glücks Krone,BER3
GK62041,Glücks Krone,BER3
GK62040,Glücks Krone,BER3
GK62039,Glücks Krone,BER3
GK62038,Glücks Krone,BER3
GK62037,Glücks Krone,BER3
GK62036,Glücks Krone,BER3
GK62035,Glücks Krone,BER3
GK62034,Glücks Krone,BER3
#12251115,Goldies Worldwide GmbH,BER3
#12251114,Goldies Worldwide GmbH,BER3
#12251113,Goldies Worldwide GmbH,BER3
#12251112,Goldies Worldwide GmbH,BER3
#12251111,Goldies Worldwide GmbH,BER3
#12251110,Goldies Worldwide GmbH,BER3
#12251109,Goldies Worldwide GmbH,BER3
#12251108,Goldies Worldwide GmbH,BER3
#12251107,Goldies Worldwide GmbH,BER3
#12251106,Goldies Worldwide GmbH,BER3
#12251105,Goldies Worldwide GmbH,BER3
#12251104,Goldies Worldwide GmbH,BER3
#12251103,Goldies Worldwide GmbH,BER3
#12251102,Goldies Worldwide GmbH,BER3
#12251101,Goldies Worldwide GmbH,BER3
#12251100,Goldies Worldwide GmbH,BER3
#12251099,Goldies Worldwide GmbH,BER3
#12251098,Goldies Worldwide GmbH,BER3
#12251097,Goldies Worldwide GmbH,BER3
#12251096,Goldies Worldwide GmbH,BER3
#12251095,Goldies Worldwide GmbH,BER3
#12251094,Goldies Worldwide GmbH,BER3
#12251093,Goldies Worldwide GmbH,BER3
#12251092,Goldies Worldwide GmbH,BER3
#12251091,Goldies Worldwide GmbH,BER3
#12251090,Goldies Worldwide GmbH,BER3
#12251089,Goldies Worldwide GmbH,BER3
#12251088,Goldies Worldwide GmbH,BER3
#12251087,Goldies Worldwide GmbH,BER3
#12251086,Goldies Worldwide GmbH,BER3
#12251085,Goldies Worldwide GmbH,BER3
#12251084,Goldies Worldwide GmbH,BER3
#12251083,Goldies Worldwide GmbH,BER3
#12251082,Goldies Worldwide GmbH,BER3
#12251081,Goldies Worldwide GmbH,BER3
#12251080,Goldies Worldwide GmbH,BER3
#12251079,Goldies Worldwide GmbH,BER3
#12251078,Goldies Worldwide GmbH,BER3
#12251077,Goldies Worldwide GmbH,BER3
#12251076,Goldies Worldwide GmbH,BER3
#12251075,Goldies Worldwide GmbH,BER3
B2C000012,Good Day Sunshine,BER3
#1060,Good Day Sunshine,BER3
B2C000011,Good Day Sunshine,BER3
#1059,Good Day Sunshine,BER3
#1058,Good Day Sunshine,BER3
#1057,Good Day Sunshine,BER3
#1056,Good Day Sunshine,BER3
#1055,Good Day Sunshine,BER3
#1054,Good Day Sunshine,BER3
B2C000010,Good Day Sunshine,BER3
#1053,Good Day Sunshine,BER3
#1052,Good Day Sunshine,BER3
B2C000009,Good Day Sunshine,BER3
B2C000008,Good Day Sunshine,BER3
B2C000007,Good Day Sunshine,BER3
B2C000006,Good Day Sunshine,BER3
B2C000005,Good Day Sunshine,BER3
#1051,Good Day Sunshine,BER3
B2C000004,Good Day Sunshine,BER3
B2C000003,Good Day Sunshine,BER3
B2C000002,Good Day Sunshine,BER3
#1050,Good Day Sunshine,BER3
#1049,Good Day Sunshine,BER3
#1048,Good Day Sunshine,BER3
#1047,Good Day Sunshine,BER3
#1046,Good Day Sunshine,BER3
#1045,Good Day Sunshine,BER3
#1044,Good Day Sunshine,BER3
#1043,Good Day Sunshine,BER3
#1042,Good Day Sunshine,BER3
#1041,Good Day Sunshine,BER3
#1040,Good Day Sunshine,BER3
#1039,Good Day Sunshine,BER3
#1038,Good Day Sunshine,BER3
#1037,Good Day Sunshine,BER3
#1036,Good Day Sunshine,BER3
#1035,Good Day Sunshine,BER3
B2B000002,Good Day Sunshine,BER3
#1034,Good Day Sunshine,BER3
#1033,Good Day Sunshine,BER3
B2C000008,Gymbud,BER3
#1177,Gymbud,BER3
#1176,Gymbud,BER3
B2C000007,Gymbud,BER3
B2C000006,Gymbud,BER3
B2C000005,Gymbud,BER3
#1175,Gymbud,BER3
#1174,Gymbud,BER3
#1173,Gymbud,BER3
#1172,Gymbud,BER3
#1171,Gymbud,BER3
#1170,Gymbud,BER3
B2C000004,Gymbud,BER3
B2C000003,Gymbud,BER3
B2C000002,Gymbud,BER3
B2C000001,Gymbud,BER3
#1169,Gymbud,BER3
#1168,Gymbud,BER3
#1167,Gymbud,BER3
#1166,Gymbud,BER3
#1165,Gymbud,BER3
#1164,Gymbud,BER3
#1163,Gymbud,BER3
#1162,Gymbud,BER3
#1161,Gymbud,BER3
#1160,Gymbud,BER3
#1159,Gymbud,BER3
#1158,Gymbud,BER3
#1157,Gymbud,BER3
#1156,Gymbud,BER3
#1155,Gymbud,BER3
#1154,Gymbud,BER3
#1153,Gymbud,BER3
#1152,Gymbud,BER3
#1151,Gymbud,BER3
#1150,Gymbud,BER3
#1149,Gymbud,BER3
#1148,Gymbud,BER3
#1147,Gymbud,BER3
#1146,Gymbud,BER3
#1145,Gymbud,BER3
#1144,Gymbud,BER3
#1143,Gymbud,BER3
#1142,Gymbud,BER3
#1141,Gymbud,BER3
#1140,Gymbud,BER3
#1139,Gymbud,BER3
#1138,Gymbud,BER3
#1137,Gymbud,BER3
#1136,Gymbud,BER3
#638184,Gymondo-onlineshop,BER3
#638183,Gymondo-onlineshop,BER3
#638182,Gymondo-onlineshop,BER3
#638181,Gymondo-onlineshop,BER3
#638180,Gymondo-onlineshop,BER3
#638179,Gymondo-onlineshop,BER3
#638178,Gymondo-onlineshop,BER3
#638177,Gymondo-onlineshop,BER3
#638176,Gymondo-onlineshop,BER3
#638175,Gymondo-onlineshop,BER3
#638174,Gymondo-onlineshop,BER3
#638173,Gymondo-onlineshop,BER3
#638172,Gymondo-onlineshop,BER3
#638171,Gymondo-onlineshop,BER3
#638170,Gymondo-onlineshop,BER3
#638169,Gymondo-onlineshop,BER3
#638168,Gymondo-onlineshop,BER3
#638167,Gymondo-onlineshop,BER3
#638166,Gymondo-onlineshop,BER3
#638165,Gymondo-onlineshop,BER3
#638164,Gymondo-onlineshop,BER3
#638163,Gymondo-onlineshop,BER3
#638162,Gymondo-onlineshop,BER3
#638161,Gymondo-onlineshop,BER3
#638160,Gymondo-onlineshop,BER3
#638159,Gymondo-onlineshop,BER3
#638158,Gymondo-onlineshop,BER3
#638157,Gymondo-onlineshop,BER3
#638156,Gymondo-onlineshop,BER3
#638155,Gymondo-onlineshop,BER3
#638154,Gymondo-onlineshop,BER3
#638153,Gymondo-onlineshop,BER3
#638152,Gymondo-onlineshop,BER3
#638151,Gymondo-onlineshop,BER3
#638150,Gymondo-onlineshop,BER3
#638149,Gymondo-onlineshop,BER3
#638148,Gymondo-onlineshop,BER3
#30513,Gymondo-onlineshop,BER3
#638147,Gymondo-onlineshop,BER3
#638146,Gymondo-onlineshop,BER3
#638145,Gymondo-onlineshop,BER3
#638144,Gymondo-onlineshop,BER3
#638143,Gymondo-onlineshop,BER3
#638142,Gymondo-onlineshop,BER3
#638141,Gymondo-onlineshop,BER3
#638140,Gymondo-onlineshop,BER3
#638139,Gymondo-onlineshop,BER3
#30512,Gymondo-onlineshop,BER3
#638138,Gymondo-onlineshop,BER3
#638137,Gymondo-onlineshop,BER3
#129770,HAFERLÖWE,BER3
#129769,HAFERLÖWE,BER3
#129768,HAFERLÖWE,BER3
#129767,HAFERLÖWE,BER3
#129766,HAFERLÖWE,BER3
#129765,HAFERLÖWE,BER3
#129764,HAFERLÖWE,BER3
#129763,HAFERLÖWE,BER3
#129762,HAFERLÖWE,BER3
#129761,HAFERLÖWE,BER3
#129760,HAFERLÖWE,BER3
#129759,HAFERLÖWE,BER3
#129758,HAFERLÖWE,BER3
#129757,HAFERLÖWE,BER3
#129756,HAFERLÖWE,BER3
#129755,HAFERLÖWE,BER3
#129754,HAFERLÖWE,BER3
#129753,HAFERLÖWE,BER3
#129752,HAFERLÖWE,BER3
#129751,HAFERLÖWE,BER3
#129750,HAFERLÖWE,BER3
#129749,HAFERLÖWE,BER3
#129748,HAFERLÖWE,BER3
#129747,HAFERLÖWE,BER3
#129746,HAFERLÖWE,BER3
#129745,HAFERLÖWE,BER3
#129744,HAFERLÖWE,BER3
#129743,HAFERLÖWE,BER3
#129742,HAFERLÖWE,BER3
#129741,HAFERLÖWE,BER3
#129740,HAFERLÖWE,BER3
#129739,HAFERLÖWE,BER3
#129738,HAFERLÖWE,BER3
#129737,HAFERLÖWE,BER3
#129736,HAFERLÖWE,BER3
#129735,HAFERLÖWE,BER3
#129734,HAFERLÖWE,BER3
#129733,HAFERLÖWE,BER3
#129732,HAFERLÖWE,BER3
#129731,HAFERLÖWE,BER3
#129730,HAFERLÖWE,BER3
#129729,HAFERLÖWE,BER3
#129728,HAFERLÖWE,BER3
#129727,HAFERLÖWE,BER3
#129726,HAFERLÖWE,BER3
#129725,HAFERLÖWE,BER3
#129724,HAFERLÖWE,BER3
#129723,HAFERLÖWE,BER3
#129722,HAFERLÖWE,BER3
#129721,HAFERLÖWE,BER3
B2B000002,HOJ,BER3
DHC-#877310-01,HOJ,BER3
DHC-#876451-01,HOJ,BER3
#29414,Hairoine,BER3
#29413,Hairoine,BER3
#29412,Hairoine,BER3
#29411,Hairoine,BER3
#29410,Hairoine,BER3
#29409,Hairoine,BER3
#29408,Hairoine,BER3
#29407,Hairoine,BER3
#29406,Hairoine,BER3
#29405,Hairoine,BER3
#29404,Hairoine,BER3
#29403,Hairoine,BER3
#29402,Hairoine,BER3
#29401,Hairoine,BER3
#29400,Hairoine,BER3
#29399,Hairoine,BER3
#29398,Hairoine,BER3
#29397,Hairoine,BER3
#29396,Hairoine,BER3
#29395,Hairoine,BER3
#29394,Hairoine,BER3
#29393,Hairoine,BER3
#29392,Hairoine,BER3
#29391,Hairoine,BER3
#29390,Hairoine,BER3
#29389,Hairoine,BER3
#29388,Hairoine,BER3
#29387,Hairoine,BER3
#29386,Hairoine,BER3
#29385,Hairoine,BER3
#29384,Hairoine,BER3
#29383,Hairoine,BER3
#29382,Hairoine,BER3
#29381,Hairoine,BER3
#29380,Hairoine,BER3
#29379,Hairoine,BER3
#29378,Hairoine,BER3
#29377,Hairoine,BER3
#29376,Hairoine,BER3
#29375,Hairoine,BER3
#29374,Hairoine,BER3
#29373,Hairoine,BER3
#29372,Hairoine,BER3
#29371,Hairoine,BER3
#29370,Hairoine,BER3
#29369,Hairoine,BER3
#29368,Hairoine,BER3
#29367,Hairoine,BER3
#29366,Hairoine,BER3
#29365,Hairoine,BER3
#2510557,Harvest Republic GmbH,BER3
#2510556,Harvest Republic GmbH,BER3
#2510555,Harvest Republic GmbH,BER3
#2510554,Harvest Republic GmbH,BER3
#2510553,Harvest Republic GmbH,BER3
#2510552,Harvest Republic GmbH,BER3
#2510551,Harvest Republic GmbH,BER3
#2510550,Harvest Republic GmbH,BER3
#2510549,Harvest Republic GmbH,BER3
#2510548,Harvest Republic GmbH,BER3
#2510547,Harvest Republic GmbH,BER3
#2510546,Harvest Republic GmbH,BER3
#2510545,Harvest Republic GmbH,BER3
#2510544,Harvest Republic GmbH,BER3
#2510543,Harvest Republic GmbH,BER3
#2510542,Harvest Republic GmbH,BER3
#2510541,Harvest Republic GmbH,BER3
#2510540,Harvest Republic GmbH,BER3
#2510539,Harvest Republic GmbH,BER3
#2510538,Harvest Republic GmbH,BER3
B2C008134,Harvest Republic GmbH,BER3
#2510537,Harvest Republic GmbH,BER3
#2510536,Harvest Republic GmbH,BER3
#2510535,Harvest Republic GmbH,BER3
#2510534,Harvest Republic GmbH,BER3
#2510533,Harvest Republic GmbH,BER3
#2510532,Harvest Republic GmbH,BER3
#2510531,Harvest Republic GmbH,BER3
#2510530,Harvest Republic GmbH,BER3
#2510529,Harvest Republic GmbH,BER3
#2510528,Harvest Republic GmbH,BER3
#2510527,Harvest Republic GmbH,BER3
#2510526,Harvest Republic GmbH,BER3
#2510525,Harvest Republic GmbH,BER3
#2510524,Harvest Republic GmbH,BER3
#2510523,Harvest Republic GmbH,BER3
#2510522,Harvest Republic GmbH,BER3
#2510521,Harvest Republic GmbH,BER3
#2510520,Harvest Republic GmbH,BER3
#2510519,Harvest Republic GmbH,BER3
#2510518,Harvest Republic GmbH,BER3
#2510517,Harvest Republic GmbH,BER3
#2510516,Harvest Republic GmbH,BER3
#2510515,Harvest Republic GmbH,BER3
#2510514,Harvest Republic GmbH,BER3
#2510513,Harvest Republic GmbH,BER3
#2510512,Harvest Republic GmbH,BER3
#2510511,Harvest Republic GmbH,BER3
#2510510,Harvest Republic GmbH,BER3
B2C008105,Harvest Republic GmbH,BER3
202454193,Hatwebtrade,BER3
202454191,Hatwebtrade,BER3
202454190,Hatwebtrade,BER3
202454188,Hatwebtrade,BER3
202454187,Hatwebtrade,BER3
202454180,Hatwebtrade,BER3
202454179,Hatwebtrade,BER3
202454178,Hatwebtrade,BER3
202454173,Hatwebtrade,BER3
202454172,Hatwebtrade,BER3
202454170,Hatwebtrade,BER3
202454169,Hatwebtrade,BER3
202454168,Hatwebtrade,BER3
202454167,Hatwebtrade,BER3
202454166,Hatwebtrade,BER3
202454165,Hatwebtrade,BER3
202454163,Hatwebtrade,BER3
202454154,Hatwebtrade,BER3
202454153,Hatwebtrade,BER3
202454147,Hatwebtrade,BER3
202454145,Hatwebtrade,BER3
202454144,Hatwebtrade,BER3
202454143,Hatwebtrade,BER3
202454139,Hatwebtrade,BER3
202454136,Hatwebtrade,BER3
202454135,Hatwebtrade,BER3
202454134,Hatwebtrade,BER3
202454133,Hatwebtrade,BER3
202454132,Hatwebtrade,BER3
202454131,Hatwebtrade,BER3
202454130,Hatwebtrade,BER3
202454123,Hatwebtrade,BER3
202454121,Hatwebtrade,BER3
202454120,Hatwebtrade,BER3
202454119,Hatwebtrade,BER3
202454118,Hatwebtrade,BER3
202454116,Hatwebtrade,BER3
202454111,Hatwebtrade,BER3
202454108,Hatwebtrade,BER3
202454104,Hatwebtrade,BER3
202454094,Hatwebtrade,BER3
202454093,Hatwebtrade,BER3
202454090,Hatwebtrade,BER3
202454088,Hatwebtrade,BER3
202454087,Hatwebtrade,BER3
202454083,Hatwebtrade,BER3
202454082,Hatwebtrade,BER3
202454081,Hatwebtrade,BER3
202454076,Hatwebtrade,BER3
202454075,Hatwebtrade,BER3
B2C-32446,Hawlik,BER3
B2C-32445,Hawlik,BER3
B2C-32444,Hawlik,BER3
B2C-32443,Hawlik,BER3
B2C-32442,Hawlik,BER3
B2C-32441,Hawlik,BER3
ITA-1481,Hawlik,BER3
B2C-32440,Hawlik,BER3
B2C-32439,Hawlik,BER3
B2C-32438,Hawlik,BER3
B2C-32437,Hawlik,BER3
B2C-32436,Hawlik,BER3
B2C-32435,Hawlik,BER3
B2C-32434,Hawlik,BER3
B2C-32433,Hawlik,BER3
B2C-32432,Hawlik,BER3
B2B-4164,Hawlik,BER3
B2B-4163,Hawlik,BER3
B2C-32431,Hawlik,BER3
B2C-32430,Hawlik,BER3
B2C-32429,Hawlik,BER3
B2C-32428,Hawlik,BER3
B2C-32427,Hawlik,BER3
B2C-32426,Hawlik,BER3
B2C-32425,Hawlik,BER3
B2C-32424,Hawlik,BER3
B2C-32423,Hawlik,BER3
B2C-32422,Hawlik,BER3
B2C-32421,Hawlik,BER3
B2C-32420,Hawlik,BER3
B2C-32419,Hawlik,BER3
B2B-4162,Hawlik,BER3
B2C-32418,Hawlik,BER3
B2C-32417,Hawlik,BER3
B2C-32416,Hawlik,BER3
B2C-32415,Hawlik,BER3
B2C-32414,Hawlik,BER3
B2B-4161,Hawlik,BER3
B2C-32413,Hawlik,BER3
B2B-4160,Hawlik,BER3
B2C-32412,Hawlik,BER3
B2C-32411,Hawlik,BER3
B2B-4159,Hawlik,BER3
B2C-32410,Hawlik,BER3
B2C-32409,Hawlik,BER3
B2C-32408,Hawlik,BER3
B2B-4158,Hawlik,BER3
B2C-32407,Hawlik,BER3
B2C-32406,Hawlik,BER3
B2C-32405,Hawlik,BER3
H-H9691,Hayden Hill,BER3
H-H9690,Hayden Hill,BER3
H-H9689,Hayden Hill,BER3
H-H9688,Hayden Hill,BER3
H-H9687,Hayden Hill,BER3
H-H9686,Hayden Hill,BER3
H-H9685,Hayden Hill,BER3
H-H9684,Hayden Hill,BER3
H-H9683,Hayden Hill,BER3
H-H9682,Hayden Hill,BER3
H-H9681,Hayden Hill,BER3
H-H9680,Hayden Hill,BER3
H-H9679,Hayden Hill,BER3
H-H9678,Hayden Hill,BER3
H-H9677,Hayden Hill,BER3
H-H9676,Hayden Hill,BER3
H-H9675,Hayden Hill,BER3
H-H9674,Hayden Hill,BER3
H-H9673,Hayden Hill,BER3
H-H9672,Hayden Hill,BER3
H-H9671,Hayden Hill,BER3
H-H9670,Hayden Hill,BER3
H-H9669,Hayden Hill,BER3
H-H9668,Hayden Hill,BER3
H-H9667,Hayden Hill,BER3
H-H9666,Hayden Hill,BER3
H-H9665,Hayden Hill,BER3
H-H9664,Hayden Hill,BER3
H-H9663,Hayden Hill,BER3
H-H9662,Hayden Hill,BER3
H-H9661,Hayden Hill,BER3
H-H9660,Hayden Hill,BER3
H-H9659,Hayden Hill,BER3
H-H9658,Hayden Hill,BER3
H-H9657,Hayden Hill,BER3
H-H9656,Hayden Hill,BER3
H-H9655,Hayden Hill,BER3
H-H9654,Hayden Hill,BER3
H-H9653,Hayden Hill,BER3
H-H9652,Hayden Hill,BER3
H-H9651,Hayden Hill,BER3
H-H9650,Hayden Hill,BER3
H-H9649,Hayden Hill,BER3
H-H9648,Hayden Hill,BER3
H-H9647,Hayden Hill,BER3
H-H9646,Hayden Hill,BER3
H-H9645,Hayden Hill,BER3
H-H9644,Hayden Hill,BER3
H-H9643,Hayden Hill,BER3
H-H9642,Hayden Hill,BER3
#86793,Health Bar,BER3
#86792,Health Bar,BER3
#86791,Health Bar,BER3
#86790,Health Bar,BER3
#86789,Health Bar,BER3
#86788,Health Bar,BER3
#86787,Health Bar,BER3
#86786,Health Bar,BER3
#86785,Health Bar,BER3
#86784,Health Bar,BER3
#86783,Health Bar,BER3
#86782,Health Bar,BER3
#86781,Health Bar,BER3
#86780,Health Bar,BER3
#86779,Health Bar,BER3
#86778,Health Bar,BER3
#86777,Health Bar,BER3
#86776,Health Bar,BER3
#86775,Health Bar,BER3
#86774,Health Bar,BER3
#86773,Health Bar,BER3
#86772,Health Bar,BER3
#86771,Health Bar,BER3
#86770,Health Bar,BER3
#86769,Health Bar,BER3
#86768,Health Bar,BER3
#86767,Health Bar,BER3
#86766,Health Bar,BER3
#86765,Health Bar,BER3
#86764,Health Bar,BER3
#86763,Health Bar,BER3
#86762,Health Bar,BER3
#86761,Health Bar,BER3
#86760,Health Bar,BER3
#86759,Health Bar,BER3
#86758,Health Bar,BER3
#86757,Health Bar,BER3
#86756,Health Bar,BER3
#86755,Health Bar,BER3
#86754,Health Bar,BER3
#86753,Health Bar,BER3
#86752,Health Bar,BER3
#86751,Health Bar,BER3
#86750,Health Bar,BER3
#86749,Health Bar,BER3
#86748,Health Bar,BER3
#86747,Health Bar,BER3
#86746,Health Bar,BER3
#86745,Health Bar,BER3
#86744,Health Bar,BER3
65476,Health and You,BER3
65475,Health and You,BER3
65474,Health and You,BER3
65473,Health and You,BER3
65472,Health and You,BER3
65471,Health and You,BER3
65470,Health and You,BER3
65469,Health and You,BER3
65468,Health and You,BER3
65467,Health and You,BER3
65466,Health and You,BER3
65465,Health and You,BER3
65464,Health and You,BER3
65463,Health and You,BER3
65462,Health and You,BER3
65461,Health and You,BER3
65460,Health and You,BER3
65459,Health and You,BER3
65458,Health and You,BER3
65457,Health and You,BER3
65456,Health and You,BER3
65455,Health and You,BER3
65454,Health and You,BER3
65453,Health and You,BER3
65452,Health and You,BER3
65451,Health and You,BER3
65450,Health and You,BER3
65449,Health and You,BER3
65448,Health and You,BER3
65447,Health and You,BER3
65446,Health and You,BER3
65445,Health and You,BER3
65444,Health and You,BER3
65443,Health and You,BER3
65442,Health and You,BER3
65441,Health and You,BER3
65440,Health and You,BER3
65439,Health and You,BER3
65438,Health and You,BER3
65437,Health and You,BER3
65436,Health and You,BER3
65435,Health and You,BER3
65434,Health and You,BER3
65433,Health and You,BER3
65432,Health and You,BER3
65431,Health and You,BER3
65430,Health and You,BER3
65429,Health and You,BER3
65428,Health and You,BER3
65427,Health and You,BER3
#22374464,Hedoine,BER3
#22374463,Hedoine,BER3
#22374462,Hedoine,BER3
#22374461,Hedoine,BER3
#22374460,Hedoine,BER3
#22374459,Hedoine,BER3
#22374458,Hedoine,BER3
#22374457,Hedoine,BER3
#22374456,Hedoine,BER3
#22374455,Hedoine,BER3
#22374454,Hedoine,BER3
#22374453,Hedoine,BER3
#22374452,Hedoine,BER3
#22374451,Hedoine,BER3
#22374450,Hedoine,BER3
#22374449,Hedoine,BER3
#22374448,Hedoine,BER3
#22374447,Hedoine,BER3
#22374446,Hedoine,BER3
#22374445,Hedoine,BER3
#22374444,Hedoine,BER3
#22374443,Hedoine,BER3
#22374442,Hedoine,BER3
#22374441,Hedoine,BER3
#22374440,Hedoine,BER3
#22374439,Hedoine,BER3
#22374438,Hedoine,BER3
#22374437,Hedoine,BER3
#22374436,Hedoine,BER3
#22374435,Hedoine,BER3
#22374434,Hedoine,BER3
#22374433,Hedoine,BER3
#22374432,Hedoine,BER3
#22374431,Hedoine,BER3
#22374430,Hedoine,BER3
#22374429,Hedoine,BER3
#22374428,Hedoine,BER3
#22374427,Hedoine,BER3
#22374426,Hedoine,BER3
#22374425,Hedoine,BER3
#22374424,Hedoine,BER3
#22374423,Hedoine,BER3
#22374422,Hedoine,BER3
#22374421,Hedoine,BER3
#22374420,Hedoine,BER3
#22374419,Hedoine,BER3
#22374418,Hedoine,BER3
#22374417,Hedoine,BER3
#22374416,Hedoine,BER3
#22374415,Hedoine,BER3
#15121,Hej Nika,BER3
#15120,Hej Nika,BER3
#15119,Hej Nika,BER3
#15118,Hej Nika,BER3
#15117,Hej Nika,BER3
#15116,Hej Nika,BER3
#15115,Hej Nika,BER3
#15114,Hej Nika,BER3
#15113,Hej Nika,BER3
#15112,Hej Nika,BER3
#15111,Hej Nika,BER3
#15110,Hej Nika,BER3
#15109,Hej Nika,BER3
#15108,Hej Nika,BER3
#15107,Hej Nika,BER3
#15106,Hej Nika,BER3
#15105,Hej Nika,BER3
#15104,Hej Nika,BER3
#15103,Hej Nika,BER3
#15102,Hej Nika,BER3
#15101,Hej Nika,BER3
#15100,Hej Nika,BER3
#15099,Hej Nika,BER3
#15098,Hej Nika,BER3
#15097,Hej Nika,BER3
#15096,Hej Nika,BER3
#15095,Hej Nika,BER3
#15094,Hej Nika,BER3
#15093,Hej Nika,BER3
#15092,Hej Nika,BER3
#15091,Hej Nika,BER3
#15090,Hej Nika,BER3
#15089,Hej Nika,BER3
#15088,Hej Nika,BER3
#15087,Hej Nika,BER3
#15086,Hej Nika,BER3
#15085,Hej Nika,BER3
#15084,Hej Nika,BER3
#15083,Hej Nika,BER3
#15082,Hej Nika,BER3
#15081,Hej Nika,BER3
#15080,Hej Nika,BER3
#15079,Hej Nika,BER3
#15078,Hej Nika,BER3
#15077,Hej Nika,BER3
#15076,Hej Nika,BER3
#15075,Hej Nika,BER3
#15074,Hej Nika,BER3
#15073,Hej Nika,BER3
#15072,Hej Nika,BER3
#14741,Hello Inside,BER3
1KQN8Q,Hello Inside,BER3
1KQMEM,Hello Inside,BER3
#14738,Hello Inside,BER3
1KQHRJ,Hello Inside,BER3
#14736,Hello Inside,BER3
#14735,Hello Inside,BER3
#14734,Hello Inside,BER3
#14733,Hello Inside,BER3
#14732,Hello Inside,BER3
#14731,Hello Inside,BER3
1KQ48Z,Hello Inside,BER3
#14729,Hello Inside,BER3
1KPWNJ,Hello Inside,BER3
1KPTDS,Hello Inside,BER3
AB-0076,Hello Inside,BER3
AB-0075,Hello Inside,BER3
AB-0074,Hello Inside,BER3
1KPQC3,Hello Inside,BER3
ES-2042,Hello Inside,BER3
#14725,Hello Inside,BER3
#14724,Hello Inside,BER3
1KPFC4,Hello Inside,BER3
#14722,Hello Inside,BER3
#14721,Hello Inside,BER3
#14720,Hello Inside,BER3
ES-2041,Hello Inside,BER3
#14719,Hello Inside,BER3
#14718,Hello Inside,BER3
ES-2040,Hello Inside,BER3
#14717,Hello Inside,BER3
1KOG2F,Hello Inside,BER3
#14715,Hello Inside,BER3
#14714,Hello Inside,BER3
#13824a,Hello Inside,BER3
#14713,Hello Inside,BER3
1KOCTV,Hello Inside,BER3
#14711,Hello Inside,BER3
#14710,Hello Inside,BER3
#14709,Hello Inside,BER3
1KOAWC,Hello Inside,BER3
1KO89V,Hello Inside,BER3
1KO1NP,Hello Inside,BER3
ES-2039,Hello Inside,BER3
ES-2038,Hello Inside,BER3
#14705,Hello Inside,BER3
#14704,Hello Inside,BER3
ES-2037,Hello Inside,BER3
ES-2036,Hello Inside,BER3
#14703,Hello Inside,BER3
2453,Hive Standard Material,BER3
2447,Hive Standard Material,BER3
1957,Hive Standard Material,BER3
1881,Hive Standard Material,BER3
14157,HomageSpot,BER3
14155,HomageSpot,BER3
14154,HomageSpot,BER3
14153,HomageSpot,BER3
14151,HomageSpot,BER3
AB2026820401,Horl,BER3
AB2026820226,Horl,BER3
AB2026820162,Horl,BER3
AB2026820630,Horl,BER3
AB2026820309,Horl,BER3
AB2026819991,Horl,BER3
AB2026821018,Horl,BER3
AB2026820474,Horl,BER3
AB2026820607,Horl,BER3
AB2026820551,Horl,BER3
AB2026820251,Horl,BER3
AB2026821027,Horl,BER3
AB2026821036,Horl,BER3
AB2026820201,Horl,BER3
AB2026820108,Horl,BER3
AB2026820148,Horl,BER3
AB2026820552,Horl,BER3
AB2026821202,Horl,BER3
AB2026820213,Horl,BER3
AB2026820094,Horl,BER3
AB2026820358,Horl,BER3
AB2026820651,Horl,BER3
AB2026820518,Horl,BER3
AB2026820400,Horl,BER3
AB2026820155,Horl,BER3
AB2026820538,Horl,BER3
AB2026820447,Horl,BER3
AB2026820629,Horl,BER3
AB2026820012,Horl,BER3
AB2026821032,Horl,BER3
AB2026820070,Horl,BER3
AB2026820149,Horl,BER3
AB2026821221,Horl,BER3
AB2026821071,Horl,BER3
AB2026820696,Horl,BER3
AB2026821090,Horl,BER3
AB2026821117,Horl,BER3
AB2026820461,Horl,BER3
AB2026820074,Horl,BER3
AB2026820803,Horl,BER3
AB2026820707,Horl,BER3
AB2026820176,Horl,BER3
AB2026820055,Horl,BER3
AB2026821130,Horl,BER3
AB2026821102,Horl,BER3
AB2026820426,Horl,BER3
AB2026820086,Horl,BER3
AB2026820255,Horl,BER3
AB2026820441,Horl,BER3
AB2026820190,Horl,BER3
#514277,Hunter & Gather Foods,BER3
#514276,Hunter & Gather Foods,BER3
#514275,Hunter & Gather Foods,BER3
#514274,Hunter & Gather Foods,BER3
#514273,Hunter & Gather Foods,BER3
#514272,Hunter & Gather Foods,BER3
#514271,Hunter & Gather Foods,BER3
#514270,Hunter & Gather Foods,BER3
#514269,Hunter & Gather Foods,BER3
#514268,Hunter & Gather Foods,BER3
#514267,Hunter & Gather Foods,BER3
#514266,Hunter & Gather Foods,BER3
#514265,Hunter & Gather Foods,BER3
#514264,Hunter & Gather Foods,BER3
#514263,Hunter & Gather Foods,BER3
#514262,Hunter & Gather Foods,BER3
#514261,Hunter & Gather Foods,BER3
#514260,Hunter & Gather Foods,BER3
#514259,Hunter & Gather Foods,BER3
#514258,Hunter & Gather Foods,BER3
#514257,Hunter & Gather Foods,BER3
#514256,Hunter & Gather Foods,BER3
#514255,Hunter & Gather Foods,BER3
#514254,Hunter & Gather Foods,BER3
#514253,Hunter & Gather Foods,BER3
#514252,Hunter & Gather Foods,BER3
#514251,Hunter & Gather Foods,BER3
#514250,Hunter & Gather Foods,BER3
#514249,Hunter & Gather Foods,BER3
#514248,Hunter & Gather Foods,BER3
#514247,Hunter & Gather Foods,BER3
#514246,Hunter & Gather Foods,BER3
#514245,Hunter & Gather Foods,BER3
#514244,Hunter & Gather Foods,BER3
#514243,Hunter & Gather Foods,BER3
#514242,Hunter & Gather Foods,BER3
#514241,Hunter & Gather Foods,BER3
#514240,Hunter & Gather Foods,BER3
#514239,Hunter & Gather Foods,BER3
#514238,Hunter & Gather Foods,BER3
#514237,Hunter & Gather Foods,BER3
#514236,Hunter & Gather Foods,BER3
#514235,Hunter & Gather Foods,BER3
#514234,Hunter & Gather Foods,BER3
#514233,Hunter & Gather Foods,BER3
#514232,Hunter & Gather Foods,BER3
#514231,Hunter & Gather Foods,BER3
#514230,Hunter & Gather Foods,BER3
#514229,Hunter & Gather Foods,BER3
#514228,Hunter & Gather Foods,BER3
137555,Hydraid,BER3
137554,Hydraid,BER3
137553,Hydraid,BER3
137552,Hydraid,BER3
137551,Hydraid,BER3
137550,Hydraid,BER3
137549,Hydraid,BER3
137548,Hydraid,BER3
137547,Hydraid,BER3
137546,Hydraid,BER3
137545,Hydraid,BER3
137544,Hydraid,BER3
137543,Hydraid,BER3
137542,Hydraid,BER3
137541,Hydraid,BER3
137540,Hydraid,BER3
B2C000514,Hydraid,BER3
137539,Hydraid,BER3
137538,Hydraid,BER3
137537,Hydraid,BER3
137536,Hydraid,BER3
137535,Hydraid,BER3
137534,Hydraid,BER3
137533,Hydraid,BER3
137532,Hydraid,BER3
137531,Hydraid,BER3
137530,Hydraid,BER3
137529,Hydraid,BER3
137528,Hydraid,BER3
137527,Hydraid,BER3
137526,Hydraid,BER3
137525,Hydraid,BER3
137524,Hydraid,BER3
137523,Hydraid,BER3
137522,Hydraid,BER3
137521,Hydraid,BER3
B2C000512,Hydraid,BER3
B2B000112,Hydraid,BER3
137520,Hydraid,BER3
137519,Hydraid,BER3
137518,Hydraid,BER3
137517,Hydraid,BER3
137516,Hydraid,BER3
137515,Hydraid,BER3
137514,Hydraid,BER3
137513,Hydraid,BER3
137512,Hydraid,BER3
137511,Hydraid,BER3
137510,Hydraid,BER3
137509,Hydraid,BER3
#1005,ICLC Academy,BER3
DE58255,Ingarden,BER3
DE58254,Ingarden,BER3
DE58253,Ingarden,BER3
DE58252,Ingarden,BER3
DE58251,Ingarden,BER3
DE58250,Ingarden,BER3
DE58249,Ingarden,BER3
DE58248,Ingarden,BER3
DE58247,Ingarden,BER3
DE58246,Ingarden,BER3
DE58245,Ingarden,BER3
DE58244,Ingarden,BER3
DE58243,Ingarden,BER3
DE58242,Ingarden,BER3
DE58241,Ingarden,BER3
DE58240,Ingarden,BER3
DE58239,Ingarden,BER3
DE58238,Ingarden,BER3
DE58237,Ingarden,BER3
DE58236,Ingarden,BER3
DE58235,Ingarden,BER3
DE58234,Ingarden,BER3
DE58233,Ingarden,BER3
DE58232,Ingarden,BER3
DE58231,Ingarden,BER3
DE58230,Ingarden,BER3
DE58229,Ingarden,BER3
DE58228,Ingarden,BER3
DE58227,Ingarden,BER3
DE58226,Ingarden,BER3
DE58225,Ingarden,BER3
DE58224,Ingarden,BER3
DE58223,Ingarden,BER3
DE58222,Ingarden,BER3
DE58221,Ingarden,BER3
DE58220,Ingarden,BER3
DE58219,Ingarden,BER3
DE58218,Ingarden,BER3
DE58217,Ingarden,BER3
DE58216,Ingarden,BER3
DE58215,Ingarden,BER3
DE58213,Ingarden,BER3
DE58214,Ingarden,BER3
DE58212,Ingarden,BER3
DE58211,Ingarden,BER3
DE58210,Ingarden,BER3
DE58209,Ingarden,BER3
DE58208,Ingarden,BER3
DE58207,Ingarden,BER3
DE58206,Ingarden,BER3
#805863,Inkster,BER3
#805862,Inkster,BER3
#805861,Inkster,BER3
#805860,Inkster,BER3
#805859,Inkster,BER3
#805858,Inkster,BER3
#805857,Inkster,BER3
#805856,Inkster,BER3
#805855,Inkster,BER3
#805854,Inkster,BER3
#805853,Inkster,BER3
#805852,Inkster,BER3
#805851,Inkster,BER3
#805850,Inkster,BER3
#805849,Inkster,BER3
#805848,Inkster,BER3
#805847,Inkster,BER3
#805846,Inkster,BER3
#805845,Inkster,BER3
#805844,Inkster,BER3
#805843,Inkster,BER3
#805842,Inkster,BER3
#805840,Inkster,BER3
#805839,Inkster,BER3
#805838,Inkster,BER3
#805837,Inkster,BER3
#805836,Inkster,BER3
#805835,Inkster,BER3
#805834,Inkster,BER3
#805833,Inkster,BER3
#805832,Inkster,BER3
#805831,Inkster,BER3
#805830,Inkster,BER3
#805829,Inkster,BER3
#805828,Inkster,BER3
#805827,Inkster,BER3
#805826,Inkster,BER3
#805825,Inkster,BER3
#805824,Inkster,BER3
#805823,Inkster,BER3
#805822,Inkster,BER3
#805821,Inkster,BER3
#805820,Inkster,BER3
#805819,Inkster,BER3
#805818,Inkster,BER3
#805817,Inkster,BER3
#805816,Inkster,BER3
#805815,Inkster,BER3
#805814,Inkster,BER3
#805813,Inkster,BER3
530140692,Into Life,BER3
530140691,Into Life,BER3
530140690,Into Life,BER3
530140688,Into Life,BER3
530140686,Into Life,BER3
530140687,Into Life,BER3
530140685,Into Life,BER3
530140683,Into Life,BER3
530140684,Into Life,BER3
530140681,Into Life,BER3
530140682,Into Life,BER3
530140679,Into Life,BER3
530140680,Into Life,BER3
530140678,Into Life,BER3
530140677,Into Life,BER3
530140676,Into Life,BER3
530140675,Into Life,BER3
530140673,Into Life,BER3
530140674,Into Life,BER3
530140672,Into Life,BER3
530140671,Into Life,BER3
530140670,Into Life,BER3
530140669,Into Life,BER3
530140668,Into Life,BER3
530140667,Into Life,BER3
530140666,Into Life,BER3
530140665,Into Life,BER3
530140664,Into Life,BER3
530140663,Into Life,BER3
530140662,Into Life,BER3
530140661,Into Life,BER3
530140660,Into Life,BER3
530140659,Into Life,BER3
530140657,Into Life,BER3
530140658,Into Life,BER3
530140656,Into Life,BER3
530140655,Into Life,BER3
530140654,Into Life,BER3
530140652,Into Life,BER3
530140653,Into Life,BER3
530140651,Into Life,BER3
530140650,Into Life,BER3
530140649,Into Life,BER3
530140648,Into Life,BER3
530140647,Into Life,BER3
530140584,Into Life,BER3
530140646,Into Life,BER3
530140644,Into Life,BER3
530140643,Into Life,BER3
530140642,Into Life,BER3
FBA15LTYK0G3,Jodora,BER3
FBA15LTX2GGH,Jodora,BER3
FBA15LV0T2C4,Jodora,BER3
#1004,Jodora,BER3
FBA15LPS4V7V,Jodora,BER3
#1003,Jodora,BER3
#1002,Jodora,BER3
#1001,Jodora,BER3
FBA15LJP4MSS,Jodora,BER3
#BP1435,KAA Supplements,BER3
#BP1434,KAA Supplements,BER3
#BP1433,KAA Supplements,BER3
#BP1432,KAA Supplements,BER3
#BP1431,KAA Supplements,BER3
#BP1430,KAA Supplements,BER3
#BP1429,KAA Supplements,BER3
#BP1428,KAA Supplements,BER3
#BP1427,KAA Supplements,BER3
#BP1426,KAA Supplements,BER3
#BP1425,KAA Supplements,BER3
#BP1424,KAA Supplements,BER3
#BP1423,KAA Supplements,BER3
#BP1422,KAA Supplements,BER3
#BP1421,KAA Supplements,BER3
#BP1420,KAA Supplements,BER3
#BP1419,KAA Supplements,BER3
#BP1418,KAA Supplements,BER3
#BP1417,KAA Supplements,BER3
#BP1416,KAA Supplements,BER3
#BP1415,KAA Supplements,BER3
#BP1414,KAA Supplements,BER3
#BP1413,KAA Supplements,BER3
#BP1412,KAA Supplements,BER3
#BP1411,KAA Supplements,BER3
#BP1410,KAA Supplements,BER3
#BP1409,KAA Supplements,BER3
#BP1408,KAA Supplements,BER3
#BP1407,KAA Supplements,BER3
#BP1406,KAA Supplements,BER3
#BP1405,KAA Supplements,BER3
#BP1404,KAA Supplements,BER3
#BP1403,KAA Supplements,BER3
#BP1402,KAA Supplements,BER3
#BP1401,KAA Supplements,BER3
#BP1400,KAA Supplements,BER3
#BP1399,KAA Supplements,BER3
#BP1398,KAA Supplements,BER3
#BP1397,KAA Supplements,BER3
#BP1396,KAA Supplements,BER3
#BP1395,KAA Supplements,BER3
#BP1394,KAA Supplements,BER3
#BP1393,KAA Supplements,BER3
#BP1392,KAA Supplements,BER3
#BP1391,KAA Supplements,BER3
#BP1390,KAA Supplements,BER3
#BP1389,KAA Supplements,BER3
#BP1388,KAA Supplements,BER3
#BP1387,KAA Supplements,BER3
#BP1386,KAA Supplements,BER3
#10250,KIBGame,BER3
#10249,KIBGame,BER3
#10248,KIBGame,BER3
#10247,KIBGame,BER3
#10246,KIBGame,BER3
#10245,KIBGame,BER3
#10244,KIBGame,BER3
#10243,KIBGame,BER3
#10242,KIBGame,BER3
#10241,KIBGame,BER3
#10240,KIBGame,BER3
#10239,KIBGame,BER3
#10238,KIBGame,BER3
#10237,KIBGame,BER3
#10236,KIBGame,BER3
#10235,KIBGame,BER3
#10234,KIBGame,BER3
#10233,KIBGame,BER3
#10232,KIBGame,BER3
#10231,KIBGame,BER3
#10230,KIBGame,BER3
#10229,KIBGame,BER3
#10228,KIBGame,BER3
#10227,KIBGame,BER3
#10226,KIBGame,BER3
#10225,KIBGame,BER3
#10224,KIBGame,BER3
#10223,KIBGame,BER3
#10222,KIBGame,BER3
#10221,KIBGame,BER3
#10220,KIBGame,BER3
#10219,KIBGame,BER3
#2570,KIBGame,BER3
#10218,KIBGame,BER3
#10217,KIBGame,BER3
#10216,KIBGame,BER3
#10215,KIBGame,BER3
#10214,KIBGame,BER3
#10213,KIBGame,BER3
#10212,KIBGame,BER3
#10211,KIBGame,BER3
#10210,KIBGame,BER3
#10209,KIBGame,BER3
#10208,KIBGame,BER3
#10207,KIBGame,BER3
#10206,KIBGame,BER3
#10205,KIBGame,BER3
#10204,KIBGame,BER3
#10203,KIBGame,BER3
#10202,KIBGame,BER3
#4534,KatKare,BER3
#4533,KatKare,BER3
#4532,KatKare,BER3
#4531,KatKare,BER3
#4530,KatKare,BER3
#4529,KatKare,BER3
#4528,KatKare,BER3
#4527,KatKare,BER3
#4526,KatKare,BER3
#4525,KatKare,BER3
#4524,KatKare,BER3
#4523,KatKare,BER3
#4522,KatKare,BER3
#4521,KatKare,BER3
#4520,KatKare,BER3
#4519,KatKare,BER3
#4518,KatKare,BER3
#4517,KatKare,BER3
#4516,KatKare,BER3
#4515,KatKare,BER3
#4514,KatKare,BER3
#4513,KatKare,BER3
#4512,KatKare,BER3
#4511,KatKare,BER3
#4510,KatKare,BER3
#4509,KatKare,BER3
#4508,KatKare,BER3
#4507,KatKare,BER3
#4506,KatKare,BER3
#4505,KatKare,BER3
#4504,KatKare,BER3
#4503,KatKare,BER3
#4502,KatKare,BER3
#4501,KatKare,BER3
#4500,KatKare,BER3
#4499,KatKare,BER3
#4498,KatKare,BER3
#4497,KatKare,BER3
#4496,KatKare,BER3
#4495,KatKare,BER3
#4494,KatKare,BER3
#4493,KatKare,BER3
1KI7J4,KatKare,BER3
B2C000203,KatKare,BER3
#4491,KatKare,BER3
#4490,KatKare,BER3
#4489,KatKare,BER3
#4488,KatKare,BER3
#4487,KatKare,BER3
#4486,KatKare,BER3
8214804,Kekz,BER3
8214803,Kekz,BER3
8214802,Kekz,BER3
8214801,Kekz,BER3
8214800,Kekz,BER3
8214799,Kekz,BER3
8214798,Kekz,BER3
8214797,Kekz,BER3
8214796,Kekz,BER3
8214795,Kekz,BER3
8214794,Kekz,BER3
8214793,Kekz,BER3
8214792,Kekz,BER3
8214791,Kekz,BER3
8214790,Kekz,BER3
8214789,Kekz,BER3
8214788,Kekz,BER3
8214787,Kekz,BER3
8214786,Kekz,BER3
8214785,Kekz,BER3
8214784,Kekz,BER3
8214783,Kekz,BER3
8214782,Kekz,BER3
8214781,Kekz,BER3
8214780,Kekz,BER3
8214779,Kekz,BER3
8214778,Kekz,BER3
8214777,Kekz,BER3
8214776,Kekz,BER3
8214775,Kekz,BER3
8214774,Kekz,BER3
8214773,Kekz,BER3
8214772,Kekz,BER3
8214771,Kekz,BER3
8214770,Kekz,BER3
8214769,Kekz,BER3
8214768,Kekz,BER3
8214767,Kekz,BER3
8214766,Kekz,BER3
8214765,Kekz,BER3
8214764,Kekz,BER3
8214763,Kekz,BER3
8214762,Kekz,BER3
8214761,Kekz,BER3
8214760,Kekz,BER3
8214759,Kekz,BER3
8214758,Kekz,BER3
8214757,Kekz,BER3
8214756,Kekz,BER3
8214755,Kekz,BER3
final moveout order,Kernpunkt Connect UG,BER3
Moveout order,Kernpunkt Connect UG,BER3
B2B000011,Kernpunkt Connect UG,BER3
B2C000010,Kernpunkt Connect UG,BER3
bcbedf-1615,Kernpunkt Connect UG,BER3
bcbedf-1610,Kernpunkt Connect UG,BER3
bcbedf-1595,Kernpunkt Connect UG,BER3
bcbedf-1598,Kernpunkt Connect UG,BER3
B1594,Kernpunkt Connect UG,BER3
Rechnung RE202602-0009,Kernpunkt Connect UG,BER3
BNr1593 Rechnung 2026-0025,Kernpunkt Connect UG,BER3
BNr1592 Rechnung 2026-0024,Kernpunkt Connect UG,BER3
1591,Kernpunkt Connect UG,BER3
AB0010,Kernpunkt Connect UG,BER3
AB0009,Kernpunkt Connect UG,BER3
1589,Kernpunkt Connect UG,BER3
AB0006,Kernpunkt Connect UG,BER3
1584,Kernpunkt Connect UG,BER3
1583,Kernpunkt Connect UG,BER3
1582,Kernpunkt Connect UG,BER3
1581,Kernpunkt Connect UG,BER3
1579,Kernpunkt Connect UG,BER3
#LZ16241,LEZU,BER3
#LZ16240,LEZU,BER3
#LZ16239,LEZU,BER3
#LZ16238,LEZU,BER3
#LZ16237,LEZU,BER3
#LZ16236,LEZU,BER3
#LZ16235,LEZU,BER3
#LZ16234,LEZU,BER3
#LZ16233,LEZU,BER3
#LZ16232,LEZU,BER3
#LZ16231,LEZU,BER3
#LZ16230,LEZU,BER3
#LZ16229,LEZU,BER3
#LZ16228,LEZU,BER3
#LZ16227,LEZU,BER3
#LZ16226,LEZU,BER3
#LZ16225,LEZU,BER3
#LZ16224,LEZU,BER3
#LZ16223,LEZU,BER3
#LZ16222,LEZU,BER3
#LZ16221,LEZU,BER3
#LZ16220,LEZU,BER3
#LZ16219,LEZU,BER3
#LZ16218,LEZU,BER3
#LZ16217,LEZU,BER3
#LZ16216,LEZU,BER3
#LZ16215,LEZU,BER3
#LZ16214,LEZU,BER3
#LZ16213,LEZU,BER3
#LZ16212,LEZU,BER3
#LZ16211,LEZU,BER3
#LZ16210,LEZU,BER3
#LZ16209,LEZU,BER3
#LZ16208,LEZU,BER3
#LZ16207,LEZU,BER3
#LZ16206,LEZU,BER3
#LZ16205,LEZU,BER3
#LZ16204,LEZU,BER3
#LZ16203,LEZU,BER3
#LZ16202,LEZU,BER3
#LZ16201,LEZU,BER3
#LZ16200,LEZU,BER3
#LZ16199,LEZU,BER3
#LZ16198,LEZU,BER3
#LZ16197,LEZU,BER3
#LZ16196,LEZU,BER3
#LZ16195,LEZU,BER3
#LZ16194,LEZU,BER3
#LZ16193,LEZU,BER3
#LZ16192,LEZU,BER3
93291862,LIFETIME,BER3
93291861,LIFETIME,BER3
93291860,LIFETIME,BER3
93291859,LIFETIME,BER3
93291858,LIFETIME,BER3
93291857,LIFETIME,BER3
93291856,LIFETIME,BER3
93291855,LIFETIME,BER3
93291854,LIFETIME,BER3
93291853,LIFETIME,BER3
93291852,LIFETIME,BER3
93291851,LIFETIME,BER3
93291850,LIFETIME,BER3
93291849,LIFETIME,BER3
93291848,LIFETIME,BER3
93291847,LIFETIME,BER3
93291846,LIFETIME,BER3
93291845,LIFETIME,BER3
93291844,LIFETIME,BER3
93291843,LIFETIME,BER3
93291842,LIFETIME,BER3
93291841,LIFETIME,BER3
93291840,LIFETIME,BER3
93291839,LIFETIME,BER3
93291838,LIFETIME,BER3
93291837,LIFETIME,BER3
93291836,LIFETIME,BER3
93291835,LIFETIME,BER3
93291834,LIFETIME,BER3
93291833,LIFETIME,BER3
93291832,LIFETIME,BER3
93291831,LIFETIME,BER3
93291830,LIFETIME,BER3
93291829,LIFETIME,BER3
93291828,LIFETIME,BER3
93291827,LIFETIME,BER3
93291826,LIFETIME,BER3
93291825,LIFETIME,BER3
93291824,LIFETIME,BER3
93291823,LIFETIME,BER3
93291822,LIFETIME,BER3
93291821,LIFETIME,BER3
93291820,LIFETIME,BER3
93291819,LIFETIME,BER3
93291818,LIFETIME,BER3
93291817,LIFETIME,BER3
93291816,LIFETIME,BER3
93291815,LIFETIME,BER3
93291814,LIFETIME,BER3
93291813,LIFETIME,BER3
Inventory,Ladneri GmbH,BER3
Inventory,Ladneri GmbH,BER3
#10001055,Ladneri GmbH,BER3
#10001054,Ladneri GmbH,BER3
#10001053,Ladneri GmbH,BER3
#10001051,Ladneri GmbH,BER3
#10001050,Ladneri GmbH,BER3
#10001049,Ladneri GmbH,BER3
#10001048,Ladneri GmbH,BER3
#10001047,Ladneri GmbH,BER3
#10001046,Ladneri GmbH,BER3
#10001045,Ladneri GmbH,BER3
#10001044,Ladneri GmbH,BER3
#10001043,Ladneri GmbH,BER3
#10001042,Ladneri GmbH,BER3
#10001041,Ladneri GmbH,BER3
#10001040,Ladneri GmbH,BER3
#10001039,Ladneri GmbH,BER3
#10001038,Ladneri GmbH,BER3
#10001037,Ladneri GmbH,BER3
#10001036,Ladneri GmbH,BER3
#10001035,Ladneri GmbH,BER3
#10001034,Ladneri GmbH,BER3
#10001033,Ladneri GmbH,BER3
#10001032,Ladneri GmbH,BER3
#10001031,Ladneri GmbH,BER3
#10001030,Ladneri GmbH,BER3
#10001029,Ladneri GmbH,BER3
#10001028,Ladneri GmbH,BER3
#10001027,Ladneri GmbH,BER3
#10001026,Ladneri GmbH,BER3
#10001025,Ladneri GmbH,BER3
#10001024,Ladneri GmbH,BER3
#10001023,Ladneri GmbH,BER3
#10001022,Ladneri GmbH,BER3
#10001021,Ladneri GmbH,BER3
#10001020,Ladneri GmbH,BER3
#10001019,Ladneri GmbH,BER3
#10001018,Ladneri GmbH,BER3
#10001017,Ladneri GmbH,BER3
#10001016,Ladneri GmbH,BER3
#10001015,Ladneri GmbH,BER3
#10001014,Ladneri GmbH,BER3
#10001013,Ladneri GmbH,BER3
#10001012,Ladneri GmbH,BER3
#10001011,Ladneri GmbH,BER3
#10001010,Ladneri GmbH,BER3
#10001009,Ladneri GmbH,BER3
#10001008,Ladneri GmbH,BER3
#10001007,Ladneri GmbH,BER3
CH28594,LediBelle (Appenzeller),BER3
CH28593,LediBelle (Appenzeller),BER3
CH28592,LediBelle (Appenzeller),BER3
CH28591,LediBelle (Appenzeller),BER3
CH28590,LediBelle (Appenzeller),BER3
CH28589,LediBelle (Appenzeller),BER3
CH28588,LediBelle (Appenzeller),BER3
CH28587,LediBelle (Appenzeller),BER3
CH28586,LediBelle (Appenzeller),BER3
CH28585,LediBelle (Appenzeller),BER3
CH28584,LediBelle (Appenzeller),BER3
CH28583,LediBelle (Appenzeller),BER3
CH28582,LediBelle (Appenzeller),BER3
CH28581,LediBelle (Appenzeller),BER3
CH28580,LediBelle (Appenzeller),BER3
CH28579,LediBelle (Appenzeller),BER3
CH28578,LediBelle (Appenzeller),BER3
CH28577,LediBelle (Appenzeller),BER3
CH28576,LediBelle (Appenzeller),BER3
CH28575,LediBelle (Appenzeller),BER3
CH28574,LediBelle (Appenzeller),BER3
CH28573,LediBelle (Appenzeller),BER3
CH28572,LediBelle (Appenzeller),BER3
CH28571,LediBelle (Appenzeller),BER3
CH28570,LediBelle (Appenzeller),BER3
DBDE2946,LediBelle (Appenzeller),BER3
CH28569,LediBelle (Appenzeller),BER3
CH28568,LediBelle (Appenzeller),BER3
CH28567,LediBelle (Appenzeller),BER3
CH28566,LediBelle (Appenzeller),BER3
CH28565,LediBelle (Appenzeller),BER3
CH28564,LediBelle (Appenzeller),BER3
CH28563,LediBelle (Appenzeller),BER3
DBDE2945,LediBelle (Appenzeller),BER3
DBDE2944,LediBelle (Appenzeller),BER3
CH28562,LediBelle (Appenzeller),BER3
CH28561,LediBelle (Appenzeller),BER3
CH28560,LediBelle (Appenzeller),BER3
CH28559,LediBelle (Appenzeller),BER3
CH28558,LediBelle (Appenzeller),BER3
CH28557,LediBelle (Appenzeller),BER3
CH28556,LediBelle (Appenzeller),BER3
CH28555,LediBelle (Appenzeller),BER3
CH28554,LediBelle (Appenzeller),BER3
CH28553,LediBelle (Appenzeller),BER3
CH28552,LediBelle (Appenzeller),BER3
CH28551,LediBelle (Appenzeller),BER3
CH28550,LediBelle (Appenzeller),BER3
CH28549,LediBelle (Appenzeller),BER3
CH28548,LediBelle (Appenzeller),BER3
#27011211,Lethem Bros & Mellin GmbH,BER3
#27011210,Lethem Bros & Mellin GmbH,BER3
#27011209,Lethem Bros & Mellin GmbH,BER3
#27011208,Lethem Bros & Mellin GmbH,BER3
#27011207,Lethem Bros & Mellin GmbH,BER3
#27011206,Lethem Bros & Mellin GmbH,BER3
#27011205,Lethem Bros & Mellin GmbH,BER3
#27011204,Lethem Bros & Mellin GmbH,BER3
#27011203,Lethem Bros & Mellin GmbH,BER3
#27011202,Lethem Bros & Mellin GmbH,BER3
#27011201,Lethem Bros & Mellin GmbH,BER3
#27011200,Lethem Bros & Mellin GmbH,BER3
#27011199,Lethem Bros & Mellin GmbH,BER3
#27011198,Lethem Bros & Mellin GmbH,BER3
#27011197,Lethem Bros & Mellin GmbH,BER3
#27011196,Lethem Bros & Mellin GmbH,BER3
#27011195,Lethem Bros & Mellin GmbH,BER3
#27011194,Lethem Bros & Mellin GmbH,BER3
#27011193,Lethem Bros & Mellin GmbH,BER3
#27011192,Lethem Bros & Mellin GmbH,BER3
#27011191,Lethem Bros & Mellin GmbH,BER3
#27011190,Lethem Bros & Mellin GmbH,BER3
#27011189,Lethem Bros & Mellin GmbH,BER3
#27011188,Lethem Bros & Mellin GmbH,BER3
#27011187,Lethem Bros & Mellin GmbH,BER3
#27011186,Lethem Bros & Mellin GmbH,BER3
#27011185,Lethem Bros & Mellin GmbH,BER3
#27011184,Lethem Bros & Mellin GmbH,BER3
#27011183,Lethem Bros & Mellin GmbH,BER3
#27011182,Lethem Bros & Mellin GmbH,BER3
#27011181,Lethem Bros & Mellin GmbH,BER3
#27011180,Lethem Bros & Mellin GmbH,BER3
#27011179,Lethem Bros & Mellin GmbH,BER3
#27011178,Lethem Bros & Mellin GmbH,BER3
#27011177,Lethem Bros & Mellin GmbH,BER3
#27011176,Lethem Bros & Mellin GmbH,BER3
#27011175,Lethem Bros & Mellin GmbH,BER3
#27011174,Lethem Bros & Mellin GmbH,BER3
#27011173,Lethem Bros & Mellin GmbH,BER3
#27011172,Lethem Bros & Mellin GmbH,BER3
#27011171,Lethem Bros & Mellin GmbH,BER3
#27011170,Lethem Bros & Mellin GmbH,BER3
#27011169,Lethem Bros & Mellin GmbH,BER3
#27011168,Lethem Bros & Mellin GmbH,BER3
#27011167,Lethem Bros & Mellin GmbH,BER3
#27011166,Lethem Bros & Mellin GmbH,BER3
#27011165,Lethem Bros & Mellin GmbH,BER3
#27011164,Lethem Bros & Mellin GmbH,BER3
#27011163,Lethem Bros & Mellin GmbH,BER3
#27011162,Lethem Bros & Mellin GmbH,BER3
LLC184883,Lily & Loaf International Ltd,BER3
LLC184882,Lily & Loaf International Ltd,BER3
LLC184881,Lily & Loaf International Ltd,BER3
LLC184880,Lily & Loaf International Ltd,BER3
LLC184879,Lily & Loaf International Ltd,BER3
LLC184878,Lily & Loaf International Ltd,BER3
LLR25173,Lily & Loaf International Ltd,BER3
LLC184877,Lily & Loaf International Ltd,BER3
LLC184876,Lily & Loaf International Ltd,BER3
LLC184875,Lily & Loaf International Ltd,BER3
LLC184874,Lily & Loaf International Ltd,BER3
LLC184873,Lily & Loaf International Ltd,BER3
LLC184872,Lily & Loaf International Ltd,BER3
LLC184871,Lily & Loaf International Ltd,BER3
LLC184870,Lily & Loaf International Ltd,BER3
LLR25172,Lily & Loaf International Ltd,BER3
LLC184869,Lily & Loaf International Ltd,BER3
LLC184868,Lily & Loaf International Ltd,BER3
LLC184867,Lily & Loaf International Ltd,BER3
LLC184866,Lily & Loaf International Ltd,BER3
LLR25171,Lily & Loaf International Ltd,BER3
LLC184865,Lily & Loaf International Ltd,BER3
LLC184864,Lily & Loaf International Ltd,BER3
LLC184863,Lily & Loaf International Ltd,BER3
LLC184862,Lily & Loaf International Ltd,BER3
LLC184861,Lily & Loaf International Ltd,BER3
LLR25170,Lily & Loaf International Ltd,BER3
LLC184860,Lily & Loaf International Ltd,BER3
LLC184859,Lily & Loaf International Ltd,BER3
LLR25169,Lily & Loaf International Ltd,BER3
LLC184858,Lily & Loaf International Ltd,BER3
LLC184857,Lily & Loaf International Ltd,BER3
LLC184856,Lily & Loaf International Ltd,BER3
LLC184855,Lily & Loaf International Ltd,BER3
LLR25168,Lily & Loaf International Ltd,BER3
LLR25167,Lily & Loaf International Ltd,BER3
LLC184854,Lily & Loaf International Ltd,BER3
LLC184853,Lily & Loaf International Ltd,BER3
LLR25166,Lily & Loaf International Ltd,BER3
LLC184852,Lily & Loaf International Ltd,BER3
LLR25165,Lily & Loaf International Ltd,BER3
LLC184851,Lily & Loaf International Ltd,BER3
LLC184850,Lily & Loaf International Ltd,BER3
LLC184849,Lily & Loaf International Ltd,BER3
LLC184848,Lily & Loaf International Ltd,BER3
LLC184847,Lily & Loaf International Ltd,BER3
LLC184846,Lily & Loaf International Ltd,BER3
LLR25164,Lily & Loaf International Ltd,BER3
LLC184845,Lily & Loaf International Ltd,BER3
LLR25163,Lily & Loaf International Ltd,BER3
#100543,Little Casimir UG,BER3
#100542,Little Casimir UG,BER3
#100541,Little Casimir UG,BER3
#100540,Little Casimir UG,BER3
#100539,Little Casimir UG,BER3
#100538,Little Casimir UG,BER3
#100537,Little Casimir UG,BER3
#100536,Little Casimir UG,BER3
#100535,Little Casimir UG,BER3
#100534,Little Casimir UG,BER3
#100533,Little Casimir UG,BER3
#100532,Little Casimir UG,BER3
#100531,Little Casimir UG,BER3
#100530,Little Casimir UG,BER3
#100529,Little Casimir UG,BER3
#100528,Little Casimir UG,BER3
#100527,Little Casimir UG,BER3
#100526,Little Casimir UG,BER3
#100525,Little Casimir UG,BER3
#100524,Little Casimir UG,BER3
#100523,Little Casimir UG,BER3
#100522,Little Casimir UG,BER3
#100521,Little Casimir UG,BER3
#100520,Little Casimir UG,BER3
#100519,Little Casimir UG,BER3
#100518,Little Casimir UG,BER3
#100517,Little Casimir UG,BER3
#100516,Little Casimir UG,BER3
#100515,Little Casimir UG,BER3
#100514,Little Casimir UG,BER3
#100513,Little Casimir UG,BER3
#100512,Little Casimir UG,BER3
#100511,Little Casimir UG,BER3
#100510,Little Casimir UG,BER3
#100509,Little Casimir UG,BER3
#100508,Little Casimir UG,BER3
#100507,Little Casimir UG,BER3
#100506,Little Casimir UG,BER3
#100505,Little Casimir UG,BER3
#100504,Little Casimir UG,BER3
#100503,Little Casimir UG,BER3
#100502,Little Casimir UG,BER3
#100501,Little Casimir UG,BER3
#100500,Little Casimir UG,BER3
#100499,Little Casimir UG,BER3
#100498,Little Casimir UG,BER3
#100497,Little Casimir UG,BER3
#100496,Little Casimir UG,BER3
#100495,Little Casimir UG,BER3
#100494,Little Casimir UG,BER3
#6032,Living Root,BER3
#6031,Living Root,BER3
#6030,Living Root,BER3
#6029,Living Root,BER3
#6028,Living Root,BER3
#6027,Living Root,BER3
#6026,Living Root,BER3
#6025,Living Root,BER3
#6024,Living Root,BER3
#6023,Living Root,BER3
#6022,Living Root,BER3
#6021,Living Root,BER3
#6020,Living Root,BER3
#6019,Living Root,BER3
#6018,Living Root,BER3
#6017,Living Root,BER3
#6016,Living Root,BER3
#6015,Living Root,BER3
#6014,Living Root,BER3
#6013,Living Root,BER3
#6012,Living Root,BER3
#6011,Living Root,BER3
#6010,Living Root,BER3
#6009,Living Root,BER3
#6008,Living Root,BER3
#6007,Living Root,BER3
#6006,Living Root,BER3
#6005,Living Root,BER3
#6003,Living Root,BER3
#6004,Living Root,BER3
#6002,Living Root,BER3
#6000,Living Root,BER3
#6001,Living Root,BER3
#5999,Living Root,BER3
#5998,Living Root,BER3
#5997,Living Root,BER3
#5996,Living Root,BER3
#5995,Living Root,BER3
#5994,Living Root,BER3
#5993,Living Root,BER3
#5992,Living Root,BER3
#5991,Living Root,BER3
#5990,Living Root,BER3
#5989,Living Root,BER3
#5988,Living Root,BER3
#5987,Living Root,BER3
#5986,Living Root,BER3
#5985,Living Root,BER3
#5984,Living Root,BER3
#5983,Living Root,BER3
WS3490,Lotuscrafts GmbH,BER3
#444805,Lotuscrafts GmbH,BER3
#444804,Lotuscrafts GmbH,BER3
#444803,Lotuscrafts GmbH,BER3
#444802,Lotuscrafts GmbH,BER3
#444801,Lotuscrafts GmbH,BER3
#444800,Lotuscrafts GmbH,BER3
#444799,Lotuscrafts GmbH,BER3
#444798,Lotuscrafts GmbH,BER3
303-9525814-7613925,Lotuscrafts GmbH,BER3
#444797,Lotuscrafts GmbH,BER3
#444796,Lotuscrafts GmbH,BER3
#444795,Lotuscrafts GmbH,BER3
#444794,Lotuscrafts GmbH,BER3
#444793,Lotuscrafts GmbH,BER3
#444792,Lotuscrafts GmbH,BER3
#444791,Lotuscrafts GmbH,BER3
#444790,Lotuscrafts GmbH,BER3
#444789,Lotuscrafts GmbH,BER3
#444788,Lotuscrafts GmbH,BER3
#444787,Lotuscrafts GmbH,BER3
#444786,Lotuscrafts GmbH,BER3
#444785,Lotuscrafts GmbH,BER3
#444784,Lotuscrafts GmbH,BER3
#444783,Lotuscrafts GmbH,BER3
#444782,Lotuscrafts GmbH,BER3
#444781,Lotuscrafts GmbH,BER3
#444780,Lotuscrafts GmbH,BER3
#444779,Lotuscrafts GmbH,BER3
#444778,Lotuscrafts GmbH,BER3
#444777,Lotuscrafts GmbH,BER3
#444776,Lotuscrafts GmbH,BER3
#444775,Lotuscrafts GmbH,BER3
#444774,Lotuscrafts GmbH,BER3
#444773,Lotuscrafts GmbH,BER3
#444772,Lotuscrafts GmbH,BER3
#444771,Lotuscrafts GmbH,BER3
#444770,Lotuscrafts GmbH,BER3
#444769,Lotuscrafts GmbH,BER3
#444768,Lotuscrafts GmbH,BER3
#444767,Lotuscrafts GmbH,BER3
#444766,Lotuscrafts GmbH,BER3
#444765,Lotuscrafts GmbH,BER3
#444764,Lotuscrafts GmbH,BER3
#444763,Lotuscrafts GmbH,BER3
#444762,Lotuscrafts GmbH,BER3
#444761,Lotuscrafts GmbH,BER3
#444760,Lotuscrafts GmbH,BER3
#444759,Lotuscrafts GmbH,BER3
#444758,Lotuscrafts GmbH,BER3
112058,Lumond,BER3
112057,Lumond,BER3
112056,Lumond,BER3
112055,Lumond,BER3
112054,Lumond,BER3
112053,Lumond,BER3
112052,Lumond,BER3
112051,Lumond,BER3
112050,Lumond,BER3
112049,Lumond,BER3
#4271025214,Lumond,BER3
#4271024214,Lumond,BER3
112048,Lumond,BER3
112047,Lumond,BER3
112046,Lumond,BER3
112045,Lumond,BER3
#4271023214,Lumond,BER3
#4271022214,Lumond,BER3
#4271021214,Lumond,BER3
#4271020214,Lumond,BER3
112043,Lumond,BER3
112044,Lumond,BER3
112042,Lumond,BER3
112041,Lumond,BER3
112038,Lumond,BER3
112037,Lumond,BER3
112036,Lumond,BER3
112035,Lumond,BER3
112034,Lumond,BER3
112031,Lumond,BER3
112030,Lumond,BER3
112028,Lumond,BER3
112027,Lumond,BER3
112026,Lumond,BER3
112025,Lumond,BER3
112024,Lumond,BER3
112023,Lumond,BER3
112022,Lumond,BER3
112021,Lumond,BER3
112020,Lumond,BER3
112019,Lumond,BER3
112018,Lumond,BER3
112017,Lumond,BER3
112016,Lumond,BER3
112015,Lumond,BER3
112014,Lumond,BER3
112013,Lumond,BER3
112012,Lumond,BER3
112011,Lumond,BER3
112010,Lumond,BER3
LYB4520,Lybbie,BER3
LYB4519,Lybbie,BER3
LYB4518,Lybbie,BER3
LYB4517,Lybbie,BER3
LYB4516,Lybbie,BER3
LYB4515,Lybbie,BER3
LYB4514,Lybbie,BER3
LYB4513,Lybbie,BER3
LYB4512,Lybbie,BER3
LYB4511,Lybbie,BER3
LYB4510,Lybbie,BER3
LYB4509,Lybbie,BER3
LYB4508,Lybbie,BER3
LYB4507,Lybbie,BER3
B2C000146,Lybbie,BER3
B2C000145,Lybbie,BER3
LYB4506,Lybbie,BER3
LYB4505,Lybbie,BER3
LYB4504,Lybbie,BER3
LYB4503,Lybbie,BER3
LYB4502,Lybbie,BER3
LYB4501,Lybbie,BER3
LYB4500,Lybbie,BER3
LYB4499,Lybbie,BER3
LYB4498,Lybbie,BER3
LYB4497,Lybbie,BER3
LYB4496,Lybbie,BER3
LYB4495,Lybbie,BER3
LYB4494,Lybbie,BER3
LYB4493,Lybbie,BER3
LYB4492,Lybbie,BER3
LYB4491,Lybbie,BER3
LYB4490,Lybbie,BER3
LYB4489,Lybbie,BER3
LYB4488,Lybbie,BER3
LYB4487,Lybbie,BER3
B2C000144,Lybbie,BER3
B2C000143,Lybbie,BER3
LYB4486,Lybbie,BER3
LYB4485,Lybbie,BER3
LYB4484,Lybbie,BER3
LYB4483,Lybbie,BER3
LYB4482,Lybbie,BER3
LYB4481,Lybbie,BER3
LYB4480,Lybbie,BER3
LYB4479,Lybbie,BER3
LYB4478,Lybbie,BER3
LYB4477,Lybbie,BER3
LYB4476,Lybbie,BER3
LYB4475,Lybbie,BER3
#CL470110DL,MagicHolz,BER3
#CL470109DL,MagicHolz,BER3
#CL470108DL,MagicHolz,BER3
#CL470107DL,MagicHolz,BER3
#CL470106DL,MagicHolz,BER3
#CL470105DL,MagicHolz,BER3
#CL470104DL,MagicHolz,BER3
#CL470103DL,MagicHolz,BER3
#CL470102DL,MagicHolz,BER3
#CL470101DL,MagicHolz,BER3
#CL470100DL,MagicHolz,BER3
#CL470099DL,MagicHolz,BER3
#CL470098DL,MagicHolz,BER3
#CL470097DL,MagicHolz,BER3
#CL470096DL,MagicHolz,BER3
#CL470095DL,MagicHolz,BER3
#CL470094DL,MagicHolz,BER3
#CL470093DL,MagicHolz,BER3
#CL470092DL,MagicHolz,BER3
#CL470091DL,MagicHolz,BER3
#CL470090DL,MagicHolz,BER3
#CL470089DL,MagicHolz,BER3
#CL470088DL,MagicHolz,BER3
#CL470087DL,MagicHolz,BER3
#CL470086DL,MagicHolz,BER3
#CL470085DL,MagicHolz,BER3
#CL470084DL,MagicHolz,BER3
#CL470083DL,MagicHolz,BER3
#CL470082DL,MagicHolz,BER3
#CL470081DL,MagicHolz,BER3
#CL470080DL,MagicHolz,BER3
#CL470079DL,MagicHolz,BER3
#CL470078DL,MagicHolz,BER3
#CL470077DL,MagicHolz,BER3
#CL470076DL,MagicHolz,BER3
#CL470075DL,MagicHolz,BER3
#CL470074DL,MagicHolz,BER3
#CL470073DL,MagicHolz,BER3
#CL470072DL,MagicHolz,BER3
#CL470071DL,MagicHolz,BER3
#CL470070DL,MagicHolz,BER3
#CL470069DL,MagicHolz,BER3
#CL470068DL,MagicHolz,BER3
#CL470067DL,MagicHolz,BER3
#CL470066DL,MagicHolz,BER3
#CL470065DL,MagicHolz,BER3
#CL470064DL,MagicHolz,BER3
#CL470063DL,MagicHolz,BER3
#CL470062DL,MagicHolz,BER3
#CL470061DL,MagicHolz,BER3
2383,Masulo,BER3
2382,Masulo,BER3
2381,Masulo,BER3
2380,Masulo,BER3
2379,Masulo,BER3
2378,Masulo,BER3
2377,Masulo,BER3
2376,Masulo,BER3
2375,Masulo,BER3
2374,Masulo,BER3
2373,Masulo,BER3
2372,Masulo,BER3
2371,Masulo,BER3
2370,Masulo,BER3
2369,Masulo,BER3
2368,Masulo,BER3
2367,Masulo,BER3
2366,Masulo,BER3
2365,Masulo,BER3
2364,Masulo,BER3
2363,Masulo,BER3
2362,Masulo,BER3
2361,Masulo,BER3
2360,Masulo,BER3
2359,Masulo,BER3
2358,Masulo,BER3
2357,Masulo,BER3
2356,Masulo,BER3
2355,Masulo,BER3
2354,Masulo,BER3
2353,Masulo,BER3
2352,Masulo,BER3
2351,Masulo,BER3
2350,Masulo,BER3
2349,Masulo,BER3
2348,Masulo,BER3
2347,Masulo,BER3
2346,Masulo,BER3
2345,Masulo,BER3
2344,Masulo,BER3
2343,Masulo,BER3
2342,Masulo,BER3
2341,Masulo,BER3
2340,Masulo,BER3
2339,Masulo,BER3
2338,Masulo,BER3
2337,Masulo,BER3
2336,Masulo,BER3
2335,Masulo,BER3
2334,Masulo,BER3
#1228,Matcha Plus,BER3
#1227,Matcha Plus,BER3
B2C000010,Matcha Plus,BER3
#1226,Matcha Plus,BER3
#1225,Matcha Plus,BER3
B2C000009,Matcha Plus,BER3
B2C000008,Matcha Plus,BER3
#1224,Matcha Plus,BER3
#1223,Matcha Plus,BER3
#1222,Matcha Plus,BER3
#1221,Matcha Plus,BER3
#1220,Matcha Plus,BER3
#1219,Matcha Plus,BER3
#1218,Matcha Plus,BER3
#1217,Matcha Plus,BER3
#1216,Matcha Plus,BER3
#1215,Matcha Plus,BER3
#1214,Matcha Plus,BER3
#1212,Matcha Plus,BER3
#1213,Matcha Plus,BER3
#1211,Matcha Plus,BER3
#1210,Matcha Plus,BER3
#1209,Matcha Plus,BER3
#1208,Matcha Plus,BER3
#1207,Matcha Plus,BER3
#1206,Matcha Plus,BER3
#1205,Matcha Plus,BER3
#1204,Matcha Plus,BER3
#1203,Matcha Plus,BER3
#1202,Matcha Plus,BER3
#1201,Matcha Plus,BER3
#1200,Matcha Plus,BER3
#1199,Matcha Plus,BER3
#1198,Matcha Plus,BER3
#1197,Matcha Plus,BER3
#1196,Matcha Plus,BER3
#1195,Matcha Plus,BER3
#1194,Matcha Plus,BER3
#1193,Matcha Plus,BER3
#1192,Matcha Plus,BER3
#1191,Matcha Plus,BER3
#1190,Matcha Plus,BER3
#1189,Matcha Plus,BER3
#1188,Matcha Plus,BER3
#1187,Matcha Plus,BER3
#1186,Matcha Plus,BER3
#1185,Matcha Plus,BER3
#1184,Matcha Plus,BER3
#1183,Matcha Plus,BER3
#1182,Matcha Plus,BER3
#MD-1149855-2021,Matchday Nutrition,BER3
303-5969450-4133909,Matchday Nutrition,BER3
#MD-1149854-2021,Matchday Nutrition,BER3
#MD-1149853-2021,Matchday Nutrition,BER3
#MD-1149852-2021,Matchday Nutrition,BER3
303-8089120-7954768,Matchday Nutrition,BER3
#MD-1149851-2021,Matchday Nutrition,BER3
#MD-1149850-2021,Matchday Nutrition,BER3
#MD-1149849-2021,Matchday Nutrition,BER3
#MD-1149848-2021,Matchday Nutrition,BER3
302-0362702-1342766,Matchday Nutrition,BER3
#MD-1149847-2021,Matchday Nutrition,BER3
#MD-1149846-2021,Matchday Nutrition,BER3
B2B000349,Matchday Nutrition,BER3
B2B000348,Matchday Nutrition,BER3
B2B000347,Matchday Nutrition,BER3
#MD-1149845-2021,Matchday Nutrition,BER3
B2B000346,Matchday Nutrition,BER3
B2B000345,Matchday Nutrition,BER3
#MD-1149844-2021,Matchday Nutrition,BER3
#MD-1149843-2021,Matchday Nutrition,BER3
#MD-1149842-2021,Matchday Nutrition,BER3
B2B000344,Matchday Nutrition,BER3
B2B000343,Matchday Nutrition,BER3
#MD-1149841-2021,Matchday Nutrition,BER3
#MD-1149840-2021,Matchday Nutrition,BER3
#MD-1149839-2021,Matchday Nutrition,BER3
#MD-1149838-2021,Matchday Nutrition,BER3
#MD-1149837-2021,Matchday Nutrition,BER3
304-5353058-8680322,Matchday Nutrition,BER3
#MD-1149836-2021,Matchday Nutrition,BER3
#MD-1149835-2021,Matchday Nutrition,BER3
#MD-1149834-2021,Matchday Nutrition,BER3
#MD-1149833-2021,Matchday Nutrition,BER3
#MD-1149832-2021,Matchday Nutrition,BER3
#MD-1149831-2021,Matchday Nutrition,BER3
#MD-1149830-2021,Matchday Nutrition,BER3
#MD-1149829-2021,Matchday Nutrition,BER3
#MD-1149828-2021,Matchday Nutrition,BER3
#MD-1149827-2021,Matchday Nutrition,BER3
306-3094780-8021932,Matchday Nutrition,BER3
#MD-1149826-2021,Matchday Nutrition,BER3
#MD-1149825-2021,Matchday Nutrition,BER3
#MD-1149824-2021,Matchday Nutrition,BER3
#MD-1149823-2021,Matchday Nutrition,BER3
#MD-1149822-2021,Matchday Nutrition,BER3
#MD-1149821-2021,Matchday Nutrition,BER3
#MD-1149820-2021,Matchday Nutrition,BER3
#MD-1149819-2021,Matchday Nutrition,BER3
306-3310588-6664317,Matchday Nutrition,BER3
4837,Medical Inn,BER3
4836,Medical Inn,BER3
4835,Medical Inn,BER3
4834,Medical Inn,BER3
4833,Medical Inn,BER3
4832,Medical Inn,BER3
4831,Medical Inn,BER3
4830,Medical Inn,BER3
4829,Medical Inn,BER3
4828,Medical Inn,BER3
4827,Medical Inn,BER3
4826,Medical Inn,BER3
4825,Medical Inn,BER3
4824,Medical Inn,BER3
4823,Medical Inn,BER3
4822,Medical Inn,BER3
4821,Medical Inn,BER3
4820,Medical Inn,BER3
4819,Medical Inn,BER3
4818,Medical Inn,BER3
4817,Medical Inn,BER3
4816,Medical Inn,BER3
4815,Medical Inn,BER3
4814,Medical Inn,BER3
4813,Medical Inn,BER3
4812,Medical Inn,BER3
4811,Medical Inn,BER3
4810,Medical Inn,BER3
4809,Medical Inn,BER3
4808,Medical Inn,BER3
4807,Medical Inn,BER3
4806,Medical Inn,BER3
4805,Medical Inn,BER3
4804,Medical Inn,BER3
4803,Medical Inn,BER3
4802,Medical Inn,BER3
4801,Medical Inn,BER3
4800,Medical Inn,BER3
4799,Medical Inn,BER3
4798,Medical Inn,BER3
4797,Medical Inn,BER3
4796,Medical Inn,BER3
4795,Medical Inn,BER3
4794,Medical Inn,BER3
4793,Medical Inn,BER3
4792,Medical Inn,BER3
4787,Medical Inn,BER3
4786,Medical Inn,BER3
4785,Medical Inn,BER3
4783,Medical Inn,BER3
#15689,Meina Naturkosmetik,BER3
#15688,Meina Naturkosmetik,BER3
#15687,Meina Naturkosmetik,BER3
#15686,Meina Naturkosmetik,BER3
#15685,Meina Naturkosmetik,BER3
#15643-2,Meina Naturkosmetik,BER3
#15684,Meina Naturkosmetik,BER3
#15683,Meina Naturkosmetik,BER3
#15682,Meina Naturkosmetik,BER3
#15681,Meina Naturkosmetik,BER3
#15680,Meina Naturkosmetik,BER3
#15679,Meina Naturkosmetik,BER3
#15678,Meina Naturkosmetik,BER3
#15677,Meina Naturkosmetik,BER3
#15676,Meina Naturkosmetik,BER3
#15675,Meina Naturkosmetik,BER3
#15674,Meina Naturkosmetik,BER3
#15673,Meina Naturkosmetik,BER3
#15672,Meina Naturkosmetik,BER3
#15671,Meina Naturkosmetik,BER3
#15670,Meina Naturkosmetik,BER3
#15669,Meina Naturkosmetik,BER3
#15668,Meina Naturkosmetik,BER3
#15667,Meina Naturkosmetik,BER3
#15666,Meina Naturkosmetik,BER3
#15665,Meina Naturkosmetik,BER3
#15664,Meina Naturkosmetik,BER3
#15663,Meina Naturkosmetik,BER3
#15662,Meina Naturkosmetik,BER3
#15661,Meina Naturkosmetik,BER3
#15660,Meina Naturkosmetik,BER3
#15659,Meina Naturkosmetik,BER3
15552-2,Meina Naturkosmetik,BER3
#15658,Meina Naturkosmetik,BER3
#15657,Meina Naturkosmetik,BER3
#15656,Meina Naturkosmetik,BER3
#15655,Meina Naturkosmetik,BER3
#15654,Meina Naturkosmetik,BER3
#15653,Meina Naturkosmetik,BER3
#15652,Meina Naturkosmetik,BER3
#15651,Meina Naturkosmetik,BER3
#15650,Meina Naturkosmetik,BER3
#15649,Meina Naturkosmetik,BER3
#15648,Meina Naturkosmetik,BER3
#15647,Meina Naturkosmetik,BER3
#15646,Meina Naturkosmetik,BER3
#15645,Meina Naturkosmetik,BER3
#15644,Meina Naturkosmetik,BER3
#15643,Meina Naturkosmetik,BER3
#15642,Meina Naturkosmetik,BER3
#7513,Mikito,BER3
#7512,Mikito,BER3
#7511,Mikito,BER3
#7510,Mikito,BER3
#7509,Mikito,BER3
#7508,Mikito,BER3
#7507,Mikito,BER3
#7506,Mikito,BER3
#7505,Mikito,BER3
#7504,Mikito,BER3
#7503,Mikito,BER3
#7502,Mikito,BER3
#7501,Mikito,BER3
#7500,Mikito,BER3
#7499,Mikito,BER3
#7498,Mikito,BER3
#7497,Mikito,BER3
#7496,Mikito,BER3
#7495,Mikito,BER3
#7494,Mikito,BER3
#7493,Mikito,BER3
#7492,Mikito,BER3
#7491,Mikito,BER3
#7490,Mikito,BER3
#7489,Mikito,BER3
#7488,Mikito,BER3
#7487,Mikito,BER3
#7486,Mikito,BER3
#7485,Mikito,BER3
#7484,Mikito,BER3
#7483,Mikito,BER3
#7482,Mikito,BER3
#7481,Mikito,BER3
#7480,Mikito,BER3
#7479,Mikito,BER3
#7478,Mikito,BER3
#7477,Mikito,BER3
FBA-27.05.2026,Mikito,BER3
#7476,Mikito,BER3
#7475,Mikito,BER3
#7474,Mikito,BER3
FBA-21.05.2026-2,Mikito,BER3
FBA-21.05.2026,Mikito,BER3
B2C000008,Mikito,BER3
#7473,Mikito,BER3
#7472,Mikito,BER3
#7471,Mikito,BER3
#7470,Mikito,BER3
#7469,Mikito,BER3
#7468,Mikito,BER3
#2636,Milveo Capital,BER3
#2635,Milveo Capital,BER3
#2634,Milveo Capital,BER3
#2633,Milveo Capital,BER3
#2632,Milveo Capital,BER3
#2631,Milveo Capital,BER3
156736,MiniVet,BER3
156728,MiniVet,BER3
137078,MiniVet,BER3
137077,MiniVet,BER3
137076,MiniVet,BER3
137075,MiniVet,BER3
137074,MiniVet,BER3
137073,MiniVet,BER3
137072,MiniVet,BER3
137070,MiniVet,BER3
137067,MiniVet,BER3
137066,MiniVet,BER3
137063,MiniVet,BER3
137061,MiniVet,BER3
137060,MiniVet,BER3
137057,MiniVet,BER3
137056,MiniVet,BER3
137048,MiniVet,BER3
137047,MiniVet,BER3
137045,MiniVet,BER3
137043,MiniVet,BER3
137042,MiniVet,BER3
137041,MiniVet,BER3
137040,MiniVet,BER3
137038,MiniVet,BER3
137036,MiniVet,BER3
137035,MiniVet,BER3
137034,MiniVet,BER3
137033,MiniVet,BER3
137030,MiniVet,BER3
137028,MiniVet,BER3
137026,MiniVet,BER3
137025,MiniVet,BER3
137024,MiniVet,BER3
137023,MiniVet,BER3
137021,MiniVet,BER3
137020,MiniVet,BER3
137019,MiniVet,BER3
137017,MiniVet,BER3
137014,MiniVet,BER3
137012,MiniVet,BER3
137011,MiniVet,BER3
137005,MiniVet,BER3
137004,MiniVet,BER3
137001,MiniVet,BER3
137000,MiniVet,BER3
136999,MiniVet,BER3
136998,MiniVet,BER3
136994,MiniVet,BER3
136993,MiniVet,BER3
#2116,Mittelweser Heilquellen,BER3
#2115,Mittelweser Heilquellen,BER3
#2114,Mittelweser Heilquellen,BER3
#2113,Mittelweser Heilquellen,BER3
#2112,Mittelweser Heilquellen,BER3
#2111,Mittelweser Heilquellen,BER3
#2110,Mittelweser Heilquellen,BER3
#2109,Mittelweser Heilquellen,BER3
#2108,Mittelweser Heilquellen,BER3
#2107,Mittelweser Heilquellen,BER3
#2106,Mittelweser Heilquellen,BER3
#2105,Mittelweser Heilquellen,BER3
#2104,Mittelweser Heilquellen,BER3
#2103,Mittelweser Heilquellen,BER3
#2102,Mittelweser Heilquellen,BER3
#2101,Mittelweser Heilquellen,BER3
#2100,Mittelweser Heilquellen,BER3
#2099,Mittelweser Heilquellen,BER3
#2098,Mittelweser Heilquellen,BER3
#2097,Mittelweser Heilquellen,BER3
#2096,Mittelweser Heilquellen,BER3
#2095,Mittelweser Heilquellen,BER3
#2094,Mittelweser Heilquellen,BER3
#2093,Mittelweser Heilquellen,BER3
#2092,Mittelweser Heilquellen,BER3
#2091,Mittelweser Heilquellen,BER3
#2090,Mittelweser Heilquellen,BER3
#2089,Mittelweser Heilquellen,BER3
#2088,Mittelweser Heilquellen,BER3
#2087,Mittelweser Heilquellen,BER3
#2086,Mittelweser Heilquellen,BER3
#2085,Mittelweser Heilquellen,BER3
#2084,Mittelweser Heilquellen,BER3
#2083,Mittelweser Heilquellen,BER3
#2082,Mittelweser Heilquellen,BER3
#2081,Mittelweser Heilquellen,BER3
#2080,Mittelweser Heilquellen,BER3
#2079,Mittelweser Heilquellen,BER3
#2078,Mittelweser Heilquellen,BER3
#2077,Mittelweser Heilquellen,BER3
#2076,Mittelweser Heilquellen,BER3
#2075,Mittelweser Heilquellen,BER3
#2074,Mittelweser Heilquellen,BER3
#2073,Mittelweser Heilquellen,BER3
#2072,Mittelweser Heilquellen,BER3
#2071,Mittelweser Heilquellen,BER3
#2070,Mittelweser Heilquellen,BER3
#2069,Mittelweser Heilquellen,BER3
#2068,Mittelweser Heilquellen,BER3
#2067,Mittelweser Heilquellen,BER3
#1846,Mohei Tea,BER3
#1845,Mohei Tea,BER3
#1844,Mohei Tea,BER3
#1843,Mohei Tea,BER3
#1842,Mohei Tea,BER3
#1841,Mohei Tea,BER3
#1840,Mohei Tea,BER3
#1839,Mohei Tea,BER3
#1838,Mohei Tea,BER3
#1837,Mohei Tea,BER3
#1836,Mohei Tea,BER3
#1835,Mohei Tea,BER3
#1834,Mohei Tea,BER3
#1833,Mohei Tea,BER3
#1832,Mohei Tea,BER3
#1831,Mohei Tea,BER3
#1830,Mohei Tea,BER3
#1829,Mohei Tea,BER3
#1828,Mohei Tea,BER3
#1827,Mohei Tea,BER3
#1826,Mohei Tea,BER3
#1825,Mohei Tea,BER3
#1824,Mohei Tea,BER3
#1823,Mohei Tea,BER3
#1822,Mohei Tea,BER3
#1821,Mohei Tea,BER3
#1820,Mohei Tea,BER3
#1819,Mohei Tea,BER3
#1818,Mohei Tea,BER3
#1817,Mohei Tea,BER3
#1816,Mohei Tea,BER3
#1815,Mohei Tea,BER3
#1814,Mohei Tea,BER3
#1813,Mohei Tea,BER3
#1812,Mohei Tea,BER3
#1811,Mohei Tea,BER3
#1810,Mohei Tea,BER3
#1809,Mohei Tea,BER3
#1808,Mohei Tea,BER3
#1807,Mohei Tea,BER3
#1806,Mohei Tea,BER3
#1805,Mohei Tea,BER3
#1804,Mohei Tea,BER3
#1803,Mohei Tea,BER3
#1802,Mohei Tea,BER3
#1801,Mohei Tea,BER3
#1800,Mohei Tea,BER3
#1799,Mohei Tea,BER3
#1798,Mohei Tea,BER3
#1797,Mohei Tea,BER3
302-0548636-6798738,Montaray,BER3
028-4102863-4317939,Montaray,BER3
305-0890912-5973156,Montaray,BER3
302-3538276-9873124,Montaray,BER3
306-7467651-2050754,Montaray,BER3
028-3305939-5145115,Montaray,BER3
304-3009656-2243514,Montaray,BER3
304-0228545-9933952,Montaray,BER3
306-1942819-8658754,Montaray,BER3
303-5895615-2038760,Montaray,BER3
303-5799272-5429144,Montaray,BER3
305-0880903-3616355,Montaray,BER3
306-2488473-8830733,Montaray,BER3
FBA15LTMX27W FBA15LTLS9CP,Montaray,BER3
FBA15LTH1L09,Montaray,BER3
305-7600636-9341110,Montaray,BER3
302-9056444-5412327,Montaray,BER3
FBA15LH1MT08,Montaray,BER3
028-4682210-0033953,Montaray,BER3
FBA15LDR3GHP,Montaray,BER3
#11135,Mooniq,BER3
#11134,Mooniq,BER3
#11133,Mooniq,BER3
#11132,Mooniq,BER3
#11131,Mooniq,BER3
#11130,Mooniq,BER3
#11129,Mooniq,BER3
#11128,Mooniq,BER3
#11127,Mooniq,BER3
#11126,Mooniq,BER3
#11125,Mooniq,BER3
#11124,Mooniq,BER3
#11123,Mooniq,BER3
#11122,Mooniq,BER3
#11121,Mooniq,BER3
#11120,Mooniq,BER3
#11119,Mooniq,BER3
#11118,Mooniq,BER3
#11117,Mooniq,BER3
150126,Moya Europe,BER3
150096,Moya Europe,BER3
150094,Moya Europe,BER3
150092,Moya Europe,BER3
150086,Moya Europe,BER3
150084,Moya Europe,BER3
150077,Moya Europe,BER3
150075,Moya Europe,BER3
150073,Moya Europe,BER3
150070,Moya Europe,BER3
150069,Moya Europe,BER3
150068,Moya Europe,BER3
150067,Moya Europe,BER3
150063,Moya Europe,BER3
150060,Moya Europe,BER3
150059,Moya Europe,BER3
150058,Moya Europe,BER3
150055,Moya Europe,BER3
150050,Moya Europe,BER3
150039,Moya Europe,BER3
150036,Moya Europe,BER3
150031,Moya Europe,BER3
150026,Moya Europe,BER3
150025,Moya Europe,BER3
150023,Moya Europe,BER3
150020,Moya Europe,BER3
150003,Moya Europe,BER3
150001,Moya Europe,BER3
149999,Moya Europe,BER3
149998,Moya Europe,BER3
149997,Moya Europe,BER3
149995,Moya Europe,BER3
149994,Moya Europe,BER3
149993,Moya Europe,BER3
149991,Moya Europe,BER3
149989,Moya Europe,BER3
149988,Moya Europe,BER3
149987,Moya Europe,BER3
149986,Moya Europe,BER3
149984,Moya Europe,BER3
149979,Moya Europe,BER3
149977,Moya Europe,BER3
149976,Moya Europe,BER3
149975,Moya Europe,BER3
149974,Moya Europe,BER3
149973,Moya Europe,BER3
149972,Moya Europe,BER3
149971,Moya Europe,BER3
149970,Moya Europe,BER3
149965,Moya Europe,BER3
#1936,MyBodyAdvice,BER3
#1935,MyBodyAdvice,BER3
#1934,MyBodyAdvice,BER3
#1933,MyBodyAdvice,BER3
#1932,MyBodyAdvice,BER3
#1931,MyBodyAdvice,BER3
#1930,MyBodyAdvice,BER3
#1929,MyBodyAdvice,BER3
#1928,MyBodyAdvice,BER3
#1927,MyBodyAdvice,BER3
#1926,MyBodyAdvice,BER3
#1925,MyBodyAdvice,BER3
#1924,MyBodyAdvice,BER3
#1923,MyBodyAdvice,BER3
#1922,MyBodyAdvice,BER3
#1921,MyBodyAdvice,BER3
#1920,MyBodyAdvice,BER3
#1919,MyBodyAdvice,BER3
#1918,MyBodyAdvice,BER3
#1917,MyBodyAdvice,BER3
#1916,MyBodyAdvice,BER3
#1915,MyBodyAdvice,BER3
#1914,MyBodyAdvice,BER3
#1913,MyBodyAdvice,BER3
#1912,MyBodyAdvice,BER3
#1911,MyBodyAdvice,BER3
#1910,MyBodyAdvice,BER3
#1909,MyBodyAdvice,BER3
#1908,MyBodyAdvice,BER3
#1907,MyBodyAdvice,BER3
#1906,MyBodyAdvice,BER3
#1905,MyBodyAdvice,BER3
#1904,MyBodyAdvice,BER3
#1903,MyBodyAdvice,BER3
#1902,MyBodyAdvice,BER3
#1901,MyBodyAdvice,BER3
#1900,MyBodyAdvice,BER3
#1899,MyBodyAdvice,BER3
#1898,MyBodyAdvice,BER3
#1897,MyBodyAdvice,BER3
#1896,MyBodyAdvice,BER3
#1895,MyBodyAdvice,BER3
#1894,MyBodyAdvice,BER3
#1893,MyBodyAdvice,BER3
#1892,MyBodyAdvice,BER3
#1891,MyBodyAdvice,BER3
#1890,MyBodyAdvice,BER3
#1889,MyBodyAdvice,BER3
#1888,MyBodyAdvice,BER3
#1887,MyBodyAdvice,BER3
1KQL93,MyClarella,BER3
#25336,MyClarella,BER3
#25335,MyClarella,BER3
#25334,MyClarella,BER3
#25333,MyClarella,BER3
#25332,MyClarella,BER3
#25331,MyClarella,BER3
#25330,MyClarella,BER3
#25329,MyClarella,BER3
#25328,MyClarella,BER3
#25327,MyClarella,BER3
#25326,MyClarella,BER3
1KQ6SE,MyClarella,BER3
#25324,MyClarella,BER3
#25323,MyClarella,BER3
#25322,MyClarella,BER3
#25321,MyClarella,BER3
#25320,MyClarella,BER3
#25319,MyClarella,BER3
#25318,MyClarella,BER3
1KPY9A,MyClarella,BER3
#25316,MyClarella,BER3
#25315,MyClarella,BER3
B2B000089,MyClarella,BER3
#25314,MyClarella,BER3
1KPIS4,MyClarella,BER3
#25312,MyClarella,BER3
#25311,MyClarella,BER3
#25310,MyClarella,BER3
#25309,MyClarella,BER3
#25308,MyClarella,BER3
#25307,MyClarella,BER3
#25306,MyClarella,BER3
#25305,MyClarella,BER3
#25304,MyClarella,BER3
#25303,MyClarella,BER3
#25302,MyClarella,BER3
#25301,MyClarella,BER3
#25300,MyClarella,BER3
#25299,MyClarella,BER3
#25298,MyClarella,BER3
#25297,MyClarella,BER3
#25296,MyClarella,BER3
B2C024525,MyClarella,BER3
#25295,MyClarella,BER3
#25294,MyClarella,BER3
#25293,MyClarella,BER3
#25292,MyClarella,BER3
#25291,MyClarella,BER3
#25290,MyClarella,BER3
#NWH-1061,NAWAH,BER3
#NWH-1060,NAWAH,BER3
#NWH-1059,NAWAH,BER3
#NWH-1058,NAWAH,BER3
#NWH-1057,NAWAH,BER3
#NWH-1056,NAWAH,BER3
#NWH-1055,NAWAH,BER3
#NWH-1054,NAWAH,BER3
#NWH-1053,NAWAH,BER3
#NWH-1052,NAWAH,BER3
#NWH-1051,NAWAH,BER3
#NWH-1050,NAWAH,BER3
#NWH-1049,NAWAH,BER3
#NWH-1048,NAWAH,BER3
#NWH-1047,NAWAH,BER3
#NWH-1046,NAWAH,BER3
#NWH-1045,NAWAH,BER3
#NWH-1044,NAWAH,BER3
#NWH-1043,NAWAH,BER3
#NWH-1042,NAWAH,BER3
#NWH-1041,NAWAH,BER3
#NWH-1040,NAWAH,BER3
#NWH-1039,NAWAH,BER3
#NWH-1038,NAWAH,BER3
#NWH-1037,NAWAH,BER3
#NWH-1036,NAWAH,BER3
#NWH-1028,NAWAH,BER3
#71469,NOUI NOUI,BER3
#71468,NOUI NOUI,BER3
#71467,NOUI NOUI,BER3
#71466,NOUI NOUI,BER3
#71465,NOUI NOUI,BER3
#71464,NOUI NOUI,BER3
#71463,NOUI NOUI,BER3
#71462,NOUI NOUI,BER3
#71461,NOUI NOUI,BER3
#71460,NOUI NOUI,BER3
#71459,NOUI NOUI,BER3
#71458,NOUI NOUI,BER3
#71457,NOUI NOUI,BER3
#71456,NOUI NOUI,BER3
#71455,NOUI NOUI,BER3
#71454,NOUI NOUI,BER3
#71453,NOUI NOUI,BER3
#71452,NOUI NOUI,BER3
#71451,NOUI NOUI,BER3
#71450,NOUI NOUI,BER3
#71449,NOUI NOUI,BER3
#71448,NOUI NOUI,BER3
#71447,NOUI NOUI,BER3
#71446,NOUI NOUI,BER3
#71445,NOUI NOUI,BER3
#71444,NOUI NOUI,BER3
#71443,NOUI NOUI,BER3
#71442,NOUI NOUI,BER3
#71441,NOUI NOUI,BER3
#71440,NOUI NOUI,BER3
#71439,NOUI NOUI,BER3
#71438,NOUI NOUI,BER3
#71437,NOUI NOUI,BER3
#71436,NOUI NOUI,BER3
#71435,NOUI NOUI,BER3
#71434,NOUI NOUI,BER3
#71433,NOUI NOUI,BER3
#71432,NOUI NOUI,BER3
#71431,NOUI NOUI,BER3
#71430,NOUI NOUI,BER3
#71429,NOUI NOUI,BER3
#71428,NOUI NOUI,BER3
#71427,NOUI NOUI,BER3
#71426,NOUI NOUI,BER3
#71425,NOUI NOUI,BER3
#71424,NOUI NOUI,BER3
#71423,NOUI NOUI,BER3
#71422,NOUI NOUI,BER3
#71421,NOUI NOUI,BER3
#71420,NOUI NOUI,BER3
#1080,NYTE,BER3
#1079,NYTE,BER3
#1078,NYTE,BER3
#1077,NYTE,BER3
BB3012_2,NYTE,BER3
BB3019,NYTE,BER3
#1076,NYTE,BER3
#1075,NYTE,BER3
#1074,NYTE,BER3
#1073,NYTE,BER3
#1072,NYTE,BER3
BB3014,NYTE,BER3
#1071,NYTE,BER3
#1070,NYTE,BER3
#1069,NYTE,BER3
BB3012,NYTE,BER3
BB3011,NYTE,BER3
B2B000014,NYTE,BER3
B2C000006,NYTE,BER3
BB3009,NYTE,BER3
BB3008,NYTE,BER3
#1068,NYTE,BER3
B2B000011,NYTE,BER3
B2C000005,NYTE,BER3
#1067,NYTE,BER3
#1066,NYTE,BER3
#1065,NYTE,BER3
#1064,NYTE,BER3
#1063,NYTE,BER3
#1062,NYTE,BER3
#1061,NYTE,BER3
#1060,NYTE,BER3
#1059,NYTE,BER3
#1058,NYTE,BER3
#1057,NYTE,BER3
#1056,NYTE,BER3
BB3005_2,NYTE,BER3
BB3005,NYTE,BER3
#1055,NYTE,BER3
#1054,NYTE,BER3
BB3004,NYTE,BER3
#1053,NYTE,BER3
B2C000004,NYTE,BER3
#1052,NYTE,BER3
B2B000007,NYTE,BER3
#1051,NYTE,BER3
B2B000006,NYTE,BER3
#1050,NYTE,BER3
B2B000005,NYTE,BER3
B2C000003,NYTE,BER3
EU-24500,Namilia,BER3
EU-24499,Namilia,BER3
EU-24498,Namilia,BER3
EU-24497,Namilia,BER3
EU-24496,Namilia,BER3
EU-24495,Namilia,BER3
EU-24494,Namilia,BER3
EU-24493,Namilia,BER3
EU-24492,Namilia,BER3
EU-24491,Namilia,BER3
EU-24490,Namilia,BER3
EU-24489,Namilia,BER3
EU-24488,Namilia,BER3
EU-24487,Namilia,BER3
EU-24486,Namilia,BER3
EU-24485,Namilia,BER3
EU-24484,Namilia,BER3
EU-24483,Namilia,BER3
EU-24482,Namilia,BER3
EU-24481,Namilia,BER3
EU-24480,Namilia,BER3
EU-24479,Namilia,BER3
EU-24478,Namilia,BER3
EU-24477,Namilia,BER3
EU-24476,Namilia,BER3
EU-24475,Namilia,BER3
EU-24474,Namilia,BER3
EU-24473,Namilia,BER3
EU-24472,Namilia,BER3
EU-24471,Namilia,BER3
EU-24470,Namilia,BER3
EU-24469,Namilia,BER3
EU-24468,Namilia,BER3
EU-24467,Namilia,BER3
EU-24466,Namilia,BER3
EU-24465,Namilia,BER3
EU-24464,Namilia,BER3
EU-24463,Namilia,BER3
EU-24462,Namilia,BER3
EU-24461,Namilia,BER3
EU-24460,Namilia,BER3
EU-24459,Namilia,BER3
EU-24458,Namilia,BER3
EU-24457,Namilia,BER3
EU-24456,Namilia,BER3
EU-24455,Namilia,BER3
EU-24454,Namilia,BER3
EU-24453,Namilia,BER3
EU-24452,Namilia,BER3
EU-24451,Namilia,BER3
#94580,Natch,BER3
#94579,Natch,BER3
#94578,Natch,BER3
#94577,Natch,BER3
#94576,Natch,BER3
#94575,Natch,BER3
#94574,Natch,BER3
#94573,Natch,BER3
#94572,Natch,BER3
#94571,Natch,BER3
#94570,Natch,BER3
#94569,Natch,BER3
#94568,Natch,BER3
#94567,Natch,BER3
#94566,Natch,BER3
#94565,Natch,BER3
#94564,Natch,BER3
#94563,Natch,BER3
#94562,Natch,BER3
#94561,Natch,BER3
#94560,Natch,BER3
#94559,Natch,BER3
#94558,Natch,BER3
#94557,Natch,BER3
#94556,Natch,BER3
#94555,Natch,BER3
#94554,Natch,BER3
#94553,Natch,BER3
#94552,Natch,BER3
#94551,Natch,BER3
#94550,Natch,BER3
#94549,Natch,BER3
#94548,Natch,BER3
#94547,Natch,BER3
#94546,Natch,BER3
#94545,Natch,BER3
#94544,Natch,BER3
#94543,Natch,BER3
#94542,Natch,BER3
#94541,Natch,BER3
#94540,Natch,BER3
#94539,Natch,BER3
#94538,Natch,BER3
#94537,Natch,BER3
#94536,Natch,BER3
#94535,Natch,BER3
#94534,Natch,BER3
#94533,Natch,BER3
#94532,Natch,BER3
#94531,Natch,BER3
B2C000023,Natüür (Azadivine GmbH),BER3
B2B000108,Natüür (Azadivine GmbH),BER3
B2B000107,Natüür (Azadivine GmbH),BER3
B2B000003,Natüür (Azadivine GmbH),BER3
B2B000002,Natüür (Azadivine GmbH),BER3
235091,Natüür (Azadivine GmbH),BER3
235082,Natüür (Azadivine GmbH),BER3
235118,Natüür (Azadivine GmbH),BER3
235073,Natüür (Azadivine GmbH),BER3
235124,Natüür (Azadivine GmbH),BER3
235060,Natüür (Azadivine GmbH),BER3
235121,Natüür (Azadivine GmbH),BER3
235115,Natüür (Azadivine GmbH),BER3
235063,Natüür (Azadivine GmbH),BER3
235062,Natüür (Azadivine GmbH),BER3
235072,Natüür (Azadivine GmbH),BER3
235090,Natüür (Azadivine GmbH),BER3
235059,Natüür (Azadivine GmbH),BER3
235097,Natüür (Azadivine GmbH),BER3
235119,Natüür (Azadivine GmbH),BER3
235089,Natüür (Azadivine GmbH),BER3
235069,Natüür (Azadivine GmbH),BER3
235101,Natüür (Azadivine GmbH),BER3
235076,Natüür (Azadivine GmbH),BER3
235084,Natüür (Azadivine GmbH),BER3
235064,Natüür (Azadivine GmbH),BER3
235087,Natüür (Azadivine GmbH),BER3
235086,Natüür (Azadivine GmbH),BER3
235081,Natüür (Azadivine GmbH),BER3
235070,Natüür (Azadivine GmbH),BER3
235123,Natüür (Azadivine GmbH),BER3
235056,Natüür (Azadivine GmbH),BER3
235074,Natüür (Azadivine GmbH),BER3
235094,Natüür (Azadivine GmbH),BER3
235110,Natüür (Azadivine GmbH),BER3
235080,Natüür (Azadivine GmbH),BER3
235100,Natüür (Azadivine GmbH),BER3
235096,Natüür (Azadivine GmbH),BER3
235095,Natüür (Azadivine GmbH),BER3
235104,Natüür (Azadivine GmbH),BER3
235105,Natüür (Azadivine GmbH),BER3
235061,Natüür (Azadivine GmbH),BER3
235075,Natüür (Azadivine GmbH),BER3
235111,Natüür (Azadivine GmbH),BER3
235078,Natüür (Azadivine GmbH),BER3
235114,Natüür (Azadivine GmbH),BER3
235065,Natüür (Azadivine GmbH),BER3
235066,Natüür (Azadivine GmbH),BER3
235071,Natüür (Azadivine GmbH),BER3
235106,Natüür (Azadivine GmbH),BER3
#6129,Neurobites,BER3
#6128,Neurobites,BER3
#6127,Neurobites,BER3
#6126,Neurobites,BER3
B2C000021,Neurobites,BER3
#6125,Neurobites,BER3
#6123,Neurobites,BER3
#6124,Neurobites,BER3
#6119,Neurobites,BER3
#6122,Neurobites,BER3
#6121,Neurobites,BER3
#6120,Neurobites,BER3
#6116,Neurobites,BER3
#6113,Neurobites,BER3
#6114,Neurobites,BER3
#6118,Neurobites,BER3
#6117,Neurobites,BER3
#6115,Neurobites,BER3
#6111,Neurobites,BER3
#6110,Neurobites,BER3
#6112,Neurobites,BER3
#6109,Neurobites,BER3
#6108,Neurobites,BER3
#6105,Neurobites,BER3
#6106,Neurobites,BER3
#6107,Neurobites,BER3
#6104,Neurobites,BER3
#6100,Neurobites,BER3
#6101,Neurobites,BER3
#6102,Neurobites,BER3
#6103,Neurobites,BER3
#6097,Neurobites,BER3
#6096,Neurobites,BER3
#6095,Neurobites,BER3
#6098,Neurobites,BER3
#6099,Neurobites,BER3
#6094,Neurobites,BER3
#6093,Neurobites,BER3
#6092,Neurobites,BER3
#6089,Neurobites,BER3
#6090,Neurobites,BER3
#6091,Neurobites,BER3
#6086,Neurobites,BER3
#6087,Neurobites,BER3
#6088,Neurobites,BER3
#6085,Neurobites,BER3
#6084,Neurobites,BER3
#6083,Neurobites,BER3
#6082,Neurobites,BER3
#6081,Neurobites,BER3
#1328,Nevia Biotech srl,BER3
#1004,Nolte Küchen,BER3
#1002,Nolte Küchen,BER3
#55586,Nordlust,BER3
#55585,Nordlust,BER3
#55584,Nordlust,BER3
#55583,Nordlust,BER3
#55582,Nordlust,BER3
#55581,Nordlust,BER3
#55580,Nordlust,BER3
#55579,Nordlust,BER3
#55578,Nordlust,BER3
#55577,Nordlust,BER3
#55576,Nordlust,BER3
#55575,Nordlust,BER3
#55574,Nordlust,BER3
#55573,Nordlust,BER3
#55572,Nordlust,BER3
#55571,Nordlust,BER3
#55570,Nordlust,BER3
#55569,Nordlust,BER3
#55568,Nordlust,BER3
#55567,Nordlust,BER3
#55566,Nordlust,BER3
#55565,Nordlust,BER3
#55564,Nordlust,BER3
#55563,Nordlust,BER3
#55562,Nordlust,BER3
#55561,Nordlust,BER3
#55560,Nordlust,BER3
#55559,Nordlust,BER3
#55558,Nordlust,BER3
#55557,Nordlust,BER3
#55556,Nordlust,BER3
#55555,Nordlust,BER3
#55554,Nordlust,BER3
#55553,Nordlust,BER3
#55552,Nordlust,BER3
#55551,Nordlust,BER3
#55550,Nordlust,BER3
#55549,Nordlust,BER3
#55548,Nordlust,BER3
#55547,Nordlust,BER3
#55546,Nordlust,BER3
ETSY-4083083560,Nordlust,BER3
#55544,Nordlust,BER3
#55543,Nordlust,BER3
#55542,Nordlust,BER3
#55541,Nordlust,BER3
#55540,Nordlust,BER3
#55539,Nordlust,BER3
#55538,Nordlust,BER3
#55537,Nordlust,BER3
#15401,Nordmut,BER3
#15400,Nordmut,BER3
302-3218492-4470752,Nordmut,BER3
#15399,Nordmut,BER3
#15398,Nordmut,BER3
#15397,Nordmut,BER3
305-8861065-3182714,Nordmut,BER3
303-4681325-3705922,Nordmut,BER3
028-1348023-0578768,Nordmut,BER3
302-5245170-3871565,Nordmut,BER3
305-0576290-9387556,Nordmut,BER3
303-7398016-0017954,Nordmut,BER3
306-9191180-4720305,Nordmut,BER3
#15396,Nordmut,BER3
#15395,Nordmut,BER3
#15394,Nordmut,BER3
028-7156474-0125162,Nordmut,BER3
#15393,Nordmut,BER3
305-6752795-9129912,Nordmut,BER3
#15392,Nordmut,BER3
#15391,Nordmut,BER3
#15390,Nordmut,BER3
#15389,Nordmut,BER3
305-7461302-2277967,Nordmut,BER3
028-7122335-4693154,Nordmut,BER3
#15388,Nordmut,BER3
#15387,Nordmut,BER3
303-4101330-5053941,Nordmut,BER3
306-2106748-7675509,Nordmut,BER3
#15386,Nordmut,BER3
306-6340937-2341903,Nordmut,BER3
#15385,Nordmut,BER3
#15384,Nordmut,BER3
#15383,Nordmut,BER3
#15382,Nordmut,BER3
#15381,Nordmut,BER3
302-9419324-7402763,Nordmut,BER3
#15380,Nordmut,BER3
303-1653085-5743553,Nordmut,BER3
305-8009490-7709151,Nordmut,BER3
306-6384373-6561907,Nordmut,BER3
303-2168856-2978739,Nordmut,BER3
#15379,Nordmut,BER3
304-2994089-5756347,Nordmut,BER3
#15378,Nordmut,BER3
306-3965818-8000357,Nordmut,BER3
#15377,Nordmut,BER3
#15376,Nordmut,BER3
#15375,Nordmut,BER3
028-8550698-8605969,Nordmut,BER3
NU904300,Nutrientify,BER3
NU904200,Nutrientify,BER3
NU904100,Nutrientify,BER3
NU904000,Nutrientify,BER3
NU903900,Nutrientify,BER3
NU903800,Nutrientify,BER3
NU903700,Nutrientify,BER3
NU903600,Nutrientify,BER3
NU903500,Nutrientify,BER3
NU903400,Nutrientify,BER3
NU903300,Nutrientify,BER3
NU903200,Nutrientify,BER3
NU903100,Nutrientify,BER3
NU903000,Nutrientify,BER3
NU902900,Nutrientify,BER3
NU902800,Nutrientify,BER3
NU902700,Nutrientify,BER3
NU902600,Nutrientify,BER3
NU902400,Nutrientify,BER3
NU902500,Nutrientify,BER3
NU902300,Nutrientify,BER3
NU902200,Nutrientify,BER3
NU902100,Nutrientify,BER3
NU902000,Nutrientify,BER3
NU901900,Nutrientify,BER3
NU901800,Nutrientify,BER3
NU901700,Nutrientify,BER3
NU901600,Nutrientify,BER3
NU901500,Nutrientify,BER3
NU901400,Nutrientify,BER3
NU901300,Nutrientify,BER3
NU901200,Nutrientify,BER3
B2C007523,Nutrientify,BER3
B2C007522,Nutrientify,BER3
NU901100,Nutrientify,BER3
NU901000,Nutrientify,BER3
NU900900,Nutrientify,BER3
NU900800,Nutrientify,BER3
NU900700,Nutrientify,BER3
NU900600,Nutrientify,BER3
NU900500,Nutrientify,BER3
NU900400,Nutrientify,BER3
NU900300,Nutrientify,BER3
NU900200,Nutrientify,BER3
NU900100,Nutrientify,BER3
NU899900,Nutrientify,BER3
NU900000,Nutrientify,BER3
NU899800,Nutrientify,BER3
NU899700,Nutrientify,BER3
NU899600,Nutrientify,BER3
#NUTR-112188,Nutrigums,BER3
#NUTR-112187,Nutrigums,BER3
#NUTR-112186,Nutrigums,BER3
#NUTR-112185,Nutrigums,BER3
#NUTR-112183,Nutrigums,BER3
#NUTR-112184,Nutrigums,BER3
#NUTR-112182,Nutrigums,BER3
#NUTR-112181,Nutrigums,BER3
#NUTR-112180,Nutrigums,BER3
#NUTR-112179,Nutrigums,BER3
#NUTR-112178,Nutrigums,BER3
#NUTR-112177,Nutrigums,BER3
#NUTR-112176,Nutrigums,BER3
#NUTR-112175,Nutrigums,BER3
#NUTR-112174,Nutrigums,BER3
#NUTR-112173,Nutrigums,BER3
#NUTR-112172,Nutrigums,BER3
#NUTR-112171,Nutrigums,BER3
#NUTR-112170,Nutrigums,BER3
#NUTR-112169,Nutrigums,BER3
#NUTR-112168,Nutrigums,BER3
#NUTR-112166,Nutrigums,BER3
#NUTR-112167,Nutrigums,BER3
#NUTR-112165,Nutrigums,BER3
#NUTR-112164,Nutrigums,BER3
#NUTR-112163,Nutrigums,BER3
#NUTR-112162,Nutrigums,BER3
#NUTR-112161,Nutrigums,BER3
#NUTR-112160,Nutrigums,BER3
#NUTR-112159,Nutrigums,BER3
#NUTR-112158,Nutrigums,BER3
#NUTR-112157,Nutrigums,BER3
#NUTR-112156,Nutrigums,BER3
#NUTR-112155,Nutrigums,BER3
#NUTR-112154,Nutrigums,BER3
#NUTR-112152,Nutrigums,BER3
#NUTR-112153,Nutrigums,BER3
#NUTR-112151,Nutrigums,BER3
#NUTR-112150,Nutrigums,BER3
#NUTR-112149,Nutrigums,BER3
#NUTR-112148,Nutrigums,BER3
#NUTR-112147,Nutrigums,BER3
#NUTR-112146,Nutrigums,BER3
#NUTR-112145,Nutrigums,BER3
#NUTR-112144,Nutrigums,BER3
#NUTR-112143,Nutrigums,BER3
#NUTR-112142,Nutrigums,BER3
#NUTR-112141,Nutrigums,BER3
#NUTR-112140,Nutrigums,BER3
#NUTR-112139,Nutrigums,BER3
#4221,Nürburger Hund & Wild,BER3
#4220,Nürburger Hund & Wild,BER3
#4219,Nürburger Hund & Wild,BER3
#4218,Nürburger Hund & Wild,BER3
,Nürburger Hund & Wild,BER3
,Nürburger Hund & Wild,BER3
,Nürburger Hund & Wild,BER3
,Nürburger Hund & Wild,BER3
#4217,Nürburger Hund & Wild,BER3
#4216,Nürburger Hund & Wild,BER3
#4215,Nürburger Hund & Wild,BER3
#4214,Nürburger Hund & Wild,BER3
#4213,Nürburger Hund & Wild,BER3
#4212,Nürburger Hund & Wild,BER3
#4211,Nürburger Hund & Wild,BER3
#4210,Nürburger Hund & Wild,BER3
#4209,Nürburger Hund & Wild,BER3
#4208,Nürburger Hund & Wild,BER3
#4207,Nürburger Hund & Wild,BER3
#4206,Nürburger Hund & Wild,BER3
#4205,Nürburger Hund & Wild,BER3
#4204,Nürburger Hund & Wild,BER3
#4203,Nürburger Hund & Wild,BER3
#4202,Nürburger Hund & Wild,BER3
#4201,Nürburger Hund & Wild,BER3
#4200,Nürburger Hund & Wild,BER3
#4199,Nürburger Hund & Wild,BER3
#4198,Nürburger Hund & Wild,BER3
#4197,Nürburger Hund & Wild,BER3
#4196,Nürburger Hund & Wild,BER3
#4195,Nürburger Hund & Wild,BER3
#4194,Nürburger Hund & Wild,BER3
#4193,Nürburger Hund & Wild,BER3
#4192,Nürburger Hund & Wild,BER3
#4191,Nürburger Hund & Wild,BER3
#4190,Nürburger Hund & Wild,BER3
#4189,Nürburger Hund & Wild,BER3
#4188,Nürburger Hund & Wild,BER3
#4187,Nürburger Hund & Wild,BER3
#4186,Nürburger Hund & Wild,BER3
#4185,Nürburger Hund & Wild,BER3
#4184,Nürburger Hund & Wild,BER3
#4183,Nürburger Hund & Wild,BER3
#4182,Nürburger Hund & Wild,BER3
#4181,Nürburger Hund & Wild,BER3
#4180,Nürburger Hund & Wild,BER3
#4179,Nürburger Hund & Wild,BER3
#4178,Nürburger Hund & Wild,BER3
#4177,Nürburger Hund & Wild,BER3
#4176,Nürburger Hund & Wild,BER3
#1039202,ORGNZ,BER3
#1039201,ORGNZ,BER3
#1039200,ORGNZ,BER3
#1039199,ORGNZ,BER3
#1039198,ORGNZ,BER3
#1039197,ORGNZ,BER3
#1039196,ORGNZ,BER3
#1039195,ORGNZ,BER3
#1039194,ORGNZ,BER3
#1039193,ORGNZ,BER3
#1039192,ORGNZ,BER3
#1039191,ORGNZ,BER3
#1039190,ORGNZ,BER3
#1039189,ORGNZ,BER3
#1039188,ORGNZ,BER3
#1039187,ORGNZ,BER3
#1039186,ORGNZ,BER3
#1039185,ORGNZ,BER3
#1039184,ORGNZ,BER3
#1039183,ORGNZ,BER3
#1039182,ORGNZ,BER3
#1039181,ORGNZ,BER3
#1039180,ORGNZ,BER3
#1039179,ORGNZ,BER3
#1039178,ORGNZ,BER3
#1039177,ORGNZ,BER3
#1039176,ORGNZ,BER3
#1039175,ORGNZ,BER3
#1039174,ORGNZ,BER3
#1039173,ORGNZ,BER3
#1039172,ORGNZ,BER3
#1039171,ORGNZ,BER3
#1039170,ORGNZ,BER3
#1039169,ORGNZ,BER3
#1039168,ORGNZ,BER3
#1039167,ORGNZ,BER3
#1039166,ORGNZ,BER3
#1039165,ORGNZ,BER3
#1039164,ORGNZ,BER3
#1039163,ORGNZ,BER3
#1039162,ORGNZ,BER3
#1039161,ORGNZ,BER3
#1039160,ORGNZ,BER3
#1039159,ORGNZ,BER3
#1039158,ORGNZ,BER3
#1039157,ORGNZ,BER3
#1039156,ORGNZ,BER3
#1039155,ORGNZ,BER3
#1039154,ORGNZ,BER3
#1039153,ORGNZ,BER3
407-1153963-4704365,ORS Hydration,BER3
304-0615654-1023557,ORS Hydration,BER3
403-3522723-3623556,ORS Hydration,BER3
306-4329253-2831528,ORS Hydration,BER3
028-9106510-8793164,ORS Hydration,BER3
171-2168096-0877147,ORS Hydration,BER3
402-8930733-6755522,ORS Hydration,BER3
303-1543476-9800327,ORS Hydration,BER3
305-6136528-9647566,ORS Hydration,BER3
171-7065756-3309105,ORS Hydration,BER3
305-4357943-7840347,ORS Hydration,BER3
171-9687604-6757945,ORS Hydration,BER3
B2B000011,ORS Hydration,BER3
405-5979561-5858710,ORS Hydration,BER3
405-2791069-3016344,ORS Hydration,BER3
404-8722241-7819507,ORS Hydration,BER3
403-2706446-5028333,ORS Hydration,BER3
171-8196571-5048315,ORS Hydration,BER3
171-1983768-4814767,ORS Hydration,BER3
406-7225231-2612334,ORS Hydration,BER3
306-1101547-1966761,ORS Hydration,BER3
405-9487559-2888331,ORS Hydration,BER3
407-3485860-9815514,ORS Hydration,BER3
302-8341047-6212326,ORS Hydration,BER3
403-0502797-2701150,ORS Hydration,BER3
306-1583948-6934727,ORS Hydration,BER3
028-0182821-5505960,ORS Hydration,BER3
028-9326565-9608366,ORS Hydration,BER3
306-2065461-2268312,ORS Hydration,BER3
303-0337861-8215578,ORS Hydration,BER3
305-1735822-3041901,ORS Hydration,BER3
028-3973545-9025924,ORS Hydration,BER3
028-1142971-5058712,ORS Hydration,BER3
402-7908792-9089938,ORS Hydration,BER3
028-4707132-6016339,ORS Hydration,BER3
305-1060979-6130703,ORS Hydration,BER3
305-0634956-3561935,ORS Hydration,BER3
306-4863148-4067517,ORS Hydration,BER3
303-0999430-7521157,ORS Hydration,BER3
402-0201891-8635541,ORS Hydration,BER3
306-8148714-9832321,ORS Hydration,BER3
305-6714668-4174701,ORS Hydration,BER3
306-1315397-1157134,ORS Hydration,BER3
028-3118739-9579555,ORS Hydration,BER3
406-0111130-5431577,ORS Hydration,BER3
306-2476065-9136357,ORS Hydration,BER3
302-1046188-4111552,ORS Hydration,BER3
028-5707806-8315569,ORS Hydration,BER3
404-2861541-5183559,ORS Hydration,BER3
306-7981413-0949963,ORS Hydration,BER3
#253151OYL,OYL Foods,BER3
#253150OYL,OYL Foods,BER3
#253149OYL,OYL Foods,BER3
#253148OYL,OYL Foods,BER3
#253147OYL,OYL Foods,BER3
#253146OYL,OYL Foods,BER3
#253145OYL,OYL Foods,BER3
#253144OYL,OYL Foods,BER3
#253143OYL,OYL Foods,BER3
#253142OYL,OYL Foods,BER3
#253141OYL,OYL Foods,BER3
#253140OYL,OYL Foods,BER3
#253139OYL,OYL Foods,BER3
#253138OYL,OYL Foods,BER3
#253137OYL,OYL Foods,BER3
#253136OYL,OYL Foods,BER3
#253135OYL,OYL Foods,BER3
#253134OYL,OYL Foods,BER3
#253133OYL,OYL Foods,BER3
#253132OYL,OYL Foods,BER3
#253131OYL,OYL Foods,BER3
#253130OYL,OYL Foods,BER3
#253129OYL,OYL Foods,BER3
#253128OYL,OYL Foods,BER3
#253127OYL,OYL Foods,BER3
#253126OYL,OYL Foods,BER3
#253125OYL,OYL Foods,BER3
#253124OYL,OYL Foods,BER3
#253123OYL,OYL Foods,BER3
#253122OYL,OYL Foods,BER3
#253121OYL,OYL Foods,BER3
#253120OYL,OYL Foods,BER3
#253119OYL,OYL Foods,BER3
#253118OYL,OYL Foods,BER3
#253117OYL,OYL Foods,BER3
#253116OYL,OYL Foods,BER3
#253115OYL,OYL Foods,BER3
#253114OYL,OYL Foods,BER3
#253113OYL,OYL Foods,BER3
#253112OYL,OYL Foods,BER3
#253111OYL,OYL Foods,BER3
#253110OYL,OYL Foods,BER3
#253109OYL,OYL Foods,BER3
#253108OYL,OYL Foods,BER3
#253107OYL,OYL Foods,BER3
#253106OYL,OYL Foods,BER3
#253105OYL,OYL Foods,BER3
#253104OYL,OYL Foods,BER3
#253103OYL,OYL Foods,BER3
#253102OYL,OYL Foods,BER3
#16317,Onors,BER3
#16315,Onors,BER3
#16313,Onors,BER3
#16312,Onors,BER3
#16311,Onors,BER3
#16310,Onors,BER3
#16309,Onors,BER3
#16304,Onors,BER3
#16301,Onors,BER3
#16299,Onors,BER3
#16297,Onors,BER3
#16294,Onors,BER3
#16293,Onors,BER3
#16292,Onors,BER3
#16291,Onors,BER3
#16288,Onors,BER3
#16287,Onors,BER3
#16286,Onors,BER3
#16285,Onors,BER3
#16281,Onors,BER3
#16280,Onors,BER3
#16278,Onors,BER3
#16277,Onors,BER3
#16276,Onors,BER3
#16275,Onors,BER3
#16272,Onors,BER3
#16269,Onors,BER3
#16268,Onors,BER3
#16266,Onors,BER3
#16265,Onors,BER3
#16263,Onors,BER3
#16262,Onors,BER3
#16260,Onors,BER3
#16254,Onors,BER3
#16249,Onors,BER3
#16248,Onors,BER3
#16247,Onors,BER3
#16243,Onors,BER3
#16242,Onors,BER3
#16237,Onors,BER3
#16236,Onors,BER3
#16235,Onors,BER3
#16234,Onors,BER3
#16233,Onors,BER3
#16232,Onors,BER3
#16230,Onors,BER3
#16229,Onors,BER3
#16228,Onors,BER3
#16227,Onors,BER3
#16226,Onors,BER3
DE62941172,PURMEO,BER3
1KQ1UO,PURMEO,BER3
COM-246487764-2-A ShopApot,PURMEO,BER3
FBA15LWQ4RNQ AMZ HAJ1,PURMEO,BER3
DE62941170,PURMEO,BER3
1KNFMX DocMorris,PURMEO,BER3
1KLUJF DocMorris,PURMEO,BER3
COM-245789408-1-A,PURMEO,BER3
COM-245758026-2-A,PURMEO,BER3
COM-245583094-2-A,PURMEO,BER3
1KLQDV,PURMEO,BER3
COM-245391950-2-A,PURMEO,BER3
1KL616,PURMEO,BER3
DE62941167,PURMEO,BER3
1KKTCM,PURMEO,BER3
COM-245233090-2-A,PURMEO,BER3
COM-245156499-2-A,PURMEO,BER3
COM-245008053-2-A,PURMEO,BER3
COM-244936354-3-A,PURMEO,BER3
COM-244936354-3-A ShopApot,PURMEO,BER3
DE62941165,PURMEO,BER3
COM-244492276-2-A ShopApot,PURMEO,BER3
DE62941164,PURMEO,BER3
COM-244119065-1-A ShopApot,PURMEO,BER3
COM-243686385-4-A ShopApot,PURMEO,BER3
COM-243579940-1-A ShopApot,PURMEO,BER3
DE62941163,PURMEO,BER3
COM-243533758-2-A ShopApot,PURMEO,BER3
COM-243472944-2-A ShopApot,PURMEO,BER3
COM-243371863-2-A ShopApot,PURMEO,BER3
COM-243363807-2-A ShopApot,PURMEO,BER3
COM-243362456-2-A ShopApot,PURMEO,BER3
COM-242960151-1-A ShopApot,PURMEO,BER3
COM-242708493-6-A ShopApot,PURMEO,BER3
COM-242623235-3-A ShopApot,PURMEO,BER3
COM-242347437-2-A ShopApot,PURMEO,BER3
COM-242046422-1-A ShopApot,PURMEO,BER3
COM-242006284-2-A ShopApot,PURMEO,BER3
1K8R3X,PURMEO,BER3
DE62941161,PURMEO,BER3
COM-241819863-2-A ShopApot,PURMEO,BER3
COM-241819424-1-A ShopApot,PURMEO,BER3
COM-241813555-2-A ShopApot,PURMEO,BER3
COM-241810937-2-A ShopApot,PURMEO,BER3
COM-241760378-1-A ShopApot,PURMEO,BER3
COM-241633929-2-A ShopApot,PURMEO,BER3
COM-241421787-2-A ShopApot,PURMEO,BER3
COM-241308630-1-A ShopApot,PURMEO,BER3
COM-241295942-1-A ShopApot,PURMEO,BER3
COM-241230804-1-A ShopApot,PURMEO,BER3
VM-148517,Patronus,BER3
VM-24138,Patronus,BER3
VM-56846,Patronus,BER3
VM-23128,Patronus,BER3
VM-130680,Patronus,BER3
VM-178581,Patronus,BER3
VM-176172,Patronus,BER3
VM-178402,Patronus,BER3
VM-27654,Patronus,BER3
VM-178248,Patronus,BER3
VM-167669,Patronus,BER3
VM-149221,Patronus,BER3
VM-155913,Patronus,BER3
VM-43189,Patronus,BER3
VM-55269,Patronus,BER3
VM-157573,Patronus,BER3
VM-178221,Patronus,BER3
VM-148209,Patronus,BER3
VM-40238,Patronus,BER3
VM-178612,Patronus,BER3
VM-179971,Patronus,BER3
VM-52490,Patronus,BER3
VM-44351,Patronus,BER3
VM-148850,Patronus,BER3
VM-139992,Patronus,BER3
VM-179050,Patronus,BER3
VM-59973,Patronus,BER3
VM-1603790,Patronus,BER3
VM-127097,Patronus,BER3
VM-178671,Patronus,BER3
VM-176620,Patronus,BER3
VM-504484,Patronus,BER3
VM-55966,Patronus,BER3
VM-56724,Patronus,BER3
VM-153947,Patronus,BER3
VM-282480,Patronus,BER3
VM-53515,Patronus,BER3
VM-176048,Patronus,BER3
VM-47613,Patronus,BER3
VM-38497,Patronus,BER3
VM-179207,Patronus,BER3
VM-54457,Patronus,BER3
VM-147413,Patronus,BER3
VM-26511,Patronus,BER3
VM-22979,Patronus,BER3
VM-178009,Patronus,BER3
VM-55479,Patronus,BER3
VM-177990,Patronus,BER3
VM-33412,Patronus,BER3
VM-139487,Patronus,BER3
#PP-4174-DE,Perform+,BER3
#PP-4173-DE,Perform+,BER3
#PP-4172-DE,Perform+,BER3
#PP-4171-DE,Perform+,BER3
#PP-4170-DE,Perform+,BER3
#PP-4169-DE,Perform+,BER3
#PP-4168-DE,Perform+,BER3
#PP-4167-DE,Perform+,BER3
#PP-4166-DE,Perform+,BER3
#PP-4165-DE,Perform+,BER3
#PP-4164-DE,Perform+,BER3
#PP-4163-DE,Perform+,BER3
#PP-4162-DE,Perform+,BER3
#PP-4161-DE,Perform+,BER3
#PP-4160-DE,Perform+,BER3
#PP-4159-DE,Perform+,BER3
#PP-4158-DE,Perform+,BER3
#PP-4157-DE,Perform+,BER3
#PP-4156-DE,Perform+,BER3
#PP-4155-DE,Perform+,BER3
#PP-4154-DE,Perform+,BER3
#PP-4153-DE,Perform+,BER3
#PP-4152-DE,Perform+,BER3
#PP-4151-DE,Perform+,BER3
#PP-4150-DE,Perform+,BER3
#PP-4149-DE,Perform+,BER3
#PP-4148-DE,Perform+,BER3
#PP-4147-DE,Perform+,BER3
#PP-4146-DE,Perform+,BER3
#PP-4145-DE,Perform+,BER3
#PP-4144-DE,Perform+,BER3
#PP-4143-DE,Perform+,BER3
#PP-4142-DE,Perform+,BER3
#PP-4141-DE,Perform+,BER3
#PP-4140-DE,Perform+,BER3
#PP-4139-DE,Perform+,BER3
#PP-4138-DE,Perform+,BER3
#PP-4137-DE,Perform+,BER3
#PP-4136-DE,Perform+,BER3
#PP-4135-DE,Perform+,BER3
#PP-4134-DE,Perform+,BER3
#PP-4133-DE,Perform+,BER3
#PP-4132-DE,Perform+,BER3
#PP-4131-DE,Perform+,BER3
#PP-4130-DE,Perform+,BER3
#PP-4129-DE,Perform+,BER3
#PP-4128-DE,Perform+,BER3
#PP-4127-DE,Perform+,BER3
#PP-4126-DE,Perform+,BER3
#PP-4125-DE,Perform+,BER3
#6856,Phiala,BER3
#6855,Phiala,BER3
#6854,Phiala,BER3
#6853,Phiala,BER3
#6852,Phiala,BER3
#6851,Phiala,BER3
#6850,Phiala,BER3
#6849,Phiala,BER3
#6848,Phiala,BER3
#6847,Phiala,BER3
#6846,Phiala,BER3
#6845,Phiala,BER3
#6844,Phiala,BER3
#6843,Phiala,BER3
#6842,Phiala,BER3
#6841,Phiala,BER3
#6840,Phiala,BER3
#6839,Phiala,BER3
#6838,Phiala,BER3
#6837,Phiala,BER3
#6836,Phiala,BER3
#6835,Phiala,BER3
#6834,Phiala,BER3
#6833,Phiala,BER3
#6832,Phiala,BER3
#6831,Phiala,BER3
#6830,Phiala,BER3
#6829,Phiala,BER3
#6828,Phiala,BER3
#6827,Phiala,BER3
#6826,Phiala,BER3
#6825,Phiala,BER3
#6824,Phiala,BER3
#6823,Phiala,BER3
#6822,Phiala,BER3
#6821,Phiala,BER3
#6820,Phiala,BER3
#6819,Phiala,BER3
#6818,Phiala,BER3
#6817,Phiala,BER3
#6816,Phiala,BER3
#6815,Phiala,BER3
#6814,Phiala,BER3
#6813,Phiala,BER3
#6812,Phiala,BER3
#6811,Phiala,BER3
#6810,Phiala,BER3
#6809,Phiala,BER3
#6808,Phiala,BER3
#6807,Phiala,BER3
#2662,Plantsalt,BER3
#2661,Plantsalt,BER3
#2660,Plantsalt,BER3
#2659,Plantsalt,BER3
#2658,Plantsalt,BER3
#2657,Plantsalt,BER3
#2656,Plantsalt,BER3
#2655,Plantsalt,BER3
#2654,Plantsalt,BER3
#2653,Plantsalt,BER3
#2652,Plantsalt,BER3
#2651,Plantsalt,BER3
#2650,Plantsalt,BER3
#2649,Plantsalt,BER3
#2648,Plantsalt,BER3
#2647,Plantsalt,BER3
#2646,Plantsalt,BER3
#2645,Plantsalt,BER3
#2644,Plantsalt,BER3
#2643,Plantsalt,BER3
#2642,Plantsalt,BER3
#2641,Plantsalt,BER3
#2640,Plantsalt,BER3
#2639,Plantsalt,BER3
#2638,Plantsalt,BER3
#2637,Plantsalt,BER3
#2636,Plantsalt,BER3
#2635,Plantsalt,BER3
#2634,Plantsalt,BER3
#2633,Plantsalt,BER3
#2632,Plantsalt,BER3
#2631,Plantsalt,BER3
#2630,Plantsalt,BER3
#2629,Plantsalt,BER3
#2628,Plantsalt,BER3
#2627,Plantsalt,BER3
#2626,Plantsalt,BER3
#2625,Plantsalt,BER3
#2624,Plantsalt,BER3
#2623,Plantsalt,BER3
#2622,Plantsalt,BER3
#2621,Plantsalt,BER3
#2620,Plantsalt,BER3
#2619,Plantsalt,BER3
#2618,Plantsalt,BER3
#2617,Plantsalt,BER3
#2616,Plantsalt,BER3
#2615,Plantsalt,BER3
#2614,Plantsalt,BER3
#2613,Plantsalt,BER3
P-DE-1210650,Pomelo,BER3
P-FR-307749,Pomelo,BER3
P-FR-307748,Pomelo,BER3
P-FR-307747,Pomelo,BER3
P-FR-307746,Pomelo,BER3
P-FR-307744,Pomelo,BER3
P-FR-307745,Pomelo,BER3
P-FR-307743,Pomelo,BER3
P-DE-1210649,Pomelo,BER3
P-IT-377123,Pomelo,BER3
P-FR-307742,Pomelo,BER3
P-FR-307741,Pomelo,BER3
P-FR-307740,Pomelo,BER3
P-FR-307739,Pomelo,BER3
P-FR-307738,Pomelo,BER3
P-FR-307737,Pomelo,BER3
P-FR-307736,Pomelo,BER3
P-DE-1210648,Pomelo,BER3
P-FR-307735,Pomelo,BER3
P-FR-307734,Pomelo,BER3
P-FR-307733,Pomelo,BER3
P-DE-1210647,Pomelo,BER3
P-FR-307732,Pomelo,BER3
P-DE-1210646,Pomelo,BER3
P-DE-1210645,Pomelo,BER3
P-FR-307731,Pomelo,BER3
P-FR-307730,Pomelo,BER3
P-FR-307729,Pomelo,BER3
P-FR-307728,Pomelo,BER3
P-DE-1210644,Pomelo,BER3
P-FR-307727,Pomelo,BER3
P-FR-307726,Pomelo,BER3
P-DE-1210643,Pomelo,BER3
P-FR-307725,Pomelo,BER3
P-FR-307724,Pomelo,BER3
P-FR-307723,Pomelo,BER3
P-FR-307722,Pomelo,BER3
P-FR-307721,Pomelo,BER3
P-DE-1210642,Pomelo,BER3
P-DE-1210641,Pomelo,BER3
P-FR-307720,Pomelo,BER3
P-DE-1210640,Pomelo,BER3
P-DE-1210639,Pomelo,BER3
P-DE-1210638,Pomelo,BER3
P-DE-1210637,Pomelo,BER3
P-DE-1210636,Pomelo,BER3
P-DE-1210635,Pomelo,BER3
P-FR-307719,Pomelo,BER3
P-FR-307718,Pomelo,BER3
P-FR-307717,Pomelo,BER3
#1008,Portsea Fans,BER3
303-1660618-3802709,Portsea Fans,BER3
306-3671458-2842759,Portsea Fans,BER3
028-5678208-8216310,Portsea Fans,BER3
#1007,Portsea Fans,BER3
304-3126461-6361934,Portsea Fans,BER3
304-2374653-8641101,Portsea Fans,BER3
028-6210940-2700342,Portsea Fans,BER3
303-9086873-9047522,Portsea Fans,BER3
303-1452122-3332369,Portsea Fans,BER3
#1006,Portsea Fans,BER3
#1005,Portsea Fans,BER3
#1004,Portsea Fans,BER3
PS20391,Power Sprotte,BER3
PS20390,Power Sprotte,BER3
PS20389,Power Sprotte,BER3
PS20388,Power Sprotte,BER3
PS20387,Power Sprotte,BER3
PS20386,Power Sprotte,BER3
PS20385,Power Sprotte,BER3
PS20384,Power Sprotte,BER3
PS20383,Power Sprotte,BER3
PS20382,Power Sprotte,BER3
PS20381,Power Sprotte,BER3
PS20378,Power Sprotte,BER3
PS20377,Power Sprotte,BER3
PS20376,Power Sprotte,BER3
PS20375,Power Sprotte,BER3
PS20374,Power Sprotte,BER3
PS20373,Power Sprotte,BER3
PS20372,Power Sprotte,BER3
PS20371,Power Sprotte,BER3
PS20370,Power Sprotte,BER3
PS20369,Power Sprotte,BER3
PS20368,Power Sprotte,BER3
PS20367,Power Sprotte,BER3
PS20366,Power Sprotte,BER3
PS20365,Power Sprotte,BER3
PS20364,Power Sprotte,BER3
PS20363,Power Sprotte,BER3
PS20362,Power Sprotte,BER3
PS20361,Power Sprotte,BER3
PS20360,Power Sprotte,BER3
PS20359,Power Sprotte,BER3
PS20358,Power Sprotte,BER3
PS20357,Power Sprotte,BER3
PS20356,Power Sprotte,BER3
PS20355,Power Sprotte,BER3
PS20354,Power Sprotte,BER3
PS20353,Power Sprotte,BER3
PS20352,Power Sprotte,BER3
B2C007377,Power Sprotte,BER3
PS20348,Power Sprotte,BER3
PS20347,Power Sprotte,BER3
PS20346,Power Sprotte,BER3
PS20345,Power Sprotte,BER3
PS20344,Power Sprotte,BER3
PS20343,Power Sprotte,BER3
PS20342,Power Sprotte,BER3
PS20341,Power Sprotte,BER3
PS20340,Power Sprotte,BER3
PS20339,Power Sprotte,BER3
PS20338,Power Sprotte,BER3
B2B000106,ProDGtal,BER3
#9966,ProDGtal,BER3
#9960,ProDGtal,BER3
#9959,ProDGtal,BER3
#9958,ProDGtal,BER3
B2B000105,ProDGtal,BER3
#9956,ProDGtal,BER3
#9953,ProDGtal,BER3
#9950,ProDGtal,BER3
#9944,ProDGtal,BER3
#9939,ProDGtal,BER3
B2C000017,ProDGtal,BER3
B2C000015,ProDGtal,BER3
B2C007996,ProDGtal,BER3
#9936,ProDGtal,BER3
#9934,ProDGtal,BER3
#9930,ProDGtal,BER3
#9929,ProDGtal,BER3
#9927,ProDGtal,BER3
#9917,ProDGtal,BER3
#9913,ProDGtal,BER3
#9907,ProDGtal,BER3
#9899,ProDGtal,BER3
#9896,ProDGtal,BER3
#9895,ProDGtal,BER3
#9894,ProDGtal,BER3
#9889,ProDGtal,BER3
#9883,ProDGtal,BER3
B2B000102,ProDGtal,BER3
B2C000014,ProDGtal,BER3
#9876,ProDGtal,BER3
#9875,ProDGtal,BER3
#9872,ProDGtal,BER3
#9871,ProDGtal,BER3
#9865,ProDGtal,BER3
#9861,ProDGtal,BER3
#9859,ProDGtal,BER3
#9851,ProDGtal,BER3
#9849,ProDGtal,BER3
#9841,ProDGtal,BER3
#9837,ProDGtal,BER3
#9835,ProDGtal,BER3
#9833,ProDGtal,BER3
#9825,ProDGtal,BER3
#9814,ProDGtal,BER3
#9812,ProDGtal,BER3
#9811,ProDGtal,BER3
#9808,ProDGtal,BER3
#9803,ProDGtal,BER3
#9798,ProDGtal,BER3
#PF16534,PunchFit,BER3
#PF16533,PunchFit,BER3
#PF16532,PunchFit,BER3
#PF16531,PunchFit,BER3
#PF16530,PunchFit,BER3
#PF16529,PunchFit,BER3
#PF16528,PunchFit,BER3
#PF16527,PunchFit,BER3
#PF16526,PunchFit,BER3
#PF16525,PunchFit,BER3
#PF16524,PunchFit,BER3
#PF16523,PunchFit,BER3
#PF16522,PunchFit,BER3
#PF16521,PunchFit,BER3
#PF16520,PunchFit,BER3
#PF16519,PunchFit,BER3
#PF16518,PunchFit,BER3
#PF16517,PunchFit,BER3
#PF16516,PunchFit,BER3
#PF16515,PunchFit,BER3
#PF16514,PunchFit,BER3
#PF16513,PunchFit,BER3
#PF16512,PunchFit,BER3
#PF16511,PunchFit,BER3
#PF16510,PunchFit,BER3
#PF16509,PunchFit,BER3
#PF16508,PunchFit,BER3
#PF16507,PunchFit,BER3
#PF16506,PunchFit,BER3
#PF16505,PunchFit,BER3
#PF16504,PunchFit,BER3
#PF16503,PunchFit,BER3
#PF16502,PunchFit,BER3
#PF16501,PunchFit,BER3
#PF16500,PunchFit,BER3
#PF16499,PunchFit,BER3
#PF16498,PunchFit,BER3
#PF16497,PunchFit,BER3
#PF16496,PunchFit,BER3
#PF16495,PunchFit,BER3
#PF16494,PunchFit,BER3
#PF16493,PunchFit,BER3
#PF16492,PunchFit,BER3
#PF16491,PunchFit,BER3
#PF16490,PunchFit,BER3
#PF16489,PunchFit,BER3
#PF16488,PunchFit,BER3
#PF16487,PunchFit,BER3
#PF16486,PunchFit,BER3
#PF16485,PunchFit,BER3
SAK35919,Purish Marketplaces,BER3
DOU18252,Purish Marketplaces,BER3
SAK35918,Purish Marketplaces,BER3
DOU18251,Purish Marketplaces,BER3
SAK35917,Purish Marketplaces,BER3
SAK35916,Purish Marketplaces,BER3
DOU18250,Purish Marketplaces,BER3
DOU18249,Purish Marketplaces,BER3
SAK35915,Purish Marketplaces,BER3
DOU18248,Purish Marketplaces,BER3
DOU18247,Purish Marketplaces,BER3
1KQOSV,Purish Marketplaces,BER3
DOU18246,Purish Marketplaces,BER3
DOU18245,Purish Marketplaces,BER3
DOU18244,Purish Marketplaces,BER3
DOU18243,Purish Marketplaces,BER3
DOU18242,Purish Marketplaces,BER3
DOU18241,Purish Marketplaces,BER3
SAK35914,Purish Marketplaces,BER3
DOU18240,Purish Marketplaces,BER3
DOU18239,Purish Marketplaces,BER3
DOU18238,Purish Marketplaces,BER3
DOU18237,Purish Marketplaces,BER3
SAK35913,Purish Marketplaces,BER3
DOU18236,Purish Marketplaces,BER3
SAK35912,Purish Marketplaces,BER3
DOU18235,Purish Marketplaces,BER3
1KQNWC,Purish Marketplaces,BER3
1KQMRL,Purish Marketplaces,BER3
DOU18234,Purish Marketplaces,BER3
SAK35911,Purish Marketplaces,BER3
SAK35910,Purish Marketplaces,BER3
DOU18233,Purish Marketplaces,BER3
DOU18232,Purish Marketplaces,BER3
SAK35909,Purish Marketplaces,BER3
DOU18231,Purish Marketplaces,BER3
SAK35908,Purish Marketplaces,BER3
DOU18230,Purish Marketplaces,BER3
DOU18229,Purish Marketplaces,BER3
DOU18228,Purish Marketplaces,BER3
DOU18227,Purish Marketplaces,BER3
DOU18226,Purish Marketplaces,BER3
SAK35907,Purish Marketplaces,BER3
DOU18225,Purish Marketplaces,BER3
DOU18224,Purish Marketplaces,BER3
DOU18223,Purish Marketplaces,BER3
SAK35906,Purish Marketplaces,BER3
DOU18222,Purish Marketplaces,BER3
SAK35905,Purish Marketplaces,BER3
DOU18221,Purish Marketplaces,BER3
#3067,QuickplaySports DE,BER3
305-2847389-6656300,QuickplaySports DE,BER3
306-4737489-1631561,QuickplaySports DE,BER3
#3066,QuickplaySports DE,BER3
306-2221389-0587500,QuickplaySports DE,BER3
#3065,QuickplaySports DE,BER3
#3064,QuickplaySports DE,BER3
#3063,QuickplaySports DE,BER3
408-6641280-6939513,QuickplaySports DE,BER3
#3062,QuickplaySports DE,BER3
302-7772777-1067556,QuickplaySports DE,BER3
#3061,QuickplaySports DE,BER3
306-1028424-0472313,QuickplaySports DE,BER3
#3060,QuickplaySports DE,BER3
#3059,QuickplaySports DE,BER3
305-7553707-1483564,QuickplaySports DE,BER3
#3058,QuickplaySports DE,BER3
#3057,QuickplaySports DE,BER3
#3056,QuickplaySports DE,BER3
#3055,QuickplaySports DE,BER3
302-1717245-9466721,QuickplaySports DE,BER3
#3054,QuickplaySports DE,BER3
#3053,QuickplaySports DE,BER3
#3052,QuickplaySports DE,BER3
#3051,QuickplaySports DE,BER3
#3050,QuickplaySports DE,BER3
303-5680764-3397146,QuickplaySports DE,BER3
#3049,QuickplaySports DE,BER3
#3048,QuickplaySports DE,BER3
305-6342578-8442767,QuickplaySports DE,BER3
304-9618118-7657942,QuickplaySports DE,BER3
028-2749349-0871522,QuickplaySports DE,BER3
303-4328402-4432358,QuickplaySports DE,BER3
028-9924653-3817944,QuickplaySports DE,BER3
#3047,QuickplaySports DE,BER3
#3046,QuickplaySports DE,BER3
306-9524746-0473136,QuickplaySports DE,BER3
#3045,QuickplaySports DE,BER3
304-8410438-3155539,QuickplaySports DE,BER3
305-8941623-6710739,QuickplaySports DE,BER3
#3044,QuickplaySports DE,BER3
#3043,QuickplaySports DE,BER3
#3042,QuickplaySports DE,BER3
#3041,QuickplaySports DE,BER3
306-7841429-6393949,QuickplaySports DE,BER3
302-3787247-1217106,QuickplaySports DE,BER3
028-3491030-6809112,QuickplaySports DE,BER3
403-0543217-7578728,QuickplaySports DE,BER3
#3040,QuickplaySports DE,BER3
#3039,QuickplaySports DE,BER3
306-9546403-4273948,ROAM,BER3
#20656,ROAM,BER3
#20647,ROAM,BER3
B2C000112,ROAM,BER3
B2C000111,ROAM,BER3
#20605,ROAM,BER3
302-7413786-2834748,ROAM,BER3
303-4702958-5897942,ROAM,BER3
305-6217625-6490757,ROAM,BER3
#20525,ROAM,BER3
#20516,ROAM,BER3
305-7598181-9598745,ROAM,BER3
#20498,ROAM,BER3
#20490,ROAM,BER3
#20484,ROAM,BER3
B2B000177,ROAM,BER3
#20466,ROAM,BER3
,ROAM,BER3
B2C000269,ROAM,BER3
#20450,ROAM,BER3
PO-2629,ROAM,BER3
#20431,ROAM,BER3
#20412,ROAM,BER3
#20390,ROAM,BER3
#20386,ROAM,BER3
#20383,ROAM,BER3
#20364,ROAM,BER3
#20359,ROAM,BER3
306-5254594-4082769,ROAM,BER3
#20338,ROAM,BER3
,ROAM,BER3
#20325,ROAM,BER3
#20291,ROAM,BER3
#20290,ROAM,BER3
#20282,ROAM,BER3
#20273,ROAM,BER3
#20249,ROAM,BER3
,ROAM,BER3
,ROAM,BER3
,ROAM,BER3
,ROAM,BER3
,ROAM,BER3
,ROAM,BER3
,ROAM,BER3
,ROAM,BER3
#20224,ROAM,BER3
#20222,ROAM,BER3
305-5716841-8509904,ROAM,BER3
302-0453582-0961902,ROAM,BER3
PO-1001732,ROAM,BER3
#1013,Rawstar LTD,BER3
#1012,Rawstar LTD,BER3
#1011,Rawstar LTD,BER3
#1010,Rawstar LTD,BER3
#1009,Rawstar LTD,BER3
#1008,Rawstar LTD,BER3
#1001,Remus Nation,BER3
Carmen Hintermayer,Remus Nation,BER3
d4a90a2a-23d7-4bc5-8718-08de6593e469,Remus Nation,BER3
B2C000014,Remus Nation,BER3
B2C000013,Remus Nation,BER3
B2C000012,Remus Nation,BER3
B2C000011,Remus Nation,BER3
B2C000010,Remus Nation,BER3
B2C000009,Remus Nation,BER3
B2C000008,Remus Nation,BER3
d873375e-c9e9-42f3-e681-08de75125d87,Remus Nation,BER3
607d0bf5-0a82-431b-6d90-08ddf6f5aa52,Remus Nation,BER3
ef79a401-f6fb-4457-74ae-08de5f5bea01,Remus Nation,BER3
#18187,Revitalash,BER3
#18186,Revitalash,BER3
#18185,Revitalash,BER3
B2B000055,Revitalash,BER3
#4120,Revitalash,BER3
#4119,Revitalash,BER3
#4118,Revitalash,BER3
#4117,Revitalash,BER3
#4116,Revitalash,BER3
#4115,Revitalash,BER3
#18184,Revitalash,BER3
#4114,Revitalash,BER3
#18183,Revitalash,BER3
B2B000054,Revitalash,BER3
#18182,Revitalash,BER3
#4113,Revitalash,BER3
#18181,Revitalash,BER3
#18180,Revitalash,BER3
#18179,Revitalash,BER3
#4112,Revitalash,BER3
#4111,Revitalash,BER3
RL MHD Return,Revitalash,BER3
#4110,Revitalash,BER3
#4109,Revitalash,BER3
#4108,Revitalash,BER3
#18178,Revitalash,BER3
#4107,Revitalash,BER3
#18177,Revitalash,BER3
#18176,Revitalash,BER3
#18175,Revitalash,BER3
#4106,Revitalash,BER3
#4105,Revitalash,BER3
#18174,Revitalash,BER3
#18173,Revitalash,BER3
3964 Resend,Revitalash,BER3
#4104,Revitalash,BER3
#4103,Revitalash,BER3
#4102,Revitalash,BER3
#4101,Revitalash,BER3
#18172,Revitalash,BER3
#18171,Revitalash,BER3
#18170,Revitalash,BER3
#18169,Revitalash,BER3
#18168,Revitalash,BER3
#4100,Revitalash,BER3
#4099,Revitalash,BER3
#4098,Revitalash,BER3
#18167,Revitalash,BER3
#4097,Revitalash,BER3
#18166,Revitalash,BER3
Final Moveout order 2,Rookie Baby,BER3
S#146954,Rookie Baby,BER3
S#146953,Rookie Baby,BER3
S#146952,Rookie Baby,BER3
S#146951,Rookie Baby,BER3
S#146950,Rookie Baby,BER3
S#146949,Rookie Baby,BER3
S#146948,Rookie Baby,BER3
S#146947,Rookie Baby,BER3
S#146946,Rookie Baby,BER3
S#146945,Rookie Baby,BER3
S#146944,Rookie Baby,BER3
S#146943,Rookie Baby,BER3
S#146942,Rookie Baby,BER3
S#146941,Rookie Baby,BER3
S#146940,Rookie Baby,BER3
S#146939,Rookie Baby,BER3
S#146938,Rookie Baby,BER3
S#146937,Rookie Baby,BER3
S#146936,Rookie Baby,BER3
S#146935,Rookie Baby,BER3
S#146934,Rookie Baby,BER3
S#146933,Rookie Baby,BER3
S#146932,Rookie Baby,BER3
S#146931,Rookie Baby,BER3
S#146930,Rookie Baby,BER3
S#146929,Rookie Baby,BER3
S#146928,Rookie Baby,BER3
S#146927,Rookie Baby,BER3
B2B#3048,Rookie Baby,BER3
S#146926,Rookie Baby,BER3
B2B#3047,Rookie Baby,BER3
S#146925,Rookie Baby,BER3
S#146924,Rookie Baby,BER3
S#146923,Rookie Baby,BER3
S#146922,Rookie Baby,BER3
S#146921,Rookie Baby,BER3
B2B#3046,Rookie Baby,BER3
B2B#3045,Rookie Baby,BER3
S#146920,Rookie Baby,BER3
S#146919,Rookie Baby,BER3
S#146918,Rookie Baby,BER3
S#146917,Rookie Baby,BER3
S#146916,Rookie Baby,BER3
S#146915,Rookie Baby,BER3
S#146914,Rookie Baby,BER3
S#146913,Rookie Baby,BER3
S#146912,Rookie Baby,BER3
S#146911,Rookie Baby,BER3
S#146910,Rookie Baby,BER3
#1453743,Rosental Organics,BER3
#1574,S&K Shop,BER3
302-5578942-9021104,SGIN Cosmetics,BER3
WTR-21189,SGIN Cosmetics,BER3
WTR-21188,SGIN Cosmetics,BER3
P4-B3_FBA15LPHYST4,SGIN Cosmetics,BER3
P4-B2_FBA15LPHYST4,SGIN Cosmetics,BER3
P4-B1_FBA15LPHYST4,SGIN Cosmetics,BER3
P3-B3_FBA15LPHYST4,SGIN Cosmetics,BER3
P3-B2_FBA15LPHYST4,SGIN Cosmetics,BER3
P3-B1_FBA15LPHYST4,SGIN Cosmetics,BER3
P2-B3_FBA15LPHYST4,SGIN Cosmetics,BER3
P2-B2_FBA15LPHYST4,SGIN Cosmetics,BER3
P2-P1_FBA15LPHYST4,SGIN Cosmetics,BER3
P1-B2_FBA15LPHYST4,SGIN Cosmetics,BER3
P1-B1_FBA15LPHYST4,SGIN Cosmetics,BER3
306-7502815-5887545,SGIN Cosmetics,BER3
FBA15LNY32CR,SGIN Cosmetics,BER3
Intern Lager,SGIN Cosmetics,BER3
302-4766846-5972303,SGIN Cosmetics,BER3
304-4464854-7302735,SGIN Cosmetics,BER3
305-3523939-0496366,SGIN Cosmetics,BER3
302-4215309-8023549,SGIN Cosmetics,BER3
303-7402044-1413943,SGIN Cosmetics,BER3
306-9877814-9081129,SGIN Cosmetics,BER3
304-8814345-4454711,SGIN Cosmetics,BER3
302-2041765-0510760,SGIN Cosmetics,BER3
WTR-21187,SGIN Cosmetics,BER3
303-4563203-1596358,SGIN Cosmetics,BER3
WTR-21186,SGIN Cosmetics,BER3
028-7596180-6755561,SGIN Cosmetics,BER3
WTR-21185,SGIN Cosmetics,BER3
WTR-21184,SGIN Cosmetics,BER3
306-1493929-9112311,SGIN Cosmetics,BER3
306-5367576-6761134,SGIN Cosmetics,BER3
WTR-21183,SGIN Cosmetics,BER3
WTR-21182,SGIN Cosmetics,BER3
305-3363381-4011532,SGIN Cosmetics,BER3
302-7422491-4841156,SGIN Cosmetics,BER3
302-8732534-2729967,SGIN Cosmetics,BER3
028-0950960-3404356,SGIN Cosmetics,BER3
302-0706990-3294708,SGIN Cosmetics,BER3
WTR-21181,SGIN Cosmetics,BER3
WTR-21180,SGIN Cosmetics,BER3
304-6588475-9825144,SGIN Cosmetics,BER3
WTR-21179,SGIN Cosmetics,BER3
028-0357604-7979554,SGIN Cosmetics,BER3
028-0315177-3573112,SGIN Cosmetics,BER3
306-3400846-5801117,SGIN Cosmetics,BER3
304-6396986-1489912,SGIN Cosmetics,BER3
302-3478258-4818709,SGIN Cosmetics,BER3
304-6879167-3266737,SGIN Cosmetics,BER3
2026455897,SHYNE,BER3
B2C000277,SHYNE,BER3
B2C000276,SHYNE,BER3
B2C000275,SHYNE,BER3
2026455852,SHYNE,BER3
2026455869,SHYNE,BER3
2026455887,SHYNE,BER3
2026455871,SHYNE,BER3
2026455886,SHYNE,BER3
2026455888,SHYNE,BER3
2026455877,SHYNE,BER3
2026455890,SHYNE,BER3
2026455858,SHYNE,BER3
2026455839,SHYNE,BER3
2026455840,SHYNE,BER3
2026455853,SHYNE,BER3
2026455873,SHYNE,BER3
2026455879,SHYNE,BER3
2026455849,SHYNE,BER3
2026455851,SHYNE,BER3
2026455874,SHYNE,BER3
2026455867,SHYNE,BER3
2026455843,SHYNE,BER3
2026455882,SHYNE,BER3
2026455847,SHYNE,BER3
2026455895,SHYNE,BER3
2026455837,SHYNE,BER3
2026455894,SHYNE,BER3
2026455891,SHYNE,BER3
2026455893,SHYNE,BER3
2026455883,SHYNE,BER3
2026455881,SHYNE,BER3
2026455875,SHYNE,BER3
2026455856,SHYNE,BER3
2026455880,SHYNE,BER3
2026455864,SHYNE,BER3
2026455866,SHYNE,BER3
2026455854,SHYNE,BER3
2026455860,SHYNE,BER3
2026455859,SHYNE,BER3
2026455863,SHYNE,BER3
2026455862,SHYNE,BER3
2026455857,SHYNE,BER3
2026455842,SHYNE,BER3
2026455876,SHYNE,BER3
2026455872,SHYNE,BER3
2026455892,SHYNE,BER3
2026455861,SHYNE,BER3
2026455828,SHYNE,BER3
2026455868,SHYNE,BER3
#SPL2502,SPL Premium Nutrition,BER3
#SPL2501,SPL Premium Nutrition,BER3
#SPL2500,SPL Premium Nutrition,BER3
#SPL2499,SPL Premium Nutrition,BER3
#SPL2498,SPL Premium Nutrition,BER3
#SPL2497,SPL Premium Nutrition,BER3
#SPL2496,SPL Premium Nutrition,BER3
#SPL2495,SPL Premium Nutrition,BER3
#SPL2494,SPL Premium Nutrition,BER3
#SPL2493,SPL Premium Nutrition,BER3
#SPL2492,SPL Premium Nutrition,BER3
#SPL2491,SPL Premium Nutrition,BER3
#SPL2490,SPL Premium Nutrition,BER3
#SPL2489,SPL Premium Nutrition,BER3
#SPL2488,SPL Premium Nutrition,BER3
#SPL2487,SPL Premium Nutrition,BER3
#SPL2486,SPL Premium Nutrition,BER3
#SPL2485,SPL Premium Nutrition,BER3
#SPL2484,SPL Premium Nutrition,BER3
#SPL2483,SPL Premium Nutrition,BER3
#SPL2482,SPL Premium Nutrition,BER3
#SPL2481,SPL Premium Nutrition,BER3
#SPL2480,SPL Premium Nutrition,BER3
#SPL2479,SPL Premium Nutrition,BER3
#SPL2478,SPL Premium Nutrition,BER3
#SPL2477,SPL Premium Nutrition,BER3
#SPL2476,SPL Premium Nutrition,BER3
#SPL2475,SPL Premium Nutrition,BER3
#SPL2474,SPL Premium Nutrition,BER3
#SPL2473,SPL Premium Nutrition,BER3
#SPL2472,SPL Premium Nutrition,BER3
#SPL2471,SPL Premium Nutrition,BER3
#SPL2470,SPL Premium Nutrition,BER3
#SPL2469,SPL Premium Nutrition,BER3
#SPL2468,SPL Premium Nutrition,BER3
#SPL2467,SPL Premium Nutrition,BER3
#SPL2466,SPL Premium Nutrition,BER3
#SPL2465,SPL Premium Nutrition,BER3
#SPL2464,SPL Premium Nutrition,BER3
#SPL2463,SPL Premium Nutrition,BER3
#SPL2462,SPL Premium Nutrition,BER3
#SPL2461,SPL Premium Nutrition,BER3
#SPL2460,SPL Premium Nutrition,BER3
#SPL2459,SPL Premium Nutrition,BER3
#SPL2458,SPL Premium Nutrition,BER3
#SPL2457,SPL Premium Nutrition,BER3
#SPL2456,SPL Premium Nutrition,BER3
#SPL2455,SPL Premium Nutrition,BER3
#SPL2454,SPL Premium Nutrition,BER3
#SPL2453,SPL Premium Nutrition,BER3
9075,SZ Distribution Ltd,BER3
9068,SZ Distribution Ltd,BER3
9064,SZ Distribution Ltd,BER3
9063,SZ Distribution Ltd,BER3
9059,SZ Distribution Ltd,BER3
9058,SZ Distribution Ltd,BER3
9056,SZ Distribution Ltd,BER3
9053,SZ Distribution Ltd,BER3
9050,SZ Distribution Ltd,BER3
9049,SZ Distribution Ltd,BER3
9048,SZ Distribution Ltd,BER3
9047,SZ Distribution Ltd,BER3
9046,SZ Distribution Ltd,BER3
SA8758,Samthus,BER3
SA8757,Samthus,BER3
SA8756,Samthus,BER3
SA8755,Samthus,BER3
SA8754,Samthus,BER3
SA8753,Samthus,BER3
SA8752,Samthus,BER3
SA8751,Samthus,BER3
SA8750,Samthus,BER3
SA8749,Samthus,BER3
SA8748,Samthus,BER3
SA8747,Samthus,BER3
FBA15LWTV8LG,Samthus,BER3
FBA15LWRX0JS,Samthus,BER3
FBA15LWQGQVW,Samthus,BER3
FBA15LWQGQRN,Samthus,BER3
FBA15LWRX0JS,Samthus,BER3
FBA15LWTWN63,Samthus,BER3
FBA15LWW9D4Y,Samthus,BER3
FBA15LWTWQWZ,Samthus,BER3
FBA15LWTV1SH,Samthus,BER3
FBA15LWRX0KF,Samthus,BER3
FBA15LWW9Q94,Samthus,BER3
FBA15LWBLSMZ,Samthus,BER3
FBA15LWBLS1X,Samthus,BER3
FBA15LWRXM0P,Samthus,BER3
FBA15LWQGQR0,Samthus,BER3
FBA15LWRXN4J,Samthus,BER3
FBA15LWTWMC9,Samthus,BER3
FBA15LWBLTHF,Samthus,BER3
FBA15LWRXPYN,Samthus,BER3
FBA15LWW7ZT2,Samthus,BER3
FBA15LWW7ZWN,Samthus,BER3
FBA15LWRX0MC,Samthus,BER3
FBA15LWRXV1R,Samthus,BER3
FBA15LWRXQ35,Samthus,BER3
FBA15LWJ491C,Samthus,BER3
FBA15LWRXM3X,Samthus,BER3
FBA15LWTV8QZ,Samthus,BER3
FBA15LWTV8QB,Samthus,BER3
FBA15LWW7ZVC,Samthus,BER3
FBA15LWW7ZTQ,Samthus,BER3
FBA15LWRXM4K,Samthus,BER3
FBA15LWRXFNW,Samthus,BER3
FBA15LWRXSRR,Samthus,BER3
FBA15LWQGKXZ,Samthus,BER3
FBA15LWQGLHD,Samthus,BER3
FBA15LWQGJ54,Samthus,BER3
SA8746,Samthus,BER3
FBA15LWRXFL9,Samthus,BER3
1KQGEC,SanaExpert,BER3
DE7422947,SanaExpert,BER3
DE7422946,SanaExpert,BER3
DE7422945,SanaExpert,BER3
DE7422944,SanaExpert,BER3
DE7422943,SanaExpert,BER3
3582629080,SanaExpert,BER3
1KNQ5R,SanaExpert,BER3
DE7422941,SanaExpert,BER3
3581721796,SanaExpert,BER3
DE7422940,SanaExpert,BER3
3581195755,SanaExpert,BER3
1KMYKH,SanaExpert,BER3
3580560691,SanaExpert,BER3
3580510195,SanaExpert,BER3
3580510108,SanaExpert,BER3
3580185793,SanaExpert,BER3
DE7422938,SanaExpert,BER3
3580003213,SanaExpert,BER3
DE7422937,SanaExpert,BER3
3578068435,SanaExpert,BER3
DE7422936,SanaExpert,BER3
3577889209,SanaExpert,BER3
DE7422935,SanaExpert,BER3
DE7422934,SanaExpert,BER3
3577007529,SanaExpert,BER3
3577007427,SanaExpert,BER3
3576858014,SanaExpert,BER3
DE7422933,SanaExpert,BER3
3575620568,SanaExpert,BER3
3574186562,SanaExpert,BER3
DE7422932,SanaExpert,BER3
3573180920,SanaExpert,BER3
3572665490,SanaExpert,BER3
DE7422931,SanaExpert,BER3
3571870499,SanaExpert,BER3
3571550285,SanaExpert,BER3
3571550033,SanaExpert,BER3
DE7422930,SanaExpert,BER3
3570979262,SanaExpert,BER3
COM-241349750-1-A ShopApot,SanaExpert,BER3
3570711365,SanaExpert,BER3
NOWEDA Taucha T27981,SanaExpert,BER3
COM-243032332-2-A ShopApot,SanaExpert,BER3
3570428966,SanaExpert,BER3
TikTok 576901093676915607,SanaExpert,BER3
3569209841,SanaExpert,BER3
3567518009,SanaExpert,BER3
DE7422929,SanaExpert,BER3
3567345854,SanaExpert,BER3
200014832816204,Savana,BER3
200014985760503,Savana,BER3
200014674106041,Savana,BER3
200014951929164,Savana,BER3
200014976833345,Savana,BER3
#19645,Savana,BER3
#19642,Savana,BER3
#19640,Savana,BER3
#19639,Savana,BER3
#19638,Savana,BER3
#19637,Savana,BER3
#19636,Savana,BER3
February Sendbacks,Sawyerbikes,BER3
#1010,Senyana GmbH,BER3
B2B000001,Senyana GmbH,BER3
#1009,Senyana GmbH,BER3
S-57617,Shavent,BER3
S-57616,Shavent,BER3
S-57615,Shavent,BER3
S-57614,Shavent,BER3
S-57613,Shavent,BER3
S-57612,Shavent,BER3
S-57611,Shavent,BER3
S-57610,Shavent,BER3
S-57609,Shavent,BER3
S-57608,Shavent,BER3
S-57607,Shavent,BER3
S-57606,Shavent,BER3
S-57605,Shavent,BER3
S-57604,Shavent,BER3
S-57603,Shavent,BER3
S-57602,Shavent,BER3
S-57601,Shavent,BER3
S-57600,Shavent,BER3
S-57599,Shavent,BER3
S-57593 S-57594,Shavent,BER3
S-57597,Shavent,BER3
S-57596,Shavent,BER3
S-57595,Shavent,BER3
S-57594,Shavent,BER3
S-57593,Shavent,BER3
S-57592,Shavent,BER3
S-57591,Shavent,BER3
S-57590,Shavent,BER3
S-57589,Shavent,BER3
S-57588,Shavent,BER3
S-57587,Shavent,BER3
S-57586,Shavent,BER3
S-57585,Shavent,BER3
S-57584,Shavent,BER3
S-57583,Shavent,BER3
S-57582,Shavent,BER3
S-57581,Shavent,BER3
S-57580,Shavent,BER3
S-57579,Shavent,BER3
S-57578,Shavent,BER3
S-57577,Shavent,BER3
S-57576,Shavent,BER3
S-57575,Shavent,BER3
S-57574,Shavent,BER3
S-57573,Shavent,BER3
S-57572,Shavent,BER3
S-57571,Shavent,BER3
S-57570,Shavent,BER3
S-57569,Shavent,BER3
S-57568,Shavent,BER3
DE24784,Sisters Republic,BER3
DE24783,Sisters Republic,BER3
DE24782,Sisters Republic,BER3
DE24781,Sisters Republic,BER3
DE24780,Sisters Republic,BER3
DE24779,Sisters Republic,BER3
DE24778,Sisters Republic,BER3
DE24777,Sisters Republic,BER3
DE24776,Sisters Republic,BER3
DE24775,Sisters Republic,BER3
DE24774,Sisters Republic,BER3
DE24773,Sisters Republic,BER3
DE24772,Sisters Republic,BER3
DE24771,Sisters Republic,BER3
DE24770,Sisters Republic,BER3
DE24769,Sisters Republic,BER3
DE24768,Sisters Republic,BER3
DE24767,Sisters Republic,BER3
DE24766,Sisters Republic,BER3
DE24765,Sisters Republic,BER3
DE24764,Sisters Republic,BER3
DE24763,Sisters Republic,BER3
DE24762,Sisters Republic,BER3
DE24761,Sisters Republic,BER3
DE24760,Sisters Republic,BER3
DE24759,Sisters Republic,BER3
DE24758,Sisters Republic,BER3
DE24757,Sisters Republic,BER3
DE24756,Sisters Republic,BER3
DE24755,Sisters Republic,BER3
DE24754,Sisters Republic,BER3
DE24753,Sisters Republic,BER3
DE24752,Sisters Republic,BER3
DE24751,Sisters Republic,BER3
DE24750,Sisters Republic,BER3
DE24749,Sisters Republic,BER3
DE24748,Sisters Republic,BER3
DE24747,Sisters Republic,BER3
DE24746,Sisters Republic,BER3
DE24745,Sisters Republic,BER3
DE24744,Sisters Republic,BER3
DE24743,Sisters Republic,BER3
DE24742,Sisters Republic,BER3
DE24741,Sisters Republic,BER3
DE24740,Sisters Republic,BER3
DE24739,Sisters Republic,BER3
DE24738,Sisters Republic,BER3
DE24737,Sisters Republic,BER3
DE24736,Sisters Republic,BER3
DE24735,Sisters Republic,BER3
#3662,Skinny Dip,BER3
#3661,Skinny Dip,BER3
#3660,Skinny Dip,BER3
#3659,Skinny Dip,BER3
B2B000001,Skinny Dip,BER3
#3658,Skinny Dip,BER3
#3657,Skinny Dip,BER3
#3656,Skinny Dip,BER3
#3655,Skinny Dip,BER3
#3654,Skinny Dip,BER3
#3653,Skinny Dip,BER3
#3652,Skinny Dip,BER3
#3651,Skinny Dip,BER3
#3650,Skinny Dip,BER3
#3649,Skinny Dip,BER3
#3648,Skinny Dip,BER3
#3647,Skinny Dip,BER3
#3646,Skinny Dip,BER3
#3645,Skinny Dip,BER3
#3644,Skinny Dip,BER3
#3643,Skinny Dip,BER3
#3642,Skinny Dip,BER3
#3641,Skinny Dip,BER3
#3640,Skinny Dip,BER3
#3639,Skinny Dip,BER3
#3638,Skinny Dip,BER3
#3637,Skinny Dip,BER3
#3636,Skinny Dip,BER3
#3635,Skinny Dip,BER3
#3634,Skinny Dip,BER3
#3633,Skinny Dip,BER3
#3632,Skinny Dip,BER3
#3631,Skinny Dip,BER3
#3630,Skinny Dip,BER3
#3629,Skinny Dip,BER3
#3628,Skinny Dip,BER3
#3627,Skinny Dip,BER3
#3626,Skinny Dip,BER3
#3625,Skinny Dip,BER3
#3624,Skinny Dip,BER3
#3623,Skinny Dip,BER3
#3622,Skinny Dip,BER3
#3621,Skinny Dip,BER3
#3620,Skinny Dip,BER3
#3619,Skinny Dip,BER3
#3618,Skinny Dip,BER3
#3617,Skinny Dip,BER3
#3616,Skinny Dip,BER3
#3615,Skinny Dip,BER3
#3614,Skinny Dip,BER3
#TNHQR7BGUP,Snuggle Me Organic Europe,BER3
#1007,Snuggle Me Organic Europe,BER3
#1006,Snuggle Me Organic Europe,BER3
#1005,Snuggle Me Organic Europe,BER3
#SH4098,Soulhouse,BER3
#SH4097,Soulhouse,BER3
#SH4096,Soulhouse,BER3
#SH4095,Soulhouse,BER3
#SH4094,Soulhouse,BER3
#SH4093,Soulhouse,BER3
#SH4092,Soulhouse,BER3
#SH4091,Soulhouse,BER3
#SH4090,Soulhouse,BER3
#SH4089,Soulhouse,BER3
#SH4088,Soulhouse,BER3
#SH4087,Soulhouse,BER3
#SH4086,Soulhouse,BER3
#SH4085,Soulhouse,BER3
#SH4084,Soulhouse,BER3
#SH4083,Soulhouse,BER3
#SH4082,Soulhouse,BER3
#SH4081,Soulhouse,BER3
#SH4080,Soulhouse,BER3
#SH4079,Soulhouse,BER3
#SH4078,Soulhouse,BER3
#SH4077,Soulhouse,BER3
#SH4076,Soulhouse,BER3
#SH4075,Soulhouse,BER3
#SH4074,Soulhouse,BER3
#SH4073,Soulhouse,BER3
#SH4072,Soulhouse,BER3
#SH4071,Soulhouse,BER3
#SH3934-F2,Soulhouse,BER3
#SH4070,Soulhouse,BER3
#SH4069,Soulhouse,BER3
#SH4068,Soulhouse,BER3
#SH4067,Soulhouse,BER3
#SH4066,Soulhouse,BER3
#SH4065,Soulhouse,BER3
#SH4064,Soulhouse,BER3
#SH4063,Soulhouse,BER3
#SH4062,Soulhouse,BER3
#SH4061,Soulhouse,BER3
#SH4060,Soulhouse,BER3
#SH4059,Soulhouse,BER3
#SH4058,Soulhouse,BER3
#SH4057,Soulhouse,BER3
#SH4056,Soulhouse,BER3
#SH4055,Soulhouse,BER3
#SH4054,Soulhouse,BER3
#SH4053,Soulhouse,BER3
#SH4052,Soulhouse,BER3
#SH4051,Soulhouse,BER3
#SH4050,Soulhouse,BER3
#7410449,Spark Up,BER3
#7410439,Spark Up,BER3
#7410429,Spark Up,BER3
#7410419,Spark Up,BER3
#7410409,Spark Up,BER3
#7410399,Spark Up,BER3
B2C000012,Spark Up,BER3
B2C000011,Spark Up,BER3
#7410389,Spark Up,BER3
#7410379,Spark Up,BER3
#7410369,Spark Up,BER3
#7410359,Spark Up,BER3
#7410349,Spark Up,BER3
#7410339,Spark Up,BER3
#7410329,Spark Up,BER3
#7410319,Spark Up,BER3
#7410309,Spark Up,BER3
#7410299,Spark Up,BER3
#7410289,Spark Up,BER3
#7410279,Spark Up,BER3
#7410269,Spark Up,BER3
#7410259,Spark Up,BER3
#7410249,Spark Up,BER3
#7410239,Spark Up,BER3
#7410229,Spark Up,BER3
#7410219,Spark Up,BER3
#7410209,Spark Up,BER3
#7410199,Spark Up,BER3
B2C000010,Spark Up,BER3
B2C000009,Spark Up,BER3
B2C000008,Spark Up,BER3
B2C000007,Spark Up,BER3
#7410189,Spark Up,BER3
#7410179,Spark Up,BER3
B2C000006,Spark Up,BER3
B2C000005,Spark Up,BER3
B2C000004,Spark Up,BER3
B2C000003,Spark Up,BER3
#7410169,Spark Up,BER3
#7410159,Spark Up,BER3
#7410149,Spark Up,BER3
#7410139,Spark Up,BER3
B2C000002,Spark Up,BER3
B2C000001,Spark Up,BER3
#7410129,Spark Up,BER3
#7410119,Spark Up,BER3
#7410109,Spark Up,BER3
#7410099,Spark Up,BER3
#7410089,Spark Up,BER3
#7410079,Spark Up,BER3
#SP21302,Sphinx,BER3
#SP21301,Sphinx,BER3
#SP21300,Sphinx,BER3
#SP21299,Sphinx,BER3
#SP21298,Sphinx,BER3
#SP21297,Sphinx,BER3
#SP21296,Sphinx,BER3
#SP21295,Sphinx,BER3
#SP21294,Sphinx,BER3
#SP21293,Sphinx,BER3
S11342,Sternzeichen Arzt,BER3
S11341,Sternzeichen Arzt,BER3
S11340,Sternzeichen Arzt,BER3
S11339,Sternzeichen Arzt,BER3
S11338,Sternzeichen Arzt,BER3
S11337,Sternzeichen Arzt,BER3
S11336,Sternzeichen Arzt,BER3
S11335,Sternzeichen Arzt,BER3
S11334,Sternzeichen Arzt,BER3
S11333,Sternzeichen Arzt,BER3
S11332,Sternzeichen Arzt,BER3
S11331,Sternzeichen Arzt,BER3
S11330,Sternzeichen Arzt,BER3
S11329,Sternzeichen Arzt,BER3
S11328,Sternzeichen Arzt,BER3
S11327,Sternzeichen Arzt,BER3
S11326,Sternzeichen Arzt,BER3
S11325,Sternzeichen Arzt,BER3
S11324,Sternzeichen Arzt,BER3
S11323,Sternzeichen Arzt,BER3
S11322,Sternzeichen Arzt,BER3
S11321,Sternzeichen Arzt,BER3
S11320,Sternzeichen Arzt,BER3
S11319,Sternzeichen Arzt,BER3
S11318,Sternzeichen Arzt,BER3
S11317,Sternzeichen Arzt,BER3
S11316,Sternzeichen Arzt,BER3
S11315,Sternzeichen Arzt,BER3
S11314,Sternzeichen Arzt,BER3
S11313,Sternzeichen Arzt,BER3
S11312,Sternzeichen Arzt,BER3
S11311,Sternzeichen Arzt,BER3
S11310,Sternzeichen Arzt,BER3
S11309,Sternzeichen Arzt,BER3
S11308,Sternzeichen Arzt,BER3
S11307,Sternzeichen Arzt,BER3
S11306,Sternzeichen Arzt,BER3
S11305,Sternzeichen Arzt,BER3
S11304,Sternzeichen Arzt,BER3
S11303,Sternzeichen Arzt,BER3
S11302,Sternzeichen Arzt,BER3
S11301,Sternzeichen Arzt,BER3
S11300,Sternzeichen Arzt,BER3
S11299,Sternzeichen Arzt,BER3
S11298,Sternzeichen Arzt,BER3
S11297,Sternzeichen Arzt,BER3
S11296,Sternzeichen Arzt,BER3
S11295,Sternzeichen Arzt,BER3
S11294,Sternzeichen Arzt,BER3
S11293,Sternzeichen Arzt,BER3
SP#1023,Studio Pranique,BER3
SP#1022,Studio Pranique,BER3
B2C000018,Studio Pranique,BER3
B2C000017,Studio Pranique,BER3
B2C000016,Studio Pranique,BER3
B2C000015,Studio Pranique,BER3
B2C000014,Studio Pranique,BER3
B2C000013,Studio Pranique,BER3
SP#1021,Studio Pranique,BER3
B2C000012,Studio Pranique,BER3
B2C000011,Studio Pranique,BER3
B2C000010,Studio Pranique,BER3
B2C000009,Studio Pranique,BER3
B2C000008,Studio Pranique,BER3
B2C000007,Studio Pranique,BER3
B2C000006,Studio Pranique,BER3
SP#1020,Studio Pranique,BER3
SP#1019,Studio Pranique,BER3
B2C000005,Studio Pranique,BER3
B2C000004,Studio Pranique,BER3
B2C000003,Studio Pranique,BER3
B2C000002,Studio Pranique,BER3
SP#1018,Studio Pranique,BER3
B2C000001,Studio Pranique,BER3
SP#1017,Studio Pranique,BER3
1KQOTW,Supplenatura Rheinland,BER3
1KQOW1,Supplenatura Rheinland,BER3
#11915,Supplenatura Rheinland,BER3
#11914,Supplenatura Rheinland,BER3
#11913,Supplenatura Rheinland,BER3
#11912,Supplenatura Rheinland,BER3
305-2290803-7293964,Supplenatura Rheinland,BER3
1KQL08,Supplenatura Rheinland,BER3
#11910,Supplenatura Rheinland,BER3
21-14736-26696,Supplenatura Rheinland,BER3
#11909,Supplenatura Rheinland,BER3
#11908,Supplenatura Rheinland,BER3
1KQIDI,Supplenatura Rheinland,BER3
#11906,Supplenatura Rheinland,BER3
302-8521855-6490762,Supplenatura Rheinland,BER3
304-1551493-4257926,Supplenatura Rheinland,BER3
#11905,Supplenatura Rheinland,BER3
1KQDD7,Supplenatura Rheinland,BER3
#11903,Supplenatura Rheinland,BER3
#11902,Supplenatura Rheinland,BER3
#11901,Supplenatura Rheinland,BER3
#11900,Supplenatura Rheinland,BER3
#11899,Supplenatura Rheinland,BER3
028-7220373-1705934,Supplenatura Rheinland,BER3
#11898,Supplenatura Rheinland,BER3
#11897,Supplenatura Rheinland,BER3
#11896,Supplenatura Rheinland,BER3
#11895,Supplenatura Rheinland,BER3
#11894,Supplenatura Rheinland,BER3
#11893,Supplenatura Rheinland,BER3
#11892,Supplenatura Rheinland,BER3
#11891,Supplenatura Rheinland,BER3
1KPRXP,Supplenatura Rheinland,BER3
#11889,Supplenatura Rheinland,BER3
305-7458726-3045140,Supplenatura Rheinland,BER3
#11888,Supplenatura Rheinland,BER3
#11887,Supplenatura Rheinland,BER3
306-7964930-6260303,Supplenatura Rheinland,BER3
#11886,Supplenatura Rheinland,BER3
#11885,Supplenatura Rheinland,BER3
#11884,Supplenatura Rheinland,BER3
1KPJWX,Supplenatura Rheinland,BER3
#11882,Supplenatura Rheinland,BER3
#11881,Supplenatura Rheinland,BER3
305-6604889-0320339,Supplenatura Rheinland,BER3
#11880,Supplenatura Rheinland,BER3
#11879,Supplenatura Rheinland,BER3
#11878,Supplenatura Rheinland,BER3
#11877,Supplenatura Rheinland,BER3
05-14758-31730,Supplenatura Rheinland,BER3
3201,Swifiss,BER3
B2C000047,Swifiss,BER3
3200,Swifiss,BER3
3199,Swifiss,BER3
3198,Swifiss,BER3
3197,Swifiss,BER3
3196,Swifiss,BER3
3195,Swifiss,BER3
3194,Swifiss,BER3
3193,Swifiss,BER3
3192,Swifiss,BER3
3191,Swifiss,BER3
3190,Swifiss,BER3
3189,Swifiss,BER3
3188,Swifiss,BER3
3187,Swifiss,BER3
3186,Swifiss,BER3
3185,Swifiss,BER3
3184,Swifiss,BER3
3183,Swifiss,BER3
3182,Swifiss,BER3
3181,Swifiss,BER3
3180,Swifiss,BER3
3179,Swifiss,BER3
3178,Swifiss,BER3
3177,Swifiss,BER3
3176,Swifiss,BER3
3175,Swifiss,BER3
B2C000046,Swifiss,BER3
B2C000045,Swifiss,BER3
3174,Swifiss,BER3
3173,Swifiss,BER3
3172,Swifiss,BER3
3171,Swifiss,BER3
3170,Swifiss,BER3
3169,Swifiss,BER3
3168,Swifiss,BER3
3167,Swifiss,BER3
3166,Swifiss,BER3
3165,Swifiss,BER3
B2C000044,Swifiss,BER3
3164,Swifiss,BER3
3163,Swifiss,BER3
3162,Swifiss,BER3
3161,Swifiss,BER3
3160,Swifiss,BER3
3159,Swifiss,BER3
3158,Swifiss,BER3
3157,Swifiss,BER3
3156,Swifiss,BER3
1468,SwissVitalWorld,BER3
1464,SwissVitalWorld,BER3
1462,SwissVitalWorld,BER3
1456,SwissVitalWorld,BER3
1451,SwissVitalWorld,BER3
1448,SwissVitalWorld,BER3
1446,SwissVitalWorld,BER3
1439,SwissVitalWorld,BER3
1437,SwissVitalWorld,BER3
1435,SwissVitalWorld,BER3
1434,SwissVitalWorld,BER3
1433,SwissVitalWorld,BER3
1429,SwissVitalWorld,BER3
1427,SwissVitalWorld,BER3
1426,SwissVitalWorld,BER3
1422,SwissVitalWorld,BER3
1421,SwissVitalWorld,BER3
1420,SwissVitalWorld,BER3
1417,SwissVitalWorld,BER3
1415,SwissVitalWorld,BER3
1412,SwissVitalWorld,BER3
1405,SwissVitalWorld,BER3
1403,SwissVitalWorld,BER3
1394,SwissVitalWorld,BER3
1392,SwissVitalWorld,BER3
1390,SwissVitalWorld,BER3
1385,SwissVitalWorld,BER3
1384,SwissVitalWorld,BER3
1383,SwissVitalWorld,BER3
1382,SwissVitalWorld,BER3
1380,SwissVitalWorld,BER3
1377,SwissVitalWorld,BER3
1376,SwissVitalWorld,BER3
1374,SwissVitalWorld,BER3
1373,SwissVitalWorld,BER3
1369,SwissVitalWorld,BER3
1368,SwissVitalWorld,BER3
1364,SwissVitalWorld,BER3
1362,SwissVitalWorld,BER3
1361,SwissVitalWorld,BER3
1357,SwissVitalWorld,BER3
1350,SwissVitalWorld,BER3
1348,SwissVitalWorld,BER3
1347,SwissVitalWorld,BER3
1346,SwissVitalWorld,BER3
1344,SwissVitalWorld,BER3
1343,SwissVitalWorld,BER3
1342,SwissVitalWorld,BER3
1338,SwissVitalWorld,BER3
1336,SwissVitalWorld,BER3
#WWD7506,Tapmates,BER3
#WWD7505,Tapmates,BER3
#WWD7504,Tapmates,BER3
#WWD7503,Tapmates,BER3
#WWD7502,Tapmates,BER3
#WWD7501,Tapmates,BER3
#WWD7500,Tapmates,BER3
55-1034,The Fifty Five,BER3
55-1033,The Fifty Five,BER3
55-1032,The Fifty Five,BER3
55-1031,The Fifty Five,BER3
55-1030,The Fifty Five,BER3
55-1029,The Fifty Five,BER3
55-1028,The Fifty Five,BER3
55-1027,The Fifty Five,BER3
55-1026,The Fifty Five,BER3
55-1025,The Fifty Five,BER3
55-1024,The Fifty Five,BER3
55-1023,The Fifty Five,BER3
55-1022,The Fifty Five,BER3
55-1021,The Fifty Five,BER3
55-1020,The Fifty Five,BER3
55-1019,The Fifty Five,BER3
55-1018,The Fifty Five,BER3
55-1017,The Fifty Five,BER3
55-1016,The Fifty Five,BER3
55-1015,The Fifty Five,BER3
55-1014,The Fifty Five,BER3
55-1013,The Fifty Five,BER3
55-1012,The Fifty Five,BER3
55-1011,The Fifty Five,BER3
55-1010,The Fifty Five,BER3
55-1009,The Fifty Five,BER3
55-1008,The Fifty Five,BER3
55-1007,The Fifty Five,BER3
55-1006,The Fifty Five,BER3
55-1005,The Fifty Five,BER3
55-1004,The Fifty Five,BER3
55-1003,The Fifty Five,BER3
PLACE_216331,This Place,BER3
PLACE_216330,This Place,BER3
PLACE_216329,This Place,BER3
PLACE_216328,This Place,BER3
PLACE_216327,This Place,BER3
PLACE_216326,This Place,BER3
PLACE_216325,This Place,BER3
PLACE_216324,This Place,BER3
PLACE_216323,This Place,BER3
PLACE_216322,This Place,BER3
PLACE_216321,This Place,BER3
PLACE_216320,This Place,BER3
PLACE_216319,This Place,BER3
PLACE_216318,This Place,BER3
PLACE_216317,This Place,BER3
PLACE_216316,This Place,BER3
PLACE_216315,This Place,BER3
PLACE_216314,This Place,BER3
PLACE_216313,This Place,BER3
PLACE_216312,This Place,BER3
PLACE_216311,This Place,BER3
PLACE_216310,This Place,BER3
PLACE_216309,This Place,BER3
PLACE_216308,This Place,BER3
B2B_1828,This Place,BER3
B2B_1827,This Place,BER3
PLACE_216307,This Place,BER3
PLACE_216306,This Place,BER3
PLACE_216305,This Place,BER3
PLACE_216304,This Place,BER3
PLACE_216303,This Place,BER3
PLACE_216302,This Place,BER3
PLACE_216301,This Place,BER3
PLACE_216300,This Place,BER3
PLACE_216299,This Place,BER3
B2B_1826,This Place,BER3
PLACE_216298,This Place,BER3
PLACE_216297,This Place,BER3
PLACE_216296,This Place,BER3
PLACE_216295,This Place,BER3
PLACE_216294,This Place,BER3
PLACE_216293,This Place,BER3
PLACE_216292,This Place,BER3
PLACE_216291,This Place,BER3
PLACE_216290,This Place,BER3
PLACE_216289,This Place,BER3
PLACE_216288,This Place,BER3
PLACE_216287,This Place,BER3
PLACE_216286,This Place,BER3
PLACE_216285,This Place,BER3
#221634,Triggerdinger,BER3
#221633,Triggerdinger,BER3
#221632,Triggerdinger,BER3
#221631,Triggerdinger,BER3
#221630,Triggerdinger,BER3
#221629,Triggerdinger,BER3
#221628,Triggerdinger,BER3
#221627,Triggerdinger,BER3
#221626,Triggerdinger,BER3
#221625,Triggerdinger,BER3
#221624,Triggerdinger,BER3
#221623,Triggerdinger,BER3
#221622,Triggerdinger,BER3
B2C000014,Triggerdinger,BER3
#221621,Triggerdinger,BER3
#221620,Triggerdinger,BER3
#221619,Triggerdinger,BER3
#221618,Triggerdinger,BER3
#221617,Triggerdinger,BER3
#221616,Triggerdinger,BER3
#221615,Triggerdinger,BER3
#221614,Triggerdinger,BER3
#221613,Triggerdinger,BER3
#221612,Triggerdinger,BER3
#221611,Triggerdinger,BER3
#221610,Triggerdinger,BER3
#221609,Triggerdinger,BER3
#221608,Triggerdinger,BER3
#221607,Triggerdinger,BER3
#221606,Triggerdinger,BER3
#221605,Triggerdinger,BER3
#221604,Triggerdinger,BER3
#221603,Triggerdinger,BER3
#221602,Triggerdinger,BER3
#221601,Triggerdinger,BER3
#221600,Triggerdinger,BER3
#221599,Triggerdinger,BER3
#221598,Triggerdinger,BER3
#221597,Triggerdinger,BER3
#221596,Triggerdinger,BER3
#221595,Triggerdinger,BER3
#221594,Triggerdinger,BER3
#221593,Triggerdinger,BER3
#221592,Triggerdinger,BER3
#221591,Triggerdinger,BER3
#221590,Triggerdinger,BER3
#221589,Triggerdinger,BER3
#221588,Triggerdinger,BER3
#221587,Triggerdinger,BER3
#221586,Triggerdinger,BER3
#13725,TrueGum,BER3
#13724,TrueGum,BER3
#13723,TrueGum,BER3
#13722,TrueGum,BER3
#13721,TrueGum,BER3
#13720,TrueGum,BER3
#13719,TrueGum,BER3
#13718,TrueGum,BER3
#13717,TrueGum,BER3
#13716,TrueGum,BER3
#13715,TrueGum,BER3
#13714,TrueGum,BER3
#13713,TrueGum,BER3
#13712,TrueGum,BER3
#13711,TrueGum,BER3
#13710,TrueGum,BER3
#13709,TrueGum,BER3
#13708,TrueGum,BER3
#13707,TrueGum,BER3
#13706,TrueGum,BER3
#13705,TrueGum,BER3
#13704,TrueGum,BER3
#13703,TrueGum,BER3
#13702,TrueGum,BER3
#13701,TrueGum,BER3
#13700,TrueGum,BER3
#13699,TrueGum,BER3
#13698,TrueGum,BER3
#13697,TrueGum,BER3
#13696,TrueGum,BER3
#13695,TrueGum,BER3
#13694,TrueGum,BER3
#13693,TrueGum,BER3
#13692,TrueGum,BER3
#13691,TrueGum,BER3
#13690,TrueGum,BER3
#13689,TrueGum,BER3
#13688,TrueGum,BER3
#13687,TrueGum,BER3
#13686,TrueGum,BER3
#13685,TrueGum,BER3
#13684,TrueGum,BER3
#13683,TrueGum,BER3
#13682,TrueGum,BER3
#13681,TrueGum,BER3
#13680,TrueGum,BER3
#13679,TrueGum,BER3
#13678,TrueGum,BER3
#13677,TrueGum,BER3
#13676,TrueGum,BER3
GMTR23117,Trunki,BER3
304-9871910-5055510,Trunki,BER3
FRATR27903,Trunki,BER3
FRATR27902,Trunki,BER3
FBA15LWTDTRJ,Trunki,BER3
FBA15LWW8DWW,Trunki,BER3
GMTR23116,Trunki,BER3
FRATR27901,Trunki,BER3
028-9400373-2697160,Trunki,BER3
304-5714686-0600337,Trunki,BER3
305-6738008-6391521,Trunki,BER3
305-1913551-1746731,Trunki,BER3
306-9209158-1336364,Trunki,BER3
304-0541482-8337148,Trunki,BER3
305-1774439-4116331,Trunki,BER3
303-5427634-8273167,Trunki,BER3
303-5023791-9879537,Trunki,BER3
FRATR27900,Trunki,BER3
FRATR27899,Trunki,BER3
305-7987359-6556316,Trunki,BER3
GMTR23115,Trunki,BER3
GMTR23114,Trunki,BER3
FRATR27898,Trunki,BER3
FRATR27897,Trunki,BER3
305-9622311-8050754,Trunki,BER3
028-6758148-1961127,Trunki,BER3
306-2264146-1165948,Trunki,BER3
304-7756354-5163502,Trunki,BER3
302-1713911-0118733,Trunki,BER3
302-8109783-0641942,Trunki,BER3
302-6278801-0857118,Trunki,BER3
302-0305016-1052364,Trunki,BER3
FRATR27896,Trunki,BER3
305-0661341-8353942,Trunki,BER3
028-3701196-4221115,Trunki,BER3
305-8348566-4158722,Trunki,BER3
306-4522400-4274760,Trunki,BER3
304-1181759-5147522,Trunki,BER3
028-7683631-4763558,Trunki,BER3
FRATR27895,Trunki,BER3
028-2760698-3289147,Trunki,BER3
FRATR27894,Trunki,BER3
303-5857275-2678715,Trunki,BER3
306-2732940-4310717,Trunki,BER3
304-6224747-5149927,Trunki,BER3
028-6373006-6707507,Trunki,BER3
304-5475863-2401947,Trunki,BER3
305-4270025-5293153,Trunki,BER3
304-9326904-8430746,Trunki,BER3
304-6297573-1060348,Trunki,BER3
TUR215129,Turtle,BER3
TUR215128,Turtle,BER3
TUR215127,Turtle,BER3
TUR215126,Turtle,BER3
TUR215125,Turtle,BER3
TUR215124,Turtle,BER3
TUR215123,Turtle,BER3
TUR215122,Turtle,BER3
TUR215121,Turtle,BER3
TUR215120,Turtle,BER3
TUR215119,Turtle,BER3
TUR215118,Turtle,BER3
TUR215117,Turtle,BER3
TUR215116,Turtle,BER3
TUR215115,Turtle,BER3
Final moveout order,Turtle,BER3
TUR215114,Turtle,BER3
TUR215113,Turtle,BER3
TUR215112,Turtle,BER3
TUR215111,Turtle,BER3
TUR215110,Turtle,BER3
TUR215109,Turtle,BER3
TUR215108,Turtle,BER3
TUR215107,Turtle,BER3
TUR215106,Turtle,BER3
TUR215105,Turtle,BER3
TUR215104,Turtle,BER3
TUR215103,Turtle,BER3
TUR215102,Turtle,BER3
TUR215101,Turtle,BER3
TUR215100,Turtle,BER3
TUR215099,Turtle,BER3
TUR215098,Turtle,BER3
TUR215097,Turtle,BER3
TUR215096,Turtle,BER3
TUR215095,Turtle,BER3
TUR215094,Turtle,BER3
TUR215093,Turtle,BER3
TUR215092,Turtle,BER3
TUR215091,Turtle,BER3
TUR215090,Turtle,BER3
TUR215089,Turtle,BER3
TUR215088,Turtle,BER3
TUR215087,Turtle,BER3
TUR215086,Turtle,BER3
TUR215085,Turtle,BER3
TUR215084,Turtle,BER3
TUR215083,Turtle,BER3
TUR215082,Turtle,BER3
TUR215081,Turtle,BER3
#7483,VYBE,BER3
#7482,VYBE,BER3
#7481,VYBE,BER3
#7480,VYBE,BER3
#7479,VYBE,BER3
#7478,VYBE,BER3
#7477,VYBE,BER3
#7476,VYBE,BER3
#7475,VYBE,BER3
#7474,VYBE,BER3
#7473,VYBE,BER3
#7472,VYBE,BER3
#7471,VYBE,BER3
#7470,VYBE,BER3
#7469,VYBE,BER3
#7468,VYBE,BER3
#7467,VYBE,BER3
#7466,VYBE,BER3
#7465,VYBE,BER3
#7464,VYBE,BER3
#7463,VYBE,BER3
#7462,VYBE,BER3
#7461,VYBE,BER3
#7460,VYBE,BER3
#7459,VYBE,BER3
405-9292918-5408340,VYBE,BER3
#7458,VYBE,BER3
#7457,VYBE,BER3
#7456,VYBE,BER3
#7455,VYBE,BER3
#7454,VYBE,BER3
#7453,VYBE,BER3
#7452,VYBE,BER3
#7451,VYBE,BER3
#7450,VYBE,BER3
#7449,VYBE,BER3
#7448,VYBE,BER3
#7447,VYBE,BER3
#7446,VYBE,BER3
#7445,VYBE,BER3
#7444,VYBE,BER3
B2C-16130,Vanillekiste,BER3
B2C-16129,Vanillekiste,BER3
B2C-16128,Vanillekiste,BER3
B2C-16127,Vanillekiste,BER3
B2C-16126,Vanillekiste,BER3
B2C-16125,Vanillekiste,BER3
B2C-16124,Vanillekiste,BER3
B2C-16123,Vanillekiste,BER3
B2C-16122,Vanillekiste,BER3
B2C-16121,Vanillekiste,BER3
B2C-16120,Vanillekiste,BER3
B2C-16119,Vanillekiste,BER3
B2C-16118,Vanillekiste,BER3
B2C-16117,Vanillekiste,BER3
B2C-16116,Vanillekiste,BER3
B2C-16115,Vanillekiste,BER3
B2C-16114,Vanillekiste,BER3
B2C-16113,Vanillekiste,BER3
B2C-16112,Vanillekiste,BER3
B2C-16111,Vanillekiste,BER3
B2C-16110,Vanillekiste,BER3
B2C-16109,Vanillekiste,BER3
B2C-16108,Vanillekiste,BER3
B2C-16107,Vanillekiste,BER3
B2C-16106,Vanillekiste,BER3
B2C-16105,Vanillekiste,BER3
B2C-16104,Vanillekiste,BER3
B2C-16103,Vanillekiste,BER3
B2C-16102,Vanillekiste,BER3
B2C-16101,Vanillekiste,BER3
B2C-16100,Vanillekiste,BER3
B2C-16099,Vanillekiste,BER3
B2C-16098,Vanillekiste,BER3
B2C-16097,Vanillekiste,BER3
B2C-16096,Vanillekiste,BER3
B2C-16095,Vanillekiste,BER3
B2C-16094,Vanillekiste,BER3
B2C-16093,Vanillekiste,BER3
B2C-16092,Vanillekiste,BER3
B2C-16091,Vanillekiste,BER3
B2C-16090,Vanillekiste,BER3
B2C-16089,Vanillekiste,BER3
B2C-16088,Vanillekiste,BER3
B2C-16087,Vanillekiste,BER3
B2C-16086,Vanillekiste,BER3
B2C-16085,Vanillekiste,BER3
B2C-16084,Vanillekiste,BER3
B2C-16083,Vanillekiste,BER3
B2C-16082,Vanillekiste,BER3
B2C-16081,Vanillekiste,BER3
Final Moveout order,Vaud,BER3
B2C000002,Vaud,BER3
B2B000003,Vaud,BER3
B2B000002,Vaud,BER3
B2B000001,Vaud,BER3
#11805,Vaud,BER3
#11803,Vaud,BER3
#11801,Vaud,BER3
#11800,Vaud,BER3
#11799,Vaud,BER3
#11797,Vaud,BER3
#11795,Vaud,BER3
#11793,Vaud,BER3
#11788,Vaud,BER3
#11787,Vaud,BER3
#11786,Vaud,BER3
#11785,Vaud,BER3
#11783,Vaud,BER3
#11781,Vaud,BER3
#11776,Vaud,BER3
#11775,Vaud,BER3
#11774,Vaud,BER3
#11773,Vaud,BER3
#11772,Vaud,BER3
#11770,Vaud,BER3
#11769,Vaud,BER3
#11768,Vaud,BER3
#11765,Vaud,BER3
#11764,Vaud,BER3
#11763,Vaud,BER3
#11762,Vaud,BER3
#11761,Vaud,BER3
#11760,Vaud,BER3
#11758,Vaud,BER3
#11757,Vaud,BER3
#11756,Vaud,BER3
#11755,Vaud,BER3
#11752,Vaud,BER3
#11751,Vaud,BER3
#11750,Vaud,BER3
#11749,Vaud,BER3
#11748,Vaud,BER3
#11747,Vaud,BER3
#11746,Vaud,BER3
#11744,Vaud,BER3
#11743,Vaud,BER3
#11742,Vaud,BER3
#11741,Vaud,BER3
B2C004802,Vaud,BER3
#11740,Vaud,BER3
#17290,Vedix,BER3
#17289,Vedix,BER3
#17288,Vedix,BER3
#17287,Vedix,BER3
#17286,Vedix,BER3
#17285,Vedix,BER3
#17284,Vedix,BER3
#17283,Vedix,BER3
17277,Vedix,BER3
#17282,Vedix,BER3
#17281,Vedix,BER3
#17280,Vedix,BER3
#17279,Vedix,BER3
17217,Vedix,BER3
#17278,Vedix,BER3
#17277,Vedix,BER3
#17276,Vedix,BER3
#17275,Vedix,BER3
#17274,Vedix,BER3
#17273,Vedix,BER3
#17272,Vedix,BER3
#17271,Vedix,BER3
#17270,Vedix,BER3
#17269,Vedix,BER3
#17268,Vedix,BER3
#17267,Vedix,BER3
#17266,Vedix,BER3
#17265,Vedix,BER3
#17264,Vedix,BER3
#17263,Vedix,BER3
#17262,Vedix,BER3
#17261,Vedix,BER3
#17260,Vedix,BER3
#17259,Vedix,BER3
#17258,Vedix,BER3
#17257,Vedix,BER3
#17256,Vedix,BER3
#17255,Vedix,BER3
#17254,Vedix,BER3
#17253,Vedix,BER3
#17252,Vedix,BER3
#17251,Vedix,BER3
#17250,Vedix,BER3
#17249,Vedix,BER3
#17248,Vedix,BER3
#17247,Vedix,BER3
#17246,Vedix,BER3
17240,Vedix,BER3
#17245,Vedix,BER3
#17244,Vedix,BER3
#4238,Venna,BER3
#4237,Venna,BER3
#4236,Venna,BER3
#4235,Venna,BER3
#4234,Venna,BER3
#4233,Venna,BER3
#4232,Venna,BER3
#4231,Venna,BER3
#4230,Venna,BER3
#4229,Venna,BER3
#4228,Venna,BER3
#4227,Venna,BER3
#4226,Venna,BER3
#4225,Venna,BER3
#4224,Venna,BER3
#4223,Venna,BER3
#4222,Venna,BER3
#4221,Venna,BER3
#4220,Venna,BER3
#4219,Venna,BER3
#4218,Venna,BER3
#4217,Venna,BER3
#4216,Venna,BER3
#4215,Venna,BER3
#4214,Venna,BER3
#4213,Venna,BER3
#4212,Venna,BER3
#4211,Venna,BER3
#4210,Venna,BER3
#4209,Venna,BER3
#4208,Venna,BER3
#4207,Venna,BER3
#4206,Venna,BER3
#4205,Venna,BER3
#4204,Venna,BER3
#4203,Venna,BER3
#4202,Venna,BER3
#4201,Venna,BER3
#4200,Venna,BER3
#4199,Venna,BER3
#4198,Venna,BER3
#4197,Venna,BER3
#4196,Venna,BER3
#4195,Venna,BER3
#4194,Venna,BER3
#4193,Venna,BER3
#4192,Venna,BER3
#4191,Venna,BER3
#4190,Venna,BER3
#4189,Venna,BER3
#V36107E2,Ventra,BER3
#V36106E2,Ventra,BER3
#V36105E2,Ventra,BER3
#V36104E2,Ventra,BER3
#V36103E2,Ventra,BER3
#V36102E2,Ventra,BER3
#V36101E2,Ventra,BER3
#V36100E2,Ventra,BER3
#V36099E2,Ventra,BER3
#V36098E2,Ventra,BER3
#V36097E2,Ventra,BER3
#V36096E2,Ventra,BER3
#V36095E2,Ventra,BER3
#V36094E2,Ventra,BER3
#V36093E2,Ventra,BER3
#V36092E2,Ventra,BER3
#V36091E2,Ventra,BER3
#V36090E2,Ventra,BER3
#V36089E2,Ventra,BER3
#V36088E2,Ventra,BER3
#V36087E2,Ventra,BER3
#V36086E2,Ventra,BER3
#V36085E2,Ventra,BER3
#V36084E2,Ventra,BER3
#V36083E2,Ventra,BER3
#V36082E2,Ventra,BER3
#V36081E2,Ventra,BER3
#V36080E2,Ventra,BER3
#V36079E2,Ventra,BER3
#V36078E2,Ventra,BER3
#V36077E2,Ventra,BER3
#V36076E2,Ventra,BER3
#V36075E2,Ventra,BER3
#V36074E2,Ventra,BER3
#V36073E2,Ventra,BER3
#V36072E2,Ventra,BER3
#V36071E2,Ventra,BER3
#V36070E2,Ventra,BER3
#V36069E2,Ventra,BER3
#V36068E2,Ventra,BER3
#V36067E2,Ventra,BER3
#V36066E2,Ventra,BER3
#V36065E2,Ventra,BER3
#V36064E2,Ventra,BER3
#V36063E2,Ventra,BER3
#V36062E2,Ventra,BER3
#V36061E2,Ventra,BER3
#V36060E2,Ventra,BER3
#V36059E2,Ventra,BER3
#V36058E2,Ventra,BER3
B2B000068,Vertellis,BER3
DE228937,Vertellis,BER3
Amazon ID: 519DNVGW,Vertellis,BER3
DE228893,Vertellis,BER3
DE228891,Vertellis,BER3
DE228853,Vertellis,BER3
B2C000161,Vertellis,BER3
Heling deck,Vertellis,BER3
2333,Vertellis,BER3
2332,Vertellis,BER3
2331,Vertellis,BER3
B2C000146,Vertellis,BER3
DE227504,Vertellis,BER3
DE227456,Vertellis,BER3
DE227434,Vertellis,BER3
DE227431,Vertellis,BER3
DE227422,Vertellis,BER3
DE227421,Vertellis,BER3
DE227417,Vertellis,BER3
DE227411,Vertellis,BER3
Sendbacks February,Vertellis,BER3
DE227397,Vertellis,BER3
DE227396,Vertellis,BER3
DE227341,Vertellis,BER3
DE227306,Vertellis,BER3
DE227262,Vertellis,BER3
DE227229,Vertellis,BER3
B2C011601,Vertellis,BER3
B2C001156,Vetnoms,BER3
#VM-206340,Viva Maia,BER3
#VM-206339,Viva Maia,BER3
#VM-206338,Viva Maia,BER3
#VM-206337,Viva Maia,BER3
#VM-206336,Viva Maia,BER3
#VM-206335,Viva Maia,BER3
#VM-206334,Viva Maia,BER3
#VM-206333,Viva Maia,BER3
#VM-206332,Viva Maia,BER3
#VM-206331,Viva Maia,BER3
#VM-206330,Viva Maia,BER3
#VM-206329,Viva Maia,BER3
#VM-206328,Viva Maia,BER3
#VM-206327,Viva Maia,BER3
#VM-206326,Viva Maia,BER3
#VM-206325,Viva Maia,BER3
#VM-206324,Viva Maia,BER3
#VM-206323,Viva Maia,BER3
#VM-206322,Viva Maia,BER3
#VM-206321,Viva Maia,BER3
#VM-206320,Viva Maia,BER3
#VM-206319,Viva Maia,BER3
#VM-206318,Viva Maia,BER3
#VM-206317,Viva Maia,BER3
#VM-206316,Viva Maia,BER3
#VM-206315,Viva Maia,BER3
B2C000310,Viva Maia,BER3
B2C000309,Viva Maia,BER3
B2C000308,Viva Maia,BER3
B2C000307,Viva Maia,BER3
B2C000306,Viva Maia,BER3
B2C000305,Viva Maia,BER3
#VM-206314,Viva Maia,BER3
#VM-206313,Viva Maia,BER3
#VM-206312,Viva Maia,BER3
#VM-206311,Viva Maia,BER3
#VM-206310,Viva Maia,BER3
#VM-206309,Viva Maia,BER3
#VM-206308,Viva Maia,BER3
#VM-206307,Viva Maia,BER3
#VM-206306,Viva Maia,BER3
#VM-206305,Viva Maia,BER3
#VM-206304,Viva Maia,BER3
#VM-206303,Viva Maia,BER3
#VM-206302,Viva Maia,BER3
#VM-206301,Viva Maia,BER3
#VM-206300,Viva Maia,BER3
#VM-206299,Viva Maia,BER3
#VM-206298,Viva Maia,BER3
#VM-206297,Viva Maia,BER3
#14200,WP Energy Sniff,BER3
#14199,WP Energy Sniff,BER3
#14198,WP Energy Sniff,BER3
#14197,WP Energy Sniff,BER3
#14196,WP Energy Sniff,BER3
#14195,WP Energy Sniff,BER3
#14194,WP Energy Sniff,BER3
#14193,WP Energy Sniff,BER3
#14192,WP Energy Sniff,BER3
#14191,WP Energy Sniff,BER3
#14190,WP Energy Sniff,BER3
#14189,WP Energy Sniff,BER3
#14188,WP Energy Sniff,BER3
#14187,WP Energy Sniff,BER3
#14186,WP Energy Sniff,BER3
#14185,WP Energy Sniff,BER3
#14184,WP Energy Sniff,BER3
#14183,WP Energy Sniff,BER3
#14182,WP Energy Sniff,BER3
#14181,WP Energy Sniff,BER3
#14180,WP Energy Sniff,BER3
#14179,WP Energy Sniff,BER3
#14178,WP Energy Sniff,BER3
#14177,WP Energy Sniff,BER3
#14176,WP Energy Sniff,BER3
#14175,WP Energy Sniff,BER3
#14174,WP Energy Sniff,BER3
#14173,WP Energy Sniff,BER3
#14172,WP Energy Sniff,BER3
#14171,WP Energy Sniff,BER3
#14170,WP Energy Sniff,BER3
#14169,WP Energy Sniff,BER3
#14168,WP Energy Sniff,BER3
#14167,WP Energy Sniff,BER3
#14166,WP Energy Sniff,BER3
#14165,WP Energy Sniff,BER3
#14164,WP Energy Sniff,BER3
#14163,WP Energy Sniff,BER3
#14162,WP Energy Sniff,BER3
#14161,WP Energy Sniff,BER3
#14160,WP Energy Sniff,BER3
#14159,WP Energy Sniff,BER3
#14158,WP Energy Sniff,BER3
#14157,WP Energy Sniff,BER3
#14156,WP Energy Sniff,BER3
#14155,WP Energy Sniff,BER3
#14154,WP Energy Sniff,BER3
#14153,WP Energy Sniff,BER3
#14152,WP Energy Sniff,BER3
#14151,WP Energy Sniff,BER3
WWFDE_21606,WWF,BER3
WWFDE_21605,WWF,BER3
WWFDE_21604,WWF,BER3
WWFDE_21603,WWF,BER3
WWFDE_21602,WWF,BER3
WWFDE_21601,WWF,BER3
WWFDE_21600,WWF,BER3
WWFDE_21599,WWF,BER3
WWFDE_21598,WWF,BER3
WWFDE_21597,WWF,BER3
WWFDE_21596,WWF,BER3
WWFDE_21595,WWF,BER3
WWFDE_21594,WWF,BER3
WWFDE_21593,WWF,BER3
WWFDE_21592,WWF,BER3
WWFDE_21591,WWF,BER3
WWFDE_21590,WWF,BER3
WWFDE_21589,WWF,BER3
WWFDE_21588,WWF,BER3
WWFDE_21587,WWF,BER3
WWFDE_21586,WWF,BER3
WWFDE_21585,WWF,BER3
WWFDE_21584,WWF,BER3
WWFDE_21583,WWF,BER3
WWFDE_21582,WWF,BER3
WWFDE_21581,WWF,BER3
WWFDE_21580,WWF,BER3
WWFDE_21579,WWF,BER3
WWFDE_21578,WWF,BER3
WWFDE_21577,WWF,BER3
WWFDE_21576,WWF,BER3
WWFDE_21575,WWF,BER3
WWFDE_21574,WWF,BER3
WWFDE_21573,WWF,BER3
WWFDE_21572,WWF,BER3
WWFDE_21571,WWF,BER3
WWFDE_21570,WWF,BER3
WWFDE_21569,WWF,BER3
WWFDE_21568,WWF,BER3
WWFDE_21567,WWF,BER3
WWFDE_21566,WWF,BER3
WWFDE_21565,WWF,BER3
WWFDE_21564,WWF,BER3
WWFDE_21563,WWF,BER3
WWFDE_21562,WWF,BER3
WWFDE_21561,WWF,BER3
WWFDE_21560,WWF,BER3
WWFDE_21559,WWF,BER3
WWFDE_21558,WWF,BER3
WWFDE_21557,WWF,BER3
32816,WarMag,BER3
32815,WarMag,BER3
32814,WarMag,BER3
32813,WarMag,BER3
32812,WarMag,BER3
32811,WarMag,BER3
32810,WarMag,BER3
32808,WarMag,BER3
32807,WarMag,BER3
32647-R,WarMag,BER3
32805,WarMag,BER3
32804,WarMag,BER3
32803,WarMag,BER3
32802,WarMag,BER3
32801,WarMag,BER3
32800,WarMag,BER3
32799,WarMag,BER3
32798,WarMag,BER3
32796,WarMag,BER3
32795,WarMag,BER3
32794,WarMag,BER3
32793,WarMag,BER3
32790,WarMag,BER3
32789,WarMag,BER3
32788,WarMag,BER3
32786,WarMag,BER3
32785,WarMag,BER3
32782,WarMag,BER3
32781,WarMag,BER3
32780,WarMag,BER3
32779,WarMag,BER3
32778,WarMag,BER3
32777,WarMag,BER3
32776,WarMag,BER3
32775,WarMag,BER3
32774,WarMag,BER3
32773,WarMag,BER3
32631-R,WarMag,BER3
32772,WarMag,BER3
32771,WarMag,BER3
32770,WarMag,BER3
32769,WarMag,BER3
32768,WarMag,BER3
32767,WarMag,BER3
32702-R,WarMag,BER3
32766,WarMag,BER3
32765,WarMag,BER3
32764,WarMag,BER3
32763,WarMag,BER3
32762,WarMag,BER3
#66147,Waschies,BER3
#66146,Waschies,BER3
#66145,Waschies,BER3
#66144,Waschies,BER3
#66143,Waschies,BER3
#66142,Waschies,BER3
#66141,Waschies,BER3
#66140,Waschies,BER3
#66139,Waschies,BER3
#66138,Waschies,BER3
#66137,Waschies,BER3
303-0537298-1737124,Waschies,BER3
#66136,Waschies,BER3
#66135,Waschies,BER3
#66134,Waschies,BER3
#66133,Waschies,BER3
#66132,Waschies,BER3
#66131,Waschies,BER3
#66130,Waschies,BER3
302-3460121-6713159,Waschies,BER3
#66129,Waschies,BER3
#66128,Waschies,BER3
#66127,Waschies,BER3
#66126,Waschies,BER3
#66125,Waschies,BER3
Ware für Shop,Waschies,BER3
#66124,Waschies,BER3
#66123,Waschies,BER3
#66122,Waschies,BER3
028-2841790-7415525,Waschies,BER3
#66121,Waschies,BER3
#66120,Waschies,BER3
#66119,Waschies,BER3
1006641,Waschies,BER3
#66118,Waschies,BER3
#66117,Waschies,BER3
#66116,Waschies,BER3
#66115,Waschies,BER3
#66114,Waschies,BER3
#66113,Waschies,BER3
#66112,Waschies,BER3
303-1384154-4005164,Waschies,BER3
#66111,Waschies,BER3
#66110,Waschies,BER3
306-8235227-6693968,Waschies,BER3
304-5617432-8520325,Waschies,BER3
#66109,Waschies,BER3
#66108,Waschies,BER3
#66107,Waschies,BER3
#66106,Waschies,BER3
#1157,We Are Naturals,BER3
#1156,We Are Naturals,BER3
#1155,We Are Naturals,BER3
18816,Weber & Weber,BER3
18815,Weber & Weber,BER3
18814,Weber & Weber,BER3
18813,Weber & Weber,BER3
18812,Weber & Weber,BER3
18811,Weber & Weber,BER3
18810,Weber & Weber,BER3
18809,Weber & Weber,BER3
18808,Weber & Weber,BER3
18807,Weber & Weber,BER3
18806,Weber & Weber,BER3
18805,Weber & Weber,BER3
18804,Weber & Weber,BER3
18803,Weber & Weber,BER3
18802,Weber & Weber,BER3
18801,Weber & Weber,BER3
18800,Weber & Weber,BER3
18799,Weber & Weber,BER3
18798,Weber & Weber,BER3
18797,Weber & Weber,BER3
18796,Weber & Weber,BER3
18794,Weber & Weber,BER3
18793,Weber & Weber,BER3
18628,Weber & Weber,BER3
18792,Weber & Weber,BER3
18791,Weber & Weber,BER3
18790,Weber & Weber,BER3
18789,Weber & Weber,BER3
18788,Weber & Weber,BER3
18786,Weber & Weber,BER3
18784,Weber & Weber,BER3
18783,Weber & Weber,BER3
18782,Weber & Weber,BER3
18781,Weber & Weber,BER3
18780,Weber & Weber,BER3
18779,Weber & Weber,BER3
18774,Weber & Weber,BER3
18773,Weber & Weber,BER3
18772,Weber & Weber,BER3
18771,Weber & Weber,BER3
18770,Weber & Weber,BER3
18769,Weber & Weber,BER3
18768,Weber & Weber,BER3
18767,Weber & Weber,BER3
18766,Weber & Weber,BER3
18765,Weber & Weber,BER3
18764,Weber & Weber,BER3
18763,Weber & Weber,BER3
18600,Weber & Weber,BER3
18762,Weber & Weber,BER3
#JETROLL170912,Williamify,BER3
#JETROLL170812,Williamify,BER3
#JETROLL170712,Williamify,BER3
#JETROLL170612,Williamify,BER3
#JETROLL170512,Williamify,BER3
#JETROLL170412,Williamify,BER3
#JETROLL170312,Williamify,BER3
#JETROLL170212,Williamify,BER3
#JETROLL170112,Williamify,BER3
B2C000037,Williamify,BER3
#JETROLL170012,Williamify,BER3
#JETROLL169912,Williamify,BER3
#JETROLL169812,Williamify,BER3
#JETROLL169712,Williamify,BER3
#JETROLL169612,Williamify,BER3
#JETROLL169512,Williamify,BER3
#JETROLL169412,Williamify,BER3
#JETROLL169312,Williamify,BER3
#JETROLL169212,Williamify,BER3
#JETROLL169112,Williamify,BER3
#JETROLL169012,Williamify,BER3
#JETROLL168912,Williamify,BER3
#JETROLL133912,Williamify,BER3
#JETROLL115612,Williamify,BER3
#JETROLL168812,Williamify,BER3
#JETROLL168712,Williamify,BER3
#JETROLL166712,Williamify,BER3
#JETROLL168612,Williamify,BER3
#JETROLL168512,Williamify,BER3
#JETROLL168412,Williamify,BER3
#JETROLL168312,Williamify,BER3
#JETROLL168212,Williamify,BER3
#JETROLL168112,Williamify,BER3
#JETROLL145712_AUSTAUSCH,Williamify,BER3
#JETROLL137812_AUSTAUSCH,Williamify,BER3
#JETROLL168012,Williamify,BER3
#JETROLL167912,Williamify,BER3
SENDBACK,Williamify,BER3
#JETROLL130012 - AUSTAUSCH,Williamify,BER3
#JETROLL167812,Williamify,BER3
#JETROLL167712,Williamify,BER3
#JETROLL167612,Williamify,BER3
#JETROLL167512,Williamify,BER3
#JETROLL167412,Williamify,BER3
#JETROLL167312,Williamify,BER3
#JETROLL150812,Williamify,BER3
#JETROLL167212,Williamify,BER3
#JETROLL167112,Williamify,BER3
#JETROLL167012,Williamify,BER3
#JETROLL166912,Williamify,BER3
DE123597,X6 Innovations SAS,BER3
DE123597,X6 Innovations SAS,BER3
DE123596,X6 Innovations SAS,BER3
DE123596,X6 Innovations SAS,BER3
DE123595,X6 Innovations SAS,BER3
DE123595,X6 Innovations SAS,BER3
DE123594,X6 Innovations SAS,BER3
DE123594,X6 Innovations SAS,BER3
DE123593,X6 Innovations SAS,BER3
DE123593,X6 Innovations SAS,BER3
DE123592,X6 Innovations SAS,BER3
DE123592,X6 Innovations SAS,BER3
DE123591,X6 Innovations SAS,BER3
DE123591,X6 Innovations SAS,BER3
DE123590,X6 Innovations SAS,BER3
DE123590,X6 Innovations SAS,BER3
DE123589,X6 Innovations SAS,BER3
DE123589,X6 Innovations SAS,BER3
DE123588,X6 Innovations SAS,BER3
DE123588,X6 Innovations SAS,BER3
DE123587,X6 Innovations SAS,BER3
DE123587,X6 Innovations SAS,BER3
DE123586,X6 Innovations SAS,BER3
DE123586,X6 Innovations SAS,BER3
DE123585,X6 Innovations SAS,BER3
DE123585,X6 Innovations SAS,BER3
DE123584,X6 Innovations SAS,BER3
DE123584,X6 Innovations SAS,BER3
DE123583,X6 Innovations SAS,BER3
DE123583,X6 Innovations SAS,BER3
DE123582,X6 Innovations SAS,BER3
DE123582,X6 Innovations SAS,BER3
DE123581,X6 Innovations SAS,BER3
DE123581,X6 Innovations SAS,BER3
DE123580,X6 Innovations SAS,BER3
DE123580,X6 Innovations SAS,BER3
DE123579,X6 Innovations SAS,BER3
DE123579,X6 Innovations SAS,BER3
DE123578,X6 Innovations SAS,BER3
DE123578,X6 Innovations SAS,BER3
DE123577,X6 Innovations SAS,BER3
DE123577,X6 Innovations SAS,BER3
DE123576,X6 Innovations SAS,BER3
DE123576,X6 Innovations SAS,BER3
DE123575,X6 Innovations SAS,BER3
DE123575,X6 Innovations SAS,BER3
DE123574,X6 Innovations SAS,BER3
DE123574,X6 Innovations SAS,BER3
DE123573,X6 Innovations SAS,BER3
DE123573,X6 Innovations SAS,BER3
#26026,YY VERTICAL SAS,BER3
#26010,YY VERTICAL SAS,BER3
#26002,YY VERTICAL SAS,BER3
#26000,YY VERTICAL SAS,BER3
#25999,YY VERTICAL SAS,BER3
#25997,YY VERTICAL SAS,BER3
MKP#2661,YY VERTICAL SAS,BER3
#25956,YY VERTICAL SAS,BER3
#25950,YY VERTICAL SAS,BER3
MKP#2627,YY VERTICAL SAS,BER3
#25935,YY VERTICAL SAS,BER3
#25910,YY VERTICAL SAS,BER3
#25905,YY VERTICAL SAS,BER3
#25899,YY VERTICAL SAS,BER3
#25894,YY VERTICAL SAS,BER3
#25886,YY VERTICAL SAS,BER3
MKP#2594,YY VERTICAL SAS,BER3
#25880,YY VERTICAL SAS,BER3
#25876,YY VERTICAL SAS,BER3
#25875,YY VERTICAL SAS,BER3
#25872,YY VERTICAL SAS,BER3
#25868,YY VERTICAL SAS,BER3
#25857,YY VERTICAL SAS,BER3
#25846,YY VERTICAL SAS,BER3
#25845,YY VERTICAL SAS,BER3
#25831,YY VERTICAL SAS,BER3
#25820,YY VERTICAL SAS,BER3
#25818,YY VERTICAL SAS,BER3
MKP#2567,YY VERTICAL SAS,BER3
#25807,YY VERTICAL SAS,BER3
#25806,YY VERTICAL SAS,BER3
MKP#2553,YY VERTICAL SAS,BER3
#25804,YY VERTICAL SAS,BER3
#25788,YY VERTICAL SAS,BER3
MKP#2537,YY VERTICAL SAS,BER3
MKP#2534,YY VERTICAL SAS,BER3
#25756,YY VERTICAL SAS,BER3
#25755,YY VERTICAL SAS,BER3
MKP#2519,YY VERTICAL SAS,BER3
#25714,YY VERTICAL SAS,BER3
MKP#2511,YY VERTICAL SAS,BER3
#25708,YY VERTICAL SAS,BER3
#25705,YY VERTICAL SAS,BER3
#25702,YY VERTICAL SAS,BER3
#25698,YY VERTICAL SAS,BER3
#25694,YY VERTICAL SAS,BER3
MKP#2499,YY VERTICAL SAS,BER3
MKP#2491,YY VERTICAL SAS,BER3
MKP#2483,YY VERTICAL SAS,BER3
#25677,YY VERTICAL SAS,BER3
21803,Yamnaya,BER3
21546,Yamnaya,BER3
21174,Yamnaya,BER3
#177162,Yummyeats -Smarter Choices GmbH,BER3
#177161,Yummyeats -Smarter Choices GmbH,BER3
#177160,Yummyeats -Smarter Choices GmbH,BER3
#177159,Yummyeats -Smarter Choices GmbH,BER3
#177158,Yummyeats -Smarter Choices GmbH,BER3
#177157,Yummyeats -Smarter Choices GmbH,BER3
#177156,Yummyeats -Smarter Choices GmbH,BER3
#177155,Yummyeats -Smarter Choices GmbH,BER3
#177154,Yummyeats -Smarter Choices GmbH,BER3
#177153,Yummyeats -Smarter Choices GmbH,BER3
#177152,Yummyeats -Smarter Choices GmbH,BER3
#177151,Yummyeats -Smarter Choices GmbH,BER3
#177150,Yummyeats -Smarter Choices GmbH,BER3
#177149,Yummyeats -Smarter Choices GmbH,BER3
#177148,Yummyeats -Smarter Choices GmbH,BER3
#177147,Yummyeats -Smarter Choices GmbH,BER3
#177146,Yummyeats -Smarter Choices GmbH,BER3
#177145,Yummyeats -Smarter Choices GmbH,BER3
#177144,Yummyeats -Smarter Choices GmbH,BER3
#177143,Yummyeats -Smarter Choices GmbH,BER3
#177142,Yummyeats -Smarter Choices GmbH,BER3
#177141,Yummyeats -Smarter Choices GmbH,BER3
#177140,Yummyeats -Smarter Choices GmbH,BER3
#177139,Yummyeats -Smarter Choices GmbH,BER3
#177138,Yummyeats -Smarter Choices GmbH,BER3
#177137,Yummyeats -Smarter Choices GmbH,BER3
#177136,Yummyeats -Smarter Choices GmbH,BER3
#177135,Yummyeats -Smarter Choices GmbH,BER3
#177134,Yummyeats -Smarter Choices GmbH,BER3
#177133,Yummyeats -Smarter Choices GmbH,BER3
#177132,Yummyeats -Smarter Choices GmbH,BER3
#177131,Yummyeats -Smarter Choices GmbH,BER3
#177130,Yummyeats -Smarter Choices GmbH,BER3
#177129,Yummyeats -Smarter Choices GmbH,BER3
#177128,Yummyeats -Smarter Choices GmbH,BER3
#177127,Yummyeats -Smarter Choices GmbH,BER3
#177126,Yummyeats -Smarter Choices GmbH,BER3
#177125,Yummyeats -Smarter Choices GmbH,BER3
#177124,Yummyeats -Smarter Choices GmbH,BER3
#177123,Yummyeats -Smarter Choices GmbH,BER3
#177122,Yummyeats -Smarter Choices GmbH,BER3
#177121,Yummyeats -Smarter Choices GmbH,BER3
#177120,Yummyeats -Smarter Choices GmbH,BER3
#177119,Yummyeats -Smarter Choices GmbH,BER3
2567,Yummyeats -Smarter Choices GmbH,BER3
#177118,Yummyeats -Smarter Choices GmbH,BER3
#177117,Yummyeats -Smarter Choices GmbH,BER3
#177116,Yummyeats -Smarter Choices GmbH,BER3
B2C000087,Yummyeats -Smarter Choices GmbH,BER3
#177115,Yummyeats -Smarter Choices GmbH,BER3
#ZN26881,Zola Nutrition,BER3
#ZN26880,Zola Nutrition,BER3
#ZN26879,Zola Nutrition,BER3
#ZN26878,Zola Nutrition,BER3
#ZN26877,Zola Nutrition,BER3
#ZN26876,Zola Nutrition,BER3
#ZN26875,Zola Nutrition,BER3
#ZN26874,Zola Nutrition,BER3
#ZN26873,Zola Nutrition,BER3
#ZN26872,Zola Nutrition,BER3
#ZN26871,Zola Nutrition,BER3
#ZN26870,Zola Nutrition,BER3
#ZN26869,Zola Nutrition,BER3
#ZN26868,Zola Nutrition,BER3
#ZN26867,Zola Nutrition,BER3
#ZN26866,Zola Nutrition,BER3
#ZN26865,Zola Nutrition,BER3
#ZN26864,Zola Nutrition,BER3
#ZN26863,Zola Nutrition,BER3
#ZN26862,Zola Nutrition,BER3
#ZN26861,Zola Nutrition,BER3
#ZN26860,Zola Nutrition,BER3
#ZN26859,Zola Nutrition,BER3
#ZN26858,Zola Nutrition,BER3
#ZN26857,Zola Nutrition,BER3
#ZN26856,Zola Nutrition,BER3
B2C000114,Zola Nutrition,BER3
#ZN26855,Zola Nutrition,BER3
#ZN26854,Zola Nutrition,BER3
#ZN26853,Zola Nutrition,BER3
#ZN26852,Zola Nutrition,BER3
#ZN26851,Zola Nutrition,BER3
#ZN26850,Zola Nutrition,BER3
#ZN26849,Zola Nutrition,BER3
#ZN26848,Zola Nutrition,BER3
#ZN26847,Zola Nutrition,BER3
#ZN26846,Zola Nutrition,BER3
#ZN26845,Zola Nutrition,BER3
#ZN26844,Zola Nutrition,BER3
#ZN26843,Zola Nutrition,BER3
#ZN26842,Zola Nutrition,BER3
#ZN26841,Zola Nutrition,BER3
#ZN26840,Zola Nutrition,BER3
#ZN26839,Zola Nutrition,BER3
#ZN26838,Zola Nutrition,BER3
#ZN26837,Zola Nutrition,BER3
#ZN26836,Zola Nutrition,BER3
#ZN26835,Zola Nutrition,BER3
#ZN26834,Zola Nutrition,BER3
#ZN26833,Zola Nutrition,BER3
1338,Zvezdar Group,BER3
1337,Zvezdar Group,BER3
1288,Zvezdar Group,BER3
1230,Zvezdar Group,BER3
1172,Zvezdar Group,BER3
1094,Zvezdar Group,BER3
1074,Zvezdar Group,BER3
1073,Zvezdar Group,BER3
1072,Zvezdar Group,BER3
1071,Zvezdar Group,BER3
1066,Zvezdar Group,BER3
1056,Zvezdar Group,BER3
1055,Zvezdar Group,BER3
1054,Zvezdar Group,BER3
1053,Zvezdar Group,BER3
1052,Zvezdar Group,BER3
1051,Zvezdar Group,BER3
1050,Zvezdar Group,BER3
1049,Zvezdar Group,BER3
1048,Zvezdar Group,BER3
1047,Zvezdar Group,BER3
1045,Zvezdar Group,BER3
1046,Zvezdar Group,BER3
1044,Zvezdar Group,BER3
1043,Zvezdar Group,BER3
1042,Zvezdar Group,BER3
1041,Zvezdar Group,BER3
1040,Zvezdar Group,BER3
1039,Zvezdar Group,BER3
1038,Zvezdar Group,BER3
1037,Zvezdar Group,BER3
1036,Zvezdar Group,BER3
1035,Zvezdar Group,BER3
1034,Zvezdar Group,BER3
1033,Zvezdar Group,BER3
1032,Zvezdar Group,BER3
1031,Zvezdar Group,BER3
1030,Zvezdar Group,BER3
1028,Zvezdar Group,BER3
1027,Zvezdar Group,BER3
1026,Zvezdar Group,BER3
1025,Zvezdar Group,BER3
1024,Zvezdar Group,BER3
1023,Zvezdar Group,BER3
1022,Zvezdar Group,BER3
1021,Zvezdar Group,BER3
1020,Zvezdar Group,BER3
1019,Zvezdar Group,BER3
1018,Zvezdar Group,BER3
1017,Zvezdar Group,BER3
#5609BIOG,biogrine,BER3
#5607BIOG,biogrine,BER3
#5606BIOG,biogrine,BER3
#5605BIOG,biogrine,BER3
#5604BIOG,biogrine,BER3
#5602BIOG,biogrine,BER3
#5600BIOG,biogrine,BER3
1KNP7K,biogrine,BER3
#5598BIOG,biogrine,BER3
#5597BIOG,biogrine,BER3
#5596BIOG,biogrine,BER3
#5594BIOG,biogrine,BER3
#5593BIOG,biogrine,BER3
#5591BIOG,biogrine,BER3
#5590BIOG,biogrine,BER3
#5589BIOG,biogrine,BER3
#5587BIOG,biogrine,BER3
#5585BIOG,biogrine,BER3
#5584BIOG,biogrine,BER3
#5583BIOG,biogrine,BER3
#5581BIOG,biogrine,BER3
#5580BIOG,biogrine,BER3
#5577BIOG,biogrine,BER3
#5576BIOG,biogrine,BER3
#5575BIOG,biogrine,BER3
#5574BIOG,biogrine,BER3
#5573BIOG,biogrine,BER3
#5570BIOG,biogrine,BER3
1KHHY9,biogrine,BER3
#5564BIOG,biogrine,BER3
#5562BIOG,biogrine,BER3
#5561BIOG,biogrine,BER3
#5560BIOG,biogrine,BER3
#5559BIOG,biogrine,BER3
#5557BIOG,biogrine,BER3
#5554BIOG,biogrine,BER3
#5551BIOG,biogrine,BER3
#5550BIOG,biogrine,BER3
#5549BIOG,biogrine,BER3
#5548BIOG,biogrine,BER3
#5546BIOG,biogrine,BER3
#5545BIOG,biogrine,BER3
#5544BIOG,biogrine,BER3
#5543BIOG,biogrine,BER3
#5541BIOG,biogrine,BER3
#5539BIOG,biogrine,BER3
#5538BIOG,biogrine,BER3
#5537BIOG,biogrine,BER3
#5535BIOG,biogrine,BER3
#5533BIOG,biogrine,BER3
#1297,blueocean ind.,BER3
#1271,blueocean ind.,BER3
2026300735,calm-don,BER3
2026300733,calm-don,BER3
2026300734,calm-don,BER3
2026300731,calm-don,BER3
2026300730,calm-don,BER3
2026300729,calm-don,BER3
2026300727,calm-don,BER3
2026300728,calm-don,BER3
2026300726,calm-don,BER3
2026300725,calm-don,BER3
2026300724,calm-don,BER3
2026300722,calm-don,BER3
2026300723,calm-don,BER3
2026300721,calm-don,BER3
2026300720,calm-don,BER3
2026300719,calm-don,BER3
2026300717,calm-don,BER3
2026300716,calm-don,BER3
2026300718,calm-don,BER3
2026300715,calm-don,BER3
2026300713,calm-don,BER3
2026300714,calm-don,BER3
2026300712,calm-don,BER3
2026300710,calm-don,BER3
B2C000625,calm-don,BER3
2026300702,calm-don,BER3
2026300696,calm-don,BER3
2026300695,calm-don,BER3
2026300692,calm-don,BER3
2026300689,calm-don,BER3
2026300682,calm-don,BER3
2026300676,calm-don,BER3
2026300674,calm-don,BER3
2026300668,calm-don,BER3
2026300606,calm-don,BER3
2026300646,calm-don,BER3
2026300666,calm-don,BER3
2026300657,calm-don,BER3
2026300654,calm-don,BER3
2026300648,calm-don,BER3
2026300641,calm-don,BER3
2026300632,calm-don,BER3
#454468,ela mo,BER3
#454467,ela mo,BER3
#454466,ela mo,BER3
#454465,ela mo,BER3
#454464,ela mo,BER3
#454463,ela mo,BER3
#454462,ela mo,BER3
#454461,ela mo,BER3
#454460,ela mo,BER3
#454459,ela mo,BER3
#454458,ela mo,BER3
#454457,ela mo,BER3
#454456,ela mo,BER3
#454455,ela mo,BER3
#454454,ela mo,BER3
#454453,ela mo,BER3
#454452,ela mo,BER3
#454451,ela mo,BER3
#454450,ela mo,BER3
#454449,ela mo,BER3
#454448,ela mo,BER3
#454447,ela mo,BER3
#454446,ela mo,BER3
#454445,ela mo,BER3
#454444,ela mo,BER3
#454443,ela mo,BER3
#454442,ela mo,BER3
#454441,ela mo,BER3
#454440,ela mo,BER3
#454439,ela mo,BER3
#454438,ela mo,BER3
#454437,ela mo,BER3
#454436,ela mo,BER3
#454435,ela mo,BER3
#454434,ela mo,BER3
#454433,ela mo,BER3
#454432,ela mo,BER3
#454431,ela mo,BER3
#454430,ela mo,BER3
#454429,ela mo,BER3
#454428,ela mo,BER3
#454427,ela mo,BER3
#454426,ela mo,BER3
#454425,ela mo,BER3
#454424,ela mo,BER3
#454423,ela mo,BER3
#454422,ela mo,BER3
#454421,ela mo,BER3
#454420,ela mo,BER3
#454419,ela mo,BER3
#58351,felmo gmbh,BER3
HALM-71556,halm-club,BER3
HALM-71555,halm-club,BER3
HALM-71554,halm-club,BER3
HALM-71553,halm-club,BER3
HALM-71552,halm-club,BER3
HALM-71551,halm-club,BER3
HALM-71550,halm-club,BER3
HALM-71549,halm-club,BER3
HALM-71548,halm-club,BER3
HALM-71547,halm-club,BER3
HALM-71546,halm-club,BER3
HALM-71545,halm-club,BER3
HALM-71544,halm-club,BER3
HALM-71543,halm-club,BER3
HALM-71542,halm-club,BER3
HALM-71541,halm-club,BER3
HALM-71540,halm-club,BER3
HALM-71539,halm-club,BER3
HALM-71538,halm-club,BER3
HALM-71537,halm-club,BER3
HALM-71536,halm-club,BER3
HALM-71535,halm-club,BER3
HALM-71534,halm-club,BER3
HALM-71533,halm-club,BER3
HALM-71532,halm-club,BER3
HALM-71531,halm-club,BER3
HALM-71530,halm-club,BER3
HALM-71529,halm-club,BER3
HALM-71528,halm-club,BER3
HALM-71527,halm-club,BER3
HALM-71525,halm-club,BER3
HALM-71526,halm-club,BER3
HALM-71524,halm-club,BER3
HALM-71523,halm-club,BER3
HALM-71521,halm-club,BER3
HALM-71522,halm-club,BER3
HALM-71520,halm-club,BER3
HALM-71519,halm-club,BER3
HALM-71518,halm-club,BER3
HALM-71517,halm-club,BER3
HALM-71516,halm-club,BER3
HALM-71515,halm-club,BER3
HALM-71514,halm-club,BER3
HALM-71513,halm-club,BER3
HALM-71512,halm-club,BER3
HALM-71511,halm-club,BER3
HALM-71510,halm-club,BER3
HALM-71509,halm-club,BER3
HALM-71508,halm-club,BER3
HALM-71507,halm-club,BER3
384562,hörtm,BER3
384850,hörtm,BER3
384557,hörtm,BER3
384243,hörtm,BER3
383679,hörtm,BER3
383621,hörtm,BER3
383593,hörtm,BER3
383548,hörtm,BER3
383518,hörtm,BER3
383441,hörtm,BER3
383310,hörtm,BER3
383287,hörtm,BER3
383014,hörtm,BER3
382929,hörtm,BER3
382679,hörtm,BER3
382667,hörtm,BER3
382639,hörtm,BER3
382379,hörtm,BER3
377822,hörtm,BER3
374769,hörtm,BER3
371771,hörtm,BER3
366144,hörtm,BER3
363811,hörtm,BER3
363760,hörtm,BER3
362982,hörtm,BER3
359982,hörtm,BER3
355968,hörtm,BER3
354925,hörtm,BER3
353643,hörtm,BER3
352654,hörtm,BER3
350989,hörtm,BER3
348027,hörtm,BER3
347663,hörtm,BER3
346553,hörtm,BER3
345914,hörtm,BER3
345805,hörtm,BER3
344038,hörtm,BER3
342683,hörtm,BER3
342571,hörtm,BER3
341191,hörtm,BER3
338424,hörtm,BER3
338127,hörtm,BER3
337406,hörtm,BER3
336162,hörtm,BER3
334906,hörtm,BER3
334448,hörtm,BER3
333101,hörtm,BER3
331880,hörtm,BER3
329801,hörtm,BER3
329750,hörtm,BER3
#2311,kamo Labs GmbH,BER3
#2310,kamo Labs GmbH,BER3
#2309,kamo Labs GmbH,BER3
#2308,kamo Labs GmbH,BER3
#2307,kamo Labs GmbH,BER3
B2C000934,kamo Labs GmbH,BER3
#2306,kamo Labs GmbH,BER3
#2305,kamo Labs GmbH,BER3
#2304,kamo Labs GmbH,BER3
#2303,kamo Labs GmbH,BER3
#2302,kamo Labs GmbH,BER3
#2301,kamo Labs GmbH,BER3
#2300,kamo Labs GmbH,BER3
#2299,kamo Labs GmbH,BER3
#2298,kamo Labs GmbH,BER3
#2297,kamo Labs GmbH,BER3
#2296,kamo Labs GmbH,BER3
#2295,kamo Labs GmbH,BER3
#2294,kamo Labs GmbH,BER3
#2293,kamo Labs GmbH,BER3
#2292,kamo Labs GmbH,BER3
#2291,kamo Labs GmbH,BER3
#2290,kamo Labs GmbH,BER3
#2289,kamo Labs GmbH,BER3
#2288,kamo Labs GmbH,BER3
#2287,kamo Labs GmbH,BER3
#2286,kamo Labs GmbH,BER3
#2285,kamo Labs GmbH,BER3
#2284,kamo Labs GmbH,BER3
#2283,kamo Labs GmbH,BER3
#2282,kamo Labs GmbH,BER3
#2281,kamo Labs GmbH,BER3
#2280,kamo Labs GmbH,BER3
#2279,kamo Labs GmbH,BER3
#2278,kamo Labs GmbH,BER3
#2277,kamo Labs GmbH,BER3
#2276,kamo Labs GmbH,BER3
#2275,kamo Labs GmbH,BER3
#2274,kamo Labs GmbH,BER3
#2273,kamo Labs GmbH,BER3
B2B000123,kamo Labs GmbH,BER3
B2B000122,kamo Labs GmbH,BER3
#2272,kamo Labs GmbH,BER3
#2271,kamo Labs GmbH,BER3
B2C000041,kamo Labs GmbH,BER3
B2B000121,kamo Labs GmbH,BER3
#2270,kamo Labs GmbH,BER3
B2B000120,kamo Labs GmbH,BER3
#2269,kamo Labs GmbH,BER3
B2B000119,kamo Labs GmbH,BER3
#71359,matcharepublic,BER3
#71358,matcharepublic,BER3
#71357,matcharepublic,BER3
#71356,matcharepublic,BER3
#13615,maxsquare GmbH,BER3
#13614,maxsquare GmbH,BER3
#13613,maxsquare GmbH,BER3
#13612,maxsquare GmbH,BER3
#13611,maxsquare GmbH,BER3
#13610,maxsquare GmbH,BER3
#13609,maxsquare GmbH,BER3
#13608,maxsquare GmbH,BER3
#13607,maxsquare GmbH,BER3
#13606,maxsquare GmbH,BER3
#13605,maxsquare GmbH,BER3
#13604,maxsquare GmbH,BER3
#13603,maxsquare GmbH,BER3
#13602,maxsquare GmbH,BER3
#13601,maxsquare GmbH,BER3
#13600,maxsquare GmbH,BER3
#13599,maxsquare GmbH,BER3
#13598,maxsquare GmbH,BER3
#13597,maxsquare GmbH,BER3
#13596,maxsquare GmbH,BER3
#13595,maxsquare GmbH,BER3
#13594,maxsquare GmbH,BER3
#13593,maxsquare GmbH,BER3
#13592,maxsquare GmbH,BER3
#13591,maxsquare GmbH,BER3
#13590,maxsquare GmbH,BER3
#13589,maxsquare GmbH,BER3
#13588,maxsquare GmbH,BER3
#13587,maxsquare GmbH,BER3
#13586,maxsquare GmbH,BER3
302-5772569-8013914AMZ,maxsquare GmbH,BER3
#13584,maxsquare GmbH,BER3
#13583,maxsquare GmbH,BER3
#13582,maxsquare GmbH,BER3
#13581,maxsquare GmbH,BER3
#13580,maxsquare GmbH,BER3
#13579,maxsquare GmbH,BER3
303-6689309-3087506AMZ,maxsquare GmbH,BER3
304-7132012-1235557AMZ,maxsquare GmbH,BER3
#13576,maxsquare GmbH,BER3
#13575,maxsquare GmbH,BER3
306-8463654-5787507AMZ,maxsquare GmbH,BER3
#13573,maxsquare GmbH,BER3
#13572,maxsquare GmbH,BER3
#13571,maxsquare GmbH,BER3
#13570,maxsquare GmbH,BER3
#13569,maxsquare GmbH,BER3
#13568,maxsquare GmbH,BER3
#13567,maxsquare GmbH,BER3
#13566,maxsquare GmbH,BER3
#2139,nouxx,BER3
#2138,nouxx,BER3
#2137,nouxx,BER3
#2136,nouxx,BER3
#2135,nouxx,BER3
#2134,nouxx,BER3
#2133,nouxx,BER3
#2132,nouxx,BER3
#2131,nouxx,BER3
#2130,nouxx,BER3
#2129,nouxx,BER3
#2128,nouxx,BER3
#2127,nouxx,BER3
#2126,nouxx,BER3
#2125,nouxx,BER3
#2124,nouxx,BER3
#2123,nouxx,BER3
#2122,nouxx,BER3
#2121,nouxx,BER3
#2120,nouxx,BER3
#2119,nouxx,BER3
#2118,nouxx,BER3
#2117,nouxx,BER3
#2116,nouxx,BER3
#2115,nouxx,BER3
#2114,nouxx,BER3
#2113,nouxx,BER3
#2112,nouxx,BER3
#2111,nouxx,BER3
#2110,nouxx,BER3
#2109,nouxx,BER3
#2108,nouxx,BER3
#2107,nouxx,BER3
#2106,nouxx,BER3
B2B000005,nouxx,BER3
#2105,nouxx,BER3
#2104,nouxx,BER3
#2103,nouxx,BER3
#2102,nouxx,BER3
#2101,nouxx,BER3
#2100,nouxx,BER3
#2099,nouxx,BER3
#2098,nouxx,BER3
#2097,nouxx,BER3
#2096,nouxx,BER3
#2095,nouxx,BER3
,nouxx,BER3
#2094,nouxx,BER3
#2093,nouxx,BER3
#2092,nouxx,BER3
cbn4xy2bpw,obics,BER3
cbn4xytbp8,obics,BER3
cbn4xwj7y9,obics,BER3
FBA15LTR1TVX,obics,BER3
FBA15LV72QSW,obics,BER3
cbn4xttbxb,obics,BER3
OBICS-#1166,obics,BER3
FBA15LT56LL6,obics,BER3
cbn4xqrsk2,obics,BER3
cbn4xqpcpz,obics,BER3
304-9510379-3568309,obics,BER3
cbn4xmkpv5,obics,BER3
cbn4xjbm2b,obics,BER3
cbn4xhzdbb,obics,BER3
cbn4xbvk3x,obics,BER3
cbn4w7b96h,obics,BER3
cbn4w6y83z,obics,BER3
cbn4w6qdz6,obics,BER3
cbn4w5rdy3,obics,BER3
304-9394058-3694757,obics,BER3
cbn4w44mgc,obics,BER3
cbn4wz5ycw,obics,BER3
cbn4wzn2r5,obics,BER3
cbn4wzh3zp,obics,BER3
303-2191209-5002733,obics,BER3
FBA15LM0Z1HR,obics,BER3
306-4830958-6185108,obics,BER3
304-1663928-4224316,obics,BER3
305-1539834-5535533,obics,BER3
303-3061625-5149127,obics,BER3
cbn4wvdrgs,obics,BER3
305-2413747-3694710,obics,BER3
028-8396391-6373164,obics,BER3
303-2191209-5002733,obics,BER3
305-4701101-3304319,obics,BER3
302-1342026-3225903,obics,BER3
304-3359166-2867543,obics,BER3
cbn4wtpkwd,obics,BER3
302-0284033-7078757,obics,BER3
FBA15LKPPVJ7,obics,BER3
404-2712036-5793139-1,obics,BER3
cbn4ws68v6,obics,BER3
303-1306947-0700303,obics,BER3
305-1112254-1338709,obics,BER3
028-6906293-6830705,obics,BER3
304-5150069-1847564,obics,BER3
304-8834370-8973911,obics,BER3
304-9440198-0391513,obics,BER3
303-2343195-4417913,obics,BER3
028-4776844-3408342,obics,BER3
EUON-003760,objective nutrition,BER3
EUON-003759,objective nutrition,BER3
EUON-003758,objective nutrition,BER3
EUON-003757,objective nutrition,BER3
EUON-003756,objective nutrition,BER3
EUON-003755,objective nutrition,BER3
028-8557472-5263529,objective nutrition,BER3
306-1061747-4879531,objective nutrition,BER3
EUON-003754,objective nutrition,BER3
EUON-003753,objective nutrition,BER3
306-8587932-0988319,objective nutrition,BER3
304-5435090-2490721,objective nutrition,BER3
EUON-003752,objective nutrition,BER3
EUON-003751,objective nutrition,BER3
302-6783882-3986726,objective nutrition,BER3
306-4462939-9049920,objective nutrition,BER3
EUON-003750,objective nutrition,BER3
EUON-003749,objective nutrition,BER3
EUON-003748,objective nutrition,BER3
EUON-003747,objective nutrition,BER3
EUON-003746,objective nutrition,BER3
EUON-003745,objective nutrition,BER3
EUON-003744,objective nutrition,BER3
EUON-003743,objective nutrition,BER3
EUON-003742,objective nutrition,BER3
EUON-003741,objective nutrition,BER3
EUON-003740,objective nutrition,BER3
EUON-003739,objective nutrition,BER3
305-1020096-2345168,objective nutrition,BER3
EUON-003738,objective nutrition,BER3
EUON-003737,objective nutrition,BER3
028-6340074-2534750,objective nutrition,BER3
EUON-003736,objective nutrition,BER3
302-7063547-8578738,objective nutrition,BER3
302-6878209-4204324,objective nutrition,BER3
EUON-003735,objective nutrition,BER3
306-4378745-7712314,objective nutrition,BER3
EUON-003734,objective nutrition,BER3
EUON-003733,objective nutrition,BER3
EUON-003732,objective nutrition,BER3
304-7834280-7118764,objective nutrition,BER3
303-1348774-4459569,objective nutrition,BER3
303-7282542-5083516,objective nutrition,BER3
EUON-003731,objective nutrition,BER3
EUON-003730,objective nutrition,BER3
EUON-003729,objective nutrition,BER3
EUON-003728,objective nutrition,BER3
EUON-003727,objective nutrition,BER3
EUON-003726,objective nutrition,BER3
303-0504299-4253149,objective nutrition,BER3
RA-2026-2050,reeleef,BER3
R3607,reeleef,BER3
RA-2026-2049,reeleef,BER3
RA-2026-2048,reeleef,BER3
R3606,reeleef,BER3
R3605,reeleef,BER3
RA-2026-2046,reeleef,BER3
RA-2026-2045,reeleef,BER3
RA-2026-2047,reeleef,BER3
1KBEL3,reeleef,BER3
R3603,reeleef,BER3
R3602,reeleef,BER3
RA-2026-2043,reeleef,BER3
RA-2026-2044,reeleef,BER3
RA-2026-2042,reeleef,BER3
R3601,reeleef,BER3
RA-2026-2041,reeleef,BER3
R3600,reeleef,BER3
R3599,reeleef,BER3
R3598,reeleef,BER3
RA-2026-2040,reeleef,BER3
RA-2026-2038,reeleef,BER3
RA-2026-2039,reeleef,BER3
R3597,reeleef,BER3
R3596,reeleef,BER3
RA-2026-2036,reeleef,BER3
RA-2026-2037,reeleef,BER3
R3595,reeleef,BER3
RA-2026-2035,reeleef,BER3
R3594,reeleef,BER3
R3593,reeleef,BER3
R3592,reeleef,BER3
R3591,reeleef,BER3
R3590,reeleef,BER3
1K5HSM,reeleef,BER3
R3588,reeleef,BER3
RA-2026-2028,reeleef,BER3
RA-2026-2031,reeleef,BER3
RA-2026-2030,reeleef,BER3
RA-2026-2032,reeleef,BER3
RA-2026-2033,reeleef,BER3
RA-2026-2034,reeleef,BER3
RA-2026-2029,reeleef,BER3
R3587,reeleef,BER3
R3586,reeleef,BER3
R3585,reeleef,BER3
R3584,reeleef,BER3
RA-2026-2024,reeleef,BER3
RA-2026-2025,reeleef,BER3
RA-2026-2027,reeleef,BER3
#404473,spomedis GmbH,BER3
#404472,spomedis GmbH,BER3
#404471,spomedis GmbH,BER3
B2C000281,spomedis GmbH,BER3
#404470,spomedis GmbH,BER3
#404469,spomedis GmbH,BER3
#404468,spomedis GmbH,BER3
#404467,spomedis GmbH,BER3
#404466,spomedis GmbH,BER3
#404465,spomedis GmbH,BER3
#404464,spomedis GmbH,BER3
#404463,spomedis GmbH,BER3
#404462,spomedis GmbH,BER3
#404461,spomedis GmbH,BER3
#404460,spomedis GmbH,BER3
#404459,spomedis GmbH,BER3
#404458,spomedis GmbH,BER3
#404457,spomedis GmbH,BER3
#404456,spomedis GmbH,BER3
#404455,spomedis GmbH,BER3
#404454,spomedis GmbH,BER3
#404453,spomedis GmbH,BER3
#404452,spomedis GmbH,BER3
#404451,spomedis GmbH,BER3
#404450,spomedis GmbH,BER3
#404449,spomedis GmbH,BER3
1778622459-4,spomedis GmbH,BER3
1778622459-3,spomedis GmbH,BER3
1778622459-2,spomedis GmbH,BER3
1778622459-1,spomedis GmbH,BER3
#404448,spomedis GmbH,BER3
1778505143-3,spomedis GmbH,BER3
1778505143-2,spomedis GmbH,BER3
1778505143-1,spomedis GmbH,BER3
#404447,spomedis GmbH,BER3
#404446,spomedis GmbH,BER3
#404445,spomedis GmbH,BER3
#404444,spomedis GmbH,BER3
1778133369-2,spomedis GmbH,BER3
1778133369-1,spomedis GmbH,BER3
1778045758-5,spomedis GmbH,BER3
1778045758-4,spomedis GmbH,BER3
1778045758-3,spomedis GmbH,BER3
1778045758-2,spomedis GmbH,BER3
1778045758-1,spomedis GmbH,BER3
1777917733-3,spomedis GmbH,BER3
1777917733-2,spomedis GmbH,BER3
1777917733-1,spomedis GmbH,BER3
B2C000263,spomedis GmbH,BER3
B2C000262,spomedis GmbH,BER3
B2B000002,sun matters,BER3
B2B000001,sun matters,BER3
B2B000836,sun matters,BER3
B2B000835,sun matters,BER3
B2B000834,sun matters,BER3
B2B000833,sun matters,BER3
#1681,sun matters,BER3
#1680,sun matters,BER3
#1679,sun matters,BER3
#1678,sun matters,BER3
#1677,sun matters,BER3
#1676,sun matters,BER3
#1675,sun matters,BER3
#1674,sun matters,BER3
#1673,sun matters,BER3
#1672,sun matters,BER3
#1671,sun matters,BER3
#1670,sun matters,BER3
#1669,sun matters,BER3
#1668,sun matters,BER3
#1667,sun matters,BER3
#1666,sun matters,BER3
#1665,sun matters,BER3
#1664,sun matters,BER3
#1663,sun matters,BER3
#1662,sun matters,BER3
#1661,sun matters,BER3
#1660,sun matters,BER3
#1659,sun matters,BER3
#1658,sun matters,BER3
#1657,sun matters,BER3
#1656,sun matters,BER3
#1655,sun matters,BER3
#1654,sun matters,BER3
#1653,sun matters,BER3
#1652,sun matters,BER3
#1651,sun matters,BER3
#1650,sun matters,BER3
#1649,sun matters,BER3
#1648,sun matters,BER3
#1647,sun matters,BER3
#1646,sun matters,BER3
#1645,sun matters,BER3
#1644,sun matters,BER3
#1643,sun matters,BER3
#1642,sun matters,BER3
#1641,sun matters,BER3
#1640,sun matters,BER3
#1639,sun matters,BER3
#1638,sun matters,BER3
#GER1060,sweet spot,BER3
#GER1059,sweet spot,BER3
#GER1058,sweet spot,BER3
#GER1057,sweet spot,BER3
#GER1056,sweet spot,BER3
#GER1055,sweet spot,BER3
#GER1054,sweet spot,BER3
#GER1053,sweet spot,BER3
#GER1052,sweet spot,BER3
#GER1051,sweet spot,BER3
#21496,terra peak,BER3
#21495,terra peak,BER3
#21494,terra peak,BER3
#21493,terra peak,BER3
#21492,terra peak,BER3
#21491,terra peak,BER3
#21490,terra peak,BER3
#21489,terra peak,BER3
#21488,terra peak,BER3
#21487,terra peak,BER3
#21486,terra peak,BER3
#21485,terra peak,BER3
#21484,terra peak,BER3
#21483,terra peak,BER3
#21482,terra peak,BER3
#21481,terra peak,BER3
#21480,terra peak,BER3
#21479,terra peak,BER3
#21478,terra peak,BER3
#21477,terra peak,BER3
#21476,terra peak,BER3
#21475,terra peak,BER3
#21474,terra peak,BER3
#21473,terra peak,BER3
#21472,terra peak,BER3
305-3736212-9623512,terra peak,BER3
#21471,terra peak,BER3
#21470,terra peak,BER3
#21469,terra peak,BER3
#21468,terra peak,BER3
#21467,terra peak,BER3
#21466,terra peak,BER3
#21465,terra peak,BER3
#21464,terra peak,BER3
#21463,terra peak,BER3
#21462,terra peak,BER3
cbn4x224sd,terra peak,BER3
cbn4x2xxw5,terra peak,BER3
cbn4x2xmkc,terra peak,BER3
028-5849005-5581137,terra peak,BER3
#21461,terra peak,BER3
#21460,terra peak,BER3
#21459,terra peak,BER3
#21458,terra peak,BER3
#21457,terra peak,BER3
#21456,terra peak,BER3
#21455,terra peak,BER3
#21454,terra peak,BER3
302-0376962-6983511,terra peak,BER3
FBA15LWW7SHL FBA15LWTVL3Y,terra peak,BER3
#176195,thebettercat,BER3
#176194,thebettercat,BER3
#176193,thebettercat,BER3
#176192,thebettercat,BER3
#176191,thebettercat,BER3
#176190,thebettercat,BER3
#176189,thebettercat,BER3
#176188,thebettercat,BER3
#176187,thebettercat,BER3
#176186,thebettercat,BER3
#176185,thebettercat,BER3
#176184,thebettercat,BER3
#176183,thebettercat,BER3
#176182,thebettercat,BER3
306-8877443-0125946,thebettercat,BER3
#176181,thebettercat,BER3
#176180,thebettercat,BER3
#176179,thebettercat,BER3
#176178,thebettercat,BER3
#176177,thebettercat,BER3
#176176,thebettercat,BER3
#176175,thebettercat,BER3
#176174,thebettercat,BER3
#176173,thebettercat,BER3
#176172,thebettercat,BER3
#176171,thebettercat,BER3
#176170,thebettercat,BER3
#176169,thebettercat,BER3
#176168,thebettercat,BER3
#176167,thebettercat,BER3
#176166,thebettercat,BER3
#176165,thebettercat,BER3
#176164,thebettercat,BER3
#176163,thebettercat,BER3
#176162,thebettercat,BER3
#176161,thebettercat,BER3
#176160,thebettercat,BER3
#176159,thebettercat,BER3
#176158,thebettercat,BER3
028-4719487-8553130,thebettercat,BER3
#176157,thebettercat,BER3
#176156,thebettercat,BER3
#176155,thebettercat,BER3
#176154,thebettercat,BER3
#176153,thebettercat,BER3
#176152,thebettercat,BER3
#176151,thebettercat,BER3
#176150,thebettercat,BER3
#176149,thebettercat,BER3
#176148,thebettercat,BER3
#1026,tropical superfoods,BER3
#1025,tropical superfoods,BER3
#1024,tropical superfoods,BER3
#1023,tropical superfoods,BER3
#WN-12591607,wonderhealth.de,BER3
#WN-12581607,wonderhealth.de,BER3
#WN-12571607,wonderhealth.de,BER3
#WN-12561607,wonderhealth.de,BER3
#WN-12551607,wonderhealth.de,BER3
#WN-12541607,wonderhealth.de,BER3
#WN-12531607,wonderhealth.de,BER3
#WN-12521607,wonderhealth.de,BER3
#WN-12511607,wonderhealth.de,BER3
#WN-12501607,wonderhealth.de,BER3
#WN-12491607,wonderhealth.de,BER3
#WN-12481607,wonderhealth.de,BER3
#WN-12471607,wonderhealth.de,BER3
#WN-12461607,wonderhealth.de,BER3
#WN-12451607,wonderhealth.de,BER3
#WN-12441607,wonderhealth.de,BER3
#WN-12431607,wonderhealth.de,BER3
#WN-12421607,wonderhealth.de,BER3
#WN-12411607,wonderhealth.de,BER3
#WN-12401607,wonderhealth.de,BER3
#WN-12391607,wonderhealth.de,BER3
#WN-12381607,wonderhealth.de,BER3
#WN-12371607,wonderhealth.de,BER3
B2C000031,wonderhealth.de,BER3
#WN-12361607,wonderhealth.de,BER3
#WN-12351607,wonderhealth.de,BER3
#WN-12341607,wonderhealth.de,BER3
#WN-12331607,wonderhealth.de,BER3
#WN-12321607,wonderhealth.de,BER3
#WN-12311607,wonderhealth.de,BER3
#WN-12301607,wonderhealth.de,BER3
#WN-12291607,wonderhealth.de,BER3
#WN-12281607,wonderhealth.de,BER3
#WN-12271607,wonderhealth.de,BER3
#WN-12261607,wonderhealth.de,BER3
#WN-12251607,wonderhealth.de,BER3
#WN-12241607,wonderhealth.de,BER3
#WN-12231607,wonderhealth.de,BER3
#WN-12221607,wonderhealth.de,BER3
#WN-12211607,wonderhealth.de,BER3
#WN-12201607,wonderhealth.de,BER3
#WN-12191607,wonderhealth.de,BER3
#WN-12181607,wonderhealth.de,BER3
#WN-12171607,wonderhealth.de,BER3
#WN-12161607,wonderhealth.de,BER3
#WN-12151607,wonderhealth.de,BER3
#WN-12141607,wonderhealth.de,BER3
#WN-12131607,wonderhealth.de,BER3
#WN-12121607,wonderhealth.de,BER3
#WN-12111607,wonderhealth.de,BER3
#**TEST**1046**IGNORE**,(Test) Gabbi Internal Test Merchant,POZ1
#49504431664950443166TEST4950443166495044316610464,(Test) Gabbi Internal Test Merchant,POZ1
#49504384874950438487TEST4950438487495043848710464,(Test) Gabbi Internal Test Merchant,POZ1
#49504394444950439444TEST4950439444495043944410464,(Test) Gabbi Internal Test Merchant,POZ1
#49505174274950517427TEST4950517427495051742710464,(Test) Gabbi Internal Test Merchant,POZ1
TEST2,(Test) Gabbi Internal Test Merchant,POZ1
TESTPOSTAT,(Test) Gabbi Internal Test Merchant,POZ1
ORD-1001,(Test) Gabbi Internal Test Merchant,POZ1
#BBDE932258,BANANA BEAUTY,POZ1
#BBDE932257,BANANA BEAUTY,POZ1
#BBDE932256,BANANA BEAUTY,POZ1
#BBDE932255,BANANA BEAUTY,POZ1
#BBDE932254,BANANA BEAUTY,POZ1
#BBDE932253,BANANA BEAUTY,POZ1
#BBDE932252,BANANA BEAUTY,POZ1
#BBDE932251,BANANA BEAUTY,POZ1
#BBDE932250,BANANA BEAUTY,POZ1
#BBDE932249,BANANA BEAUTY,POZ1
#BBDE932248,BANANA BEAUTY,POZ1
#BBDE932247,BANANA BEAUTY,POZ1
#BBDE932246,BANANA BEAUTY,POZ1
#BBDE932245,BANANA BEAUTY,POZ1
#BBDE932244,BANANA BEAUTY,POZ1
#BBDE932243,BANANA BEAUTY,POZ1
#BBDE932242,BANANA BEAUTY,POZ1
#BBDE932241,BANANA BEAUTY,POZ1
#BBDE932240,BANANA BEAUTY,POZ1
#BBDE932239,BANANA BEAUTY,POZ1
#BBDE932238,BANANA BEAUTY,POZ1
#BBDE932237,BANANA BEAUTY,POZ1
#BBDE932236,BANANA BEAUTY,POZ1
#BBDE932235,BANANA BEAUTY,POZ1
#BBDE932234,BANANA BEAUTY,POZ1
#BBDE932233,BANANA BEAUTY,POZ1
#BBDE932232,BANANA BEAUTY,POZ1
#BBDE932231,BANANA BEAUTY,POZ1
#BBDE932230,BANANA BEAUTY,POZ1
#BBDE932229,BANANA BEAUTY,POZ1
#BBDE932228,BANANA BEAUTY,POZ1
#BBDE932227,BANANA BEAUTY,POZ1
#BBDE932226,BANANA BEAUTY,POZ1
#BBDE932225,BANANA BEAUTY,POZ1
#BBDE932224,BANANA BEAUTY,POZ1
#BBDE932223,BANANA BEAUTY,POZ1
#BBDE932222,BANANA BEAUTY,POZ1
#BBDE932221,BANANA BEAUTY,POZ1
#BBDE932220,BANANA BEAUTY,POZ1
#BBDE932219,BANANA BEAUTY,POZ1
#BBDE932218,BANANA BEAUTY,POZ1
#BBDE932217,BANANA BEAUTY,POZ1
#BBPL225349,BANANA BEAUTY,POZ1
#BBDE932216,BANANA BEAUTY,POZ1
#BBDE932215,BANANA BEAUTY,POZ1
#BBDE932214,BANANA BEAUTY,POZ1
#BBDE932213,BANANA BEAUTY,POZ1
#BBDE932212,BANANA BEAUTY,POZ1
#BBDE932211,BANANA BEAUTY,POZ1
#BBDE932210,BANANA BEAUTY,POZ1
1152,Be TakeOff,POZ1
1034,Be TakeOff,POZ1
969,Be TakeOff,POZ1
#315279,Besser im Glas,POZ1
#315279,Besser im Glas,POZ1
#315278,Besser im Glas,POZ1
#315277,Besser im Glas,POZ1
#315276,Besser im Glas,POZ1
#315278,Besser im Glas,POZ1
#315275,Besser im Glas,POZ1
#315277,Besser im Glas,POZ1
#315276,Besser im Glas,POZ1
#315275,Besser im Glas,POZ1
#315274,Besser im Glas,POZ1
#315272,Besser im Glas,POZ1
#315273,Besser im Glas,POZ1
#315274,Besser im Glas,POZ1
#315273,Besser im Glas,POZ1
#315272,Besser im Glas,POZ1
#315270,Besser im Glas,POZ1
#315266,Besser im Glas,POZ1
#315271,Besser im Glas,POZ1
#315268,Besser im Glas,POZ1
#315267,Besser im Glas,POZ1
#315269,Besser im Glas,POZ1
#315271,Besser im Glas,POZ1
#315270,Besser im Glas,POZ1
#315265,Besser im Glas,POZ1
#315264,Besser im Glas,POZ1
#315262,Besser im Glas,POZ1
#315263,Besser im Glas,POZ1
#315269,Besser im Glas,POZ1
#315268,Besser im Glas,POZ1
#315267,Besser im Glas,POZ1
#315266,Besser im Glas,POZ1
#315265,Besser im Glas,POZ1
#315264,Besser im Glas,POZ1
#315263,Besser im Glas,POZ1
#315261,Besser im Glas,POZ1
#315260,Besser im Glas,POZ1
#315259,Besser im Glas,POZ1
#315258,Besser im Glas,POZ1
#315262,Besser im Glas,POZ1
#315261,Besser im Glas,POZ1
#315260,Besser im Glas,POZ1
#315259,Besser im Glas,POZ1
#315258,Besser im Glas,POZ1
#315257,Besser im Glas,POZ1
#315254,Besser im Glas,POZ1
#315256,Besser im Glas,POZ1
#315252,Besser im Glas,POZ1
#315255,Besser im Glas,POZ1
#315253,Besser im Glas,POZ1
#15639,BonaTea GmbH,POZ1
#15638,BonaTea GmbH,POZ1
#15637,BonaTea GmbH,POZ1
#15636,BonaTea GmbH,POZ1
#15635,BonaTea GmbH,POZ1
#15634,BonaTea GmbH,POZ1
#15633,BonaTea GmbH,POZ1
#15632,BonaTea GmbH,POZ1
#15631,BonaTea GmbH,POZ1
#15630,BonaTea GmbH,POZ1
#15629,BonaTea GmbH,POZ1
#15628,BonaTea GmbH,POZ1
#15627,BonaTea GmbH,POZ1
#15626,BonaTea GmbH,POZ1
#15625,BonaTea GmbH,POZ1
#15624,BonaTea GmbH,POZ1
#15623,BonaTea GmbH,POZ1
#15622,BonaTea GmbH,POZ1
#15621,BonaTea GmbH,POZ1
#15620,BonaTea GmbH,POZ1
#15619,BonaTea GmbH,POZ1
#15618,BonaTea GmbH,POZ1
#15617,BonaTea GmbH,POZ1
#15616,BonaTea GmbH,POZ1
#15615,BonaTea GmbH,POZ1
#15614,BonaTea GmbH,POZ1
#15613,BonaTea GmbH,POZ1
#15612,BonaTea GmbH,POZ1
#15611,BonaTea GmbH,POZ1
#15610,BonaTea GmbH,POZ1
#15609,BonaTea GmbH,POZ1
#15608,BonaTea GmbH,POZ1
#15607,BonaTea GmbH,POZ1
#15606,BonaTea GmbH,POZ1
#15605,BonaTea GmbH,POZ1
#15604,BonaTea GmbH,POZ1
#15603,BonaTea GmbH,POZ1
#15602,BonaTea GmbH,POZ1
#15601,BonaTea GmbH,POZ1
#15600,BonaTea GmbH,POZ1
#15599,BonaTea GmbH,POZ1
#15598,BonaTea GmbH,POZ1
#15597,BonaTea GmbH,POZ1
#15596,BonaTea GmbH,POZ1
#15595,BonaTea GmbH,POZ1
#15594,BonaTea GmbH,POZ1
#15593,BonaTea GmbH,POZ1
#15592,BonaTea GmbH,POZ1
#15591,BonaTea GmbH,POZ1
#15590,BonaTea GmbH,POZ1
#1543,EARLY GmbH,POZ1
B2B000040,EARLY GmbH,POZ1
B2C000061,EARLY GmbH,POZ1
#1542,EARLY GmbH,POZ1
B2C000060,EARLY GmbH,POZ1
#1541,EARLY GmbH,POZ1
#1540,EARLY GmbH,POZ1
#1539,EARLY GmbH,POZ1
#1538,EARLY GmbH,POZ1
#1537,EARLY GmbH,POZ1
#1536,EARLY GmbH,POZ1
#1535,EARLY GmbH,POZ1
#1534,EARLY GmbH,POZ1
#1533,EARLY GmbH,POZ1
#1532,EARLY GmbH,POZ1
#1531,EARLY GmbH,POZ1
#1530,EARLY GmbH,POZ1
B2C000059,EARLY GmbH,POZ1
#1529,EARLY GmbH,POZ1
#1528,EARLY GmbH,POZ1
B2B000039,EARLY GmbH,POZ1
B2C000058,EARLY GmbH,POZ1
B2C000057,EARLY GmbH,POZ1
B2C000056,EARLY GmbH,POZ1
B2C000055,EARLY GmbH,POZ1
B2C000054,EARLY GmbH,POZ1
B2C000053,EARLY GmbH,POZ1
B2C000052,EARLY GmbH,POZ1
B2B000038,EARLY GmbH,POZ1
B2C000051,EARLY GmbH,POZ1
,EARLY GmbH,POZ1
B2C000532,EARLY GmbH,POZ1
#1527,EARLY GmbH,POZ1
#1526,EARLY GmbH,POZ1
#1525,EARLY GmbH,POZ1
#1524,EARLY GmbH,POZ1
#1523,EARLY GmbH,POZ1
#1522,EARLY GmbH,POZ1
#1521,EARLY GmbH,POZ1
#1520,EARLY GmbH,POZ1
#1519,EARLY GmbH,POZ1
#1518,EARLY GmbH,POZ1
#1517,EARLY GmbH,POZ1
#1516,EARLY GmbH,POZ1
#1515,EARLY GmbH,POZ1
#1514,EARLY GmbH,POZ1
#1513,EARLY GmbH,POZ1
#1512,EARLY GmbH,POZ1
#1511,EARLY GmbH,POZ1
#1510,EARLY GmbH,POZ1
#293935,Edubini,POZ1
#293934,Edubini,POZ1
#293933,Edubini,POZ1
#293930,Edubini,POZ1
#293928,Edubini,POZ1
#293927,Edubini,POZ1
#293926,Edubini,POZ1
#293924,Edubini,POZ1
#293922,Edubini,POZ1
#293921,Edubini,POZ1
#293920,Edubini,POZ1
#293918,Edubini,POZ1
#293917,Edubini,POZ1
#293916,Edubini,POZ1
#293915,Edubini,POZ1
#293914,Edubini,POZ1
#293912,Edubini,POZ1
#293909,Edubini,POZ1
#293908,Edubini,POZ1
#293907,Edubini,POZ1
#293906,Edubini,POZ1
#293905,Edubini,POZ1
#293904,Edubini,POZ1
#293903,Edubini,POZ1
#293902,Edubini,POZ1
#293901,Edubini,POZ1
#293900,Edubini,POZ1
#293899,Edubini,POZ1
#293898,Edubini,POZ1
#293897,Edubini,POZ1
#293896,Edubini,POZ1
#293895,Edubini,POZ1
#293891,Edubini,POZ1
#293890,Edubini,POZ1
#293889,Edubini,POZ1
#293887,Edubini,POZ1
#293885,Edubini,POZ1
#293884,Edubini,POZ1
#293883,Edubini,POZ1
#293881,Edubini,POZ1
#293880,Edubini,POZ1
#293879,Edubini,POZ1
#293877,Edubini,POZ1
#293875,Edubini,POZ1
#293874,Edubini,POZ1
#293873,Edubini,POZ1
#293872,Edubini,POZ1
#293871,Edubini,POZ1
#293870,Edubini,POZ1
#293869,Edubini,POZ1
#891803,FACTS,POZ1
#891802,FACTS,POZ1
#891800,FACTS,POZ1
#891801,FACTS,POZ1
#891799,FACTS,POZ1
#891798,FACTS,POZ1
B2C000805,FACTS,POZ1
#891797,FACTS,POZ1
#891796,FACTS,POZ1
#891795,FACTS,POZ1
#891794,FACTS,POZ1
#891793,FACTS,POZ1
#891792,FACTS,POZ1
#891791,FACTS,POZ1
#891789,FACTS,POZ1
#891790,FACTS,POZ1
#891788,FACTS,POZ1
#891787,FACTS,POZ1
#891786,FACTS,POZ1
#891785,FACTS,POZ1
#891784,FACTS,POZ1
#891783,FACTS,POZ1
#891782,FACTS,POZ1
#891781,FACTS,POZ1
#891778,FACTS,POZ1
#891780,FACTS,POZ1
#891779,FACTS,POZ1
#891777,FACTS,POZ1
B2C000065,FACTS,POZ1
B2C000064,FACTS,POZ1
B2C000063,FACTS,POZ1
B2C000062,FACTS,POZ1
#891776,FACTS,POZ1
#891775,FACTS,POZ1
#891774,FACTS,POZ1
B2C000061,FACTS,POZ1
B2C000060,FACTS,POZ1
B2C000059,FACTS,POZ1
B2C000058,FACTS,POZ1
#891773,FACTS,POZ1
#891772,FACTS,POZ1
#891771,FACTS,POZ1
#891770,FACTS,POZ1
#891769,FACTS,POZ1
#891768,FACTS,POZ1
#891767,FACTS,POZ1
B2B000023,FACTS,POZ1
B2C000057,FACTS,POZ1
B2C000056,FACTS,POZ1
B2C000055,FACTS,POZ1
#43126,Femipure,POZ1
#43125,Femipure,POZ1
#43124,Femipure,POZ1
#43123,Femipure,POZ1
#43122,Femipure,POZ1
#43121,Femipure,POZ1
#43120,Femipure,POZ1
#43119,Femipure,POZ1
#43118,Femipure,POZ1
#43117,Femipure,POZ1
#43116,Femipure,POZ1
#43115,Femipure,POZ1
#43114,Femipure,POZ1
#43113,Femipure,POZ1
#43112,Femipure,POZ1
#43110,Femipure,POZ1
#43111,Femipure,POZ1
#43109,Femipure,POZ1
#43108,Femipure,POZ1
#43107,Femipure,POZ1
#43106,Femipure,POZ1
#43105,Femipure,POZ1
#43104,Femipure,POZ1
#43103,Femipure,POZ1
#43102,Femipure,POZ1
#43101,Femipure,POZ1
#43100,Femipure,POZ1
#43099,Femipure,POZ1
#43098,Femipure,POZ1
#43097,Femipure,POZ1
#43096,Femipure,POZ1
#43095,Femipure,POZ1
#43094,Femipure,POZ1
#43093,Femipure,POZ1
#43092,Femipure,POZ1
#43091,Femipure,POZ1
#43090,Femipure,POZ1
#43089,Femipure,POZ1
#43088,Femipure,POZ1
#43087,Femipure,POZ1
#43086,Femipure,POZ1
#43085,Femipure,POZ1
#43084,Femipure,POZ1
#43083,Femipure,POZ1
#43082,Femipure,POZ1
#43081,Femipure,POZ1
#43080,Femipure,POZ1
#43079,Femipure,POZ1
#43078,Femipure,POZ1
#43077,Femipure,POZ1
FR1260828,HOLY Softdrinks GmbH,POZ1
DE13920190,HOLY Softdrinks GmbH,POZ1
FR1260827,HOLY Softdrinks GmbH,POZ1
FR1260826,HOLY Softdrinks GmbH,POZ1
DE13920189,HOLY Softdrinks GmbH,POZ1
PL95896,HOLY Softdrinks GmbH,POZ1
DE13920188,HOLY Softdrinks GmbH,POZ1
PL95895,HOLY Softdrinks GmbH,POZ1
FR1260825,HOLY Softdrinks GmbH,POZ1
PL95894,HOLY Softdrinks GmbH,POZ1
DE13920187,HOLY Softdrinks GmbH,POZ1
FR1260824,HOLY Softdrinks GmbH,POZ1
DE13920186,HOLY Softdrinks GmbH,POZ1
FR1260823,HOLY Softdrinks GmbH,POZ1
DE13920185,HOLY Softdrinks GmbH,POZ1
FR1260822,HOLY Softdrinks GmbH,POZ1
DE13920184,HOLY Softdrinks GmbH,POZ1
DE13920183,HOLY Softdrinks GmbH,POZ1
FR1260821,HOLY Softdrinks GmbH,POZ1
DE13920182,HOLY Softdrinks GmbH,POZ1
FR1260820,HOLY Softdrinks GmbH,POZ1
028-3818176-4336349,HOLY Softdrinks GmbH,POZ1
FR1260819,HOLY Softdrinks GmbH,POZ1
DE13920181,HOLY Softdrinks GmbH,POZ1
DE13920180,HOLY Softdrinks GmbH,POZ1
DE13920179,HOLY Softdrinks GmbH,POZ1
FR1260818,HOLY Softdrinks GmbH,POZ1
FR1260817,HOLY Softdrinks GmbH,POZ1
DE13920178,HOLY Softdrinks GmbH,POZ1
FR1260816,HOLY Softdrinks GmbH,POZ1
DE13920177,HOLY Softdrinks GmbH,POZ1
DE13920176,HOLY Softdrinks GmbH,POZ1
FR1260815,HOLY Softdrinks GmbH,POZ1
DE13920175,HOLY Softdrinks GmbH,POZ1
306-3449334-7601969,HOLY Softdrinks GmbH,POZ1
PL95893,HOLY Softdrinks GmbH,POZ1
DE13920174,HOLY Softdrinks GmbH,POZ1
FR1260814,HOLY Softdrinks GmbH,POZ1
DE13920173,HOLY Softdrinks GmbH,POZ1
DE13920172,HOLY Softdrinks GmbH,POZ1
DE13920171,HOLY Softdrinks GmbH,POZ1
FR1260813,HOLY Softdrinks GmbH,POZ1
FR1260812,HOLY Softdrinks GmbH,POZ1
PL95892,HOLY Softdrinks GmbH,POZ1
DE13920170,HOLY Softdrinks GmbH,POZ1
DE13920169,HOLY Softdrinks GmbH,POZ1
DE13920168,HOLY Softdrinks GmbH,POZ1
PL95891,HOLY Softdrinks GmbH,POZ1
FR1260811,HOLY Softdrinks GmbH,POZ1
FR1260810,HOLY Softdrinks GmbH,POZ1
#HGIT39501,Happyglam,POZ1
#HGIT39500,Happyglam,POZ1
#HGIT39498,Happyglam,POZ1
#HGIT39497,Happyglam,POZ1
#HGIT39496,Happyglam,POZ1
B2C000007,Happyglam,POZ1
#HGIT39491,Happyglam,POZ1
#HGIT39489,Happyglam,POZ1
#HGIT39488,Happyglam,POZ1
#HGIT39486,Happyglam,POZ1
#HGIT39485,Happyglam,POZ1
#HGIT39483,Happyglam,POZ1
#HGIT39482,Happyglam,POZ1
#HGIT39479,Happyglam,POZ1
#HGIT39476,Happyglam,POZ1
#HGIT39475,Happyglam,POZ1
#HGIT39473,Happyglam,POZ1
#HGIT39472,Happyglam,POZ1
#HGIT39471,Happyglam,POZ1
#HGIT39470,Happyglam,POZ1
#HGIT39469,Happyglam,POZ1
#HGIT39468,Happyglam,POZ1
#HGIT39466,Happyglam,POZ1
#HGIT39465,Happyglam,POZ1
#HGIT39463,Happyglam,POZ1
B2C000006,Happyglam,POZ1
#HGIT39462,Happyglam,POZ1
#HGIT39461,Happyglam,POZ1
#HGIT39460,Happyglam,POZ1
#HGIT39459,Happyglam,POZ1
#HGIT39456,Happyglam,POZ1
#HGIT39455,Happyglam,POZ1
#HGIT39453,Happyglam,POZ1
#HGIT39452,Happyglam,POZ1
#HGIT39451,Happyglam,POZ1
#HGIT39450,Happyglam,POZ1
#HGIT39449,Happyglam,POZ1
#HGIT39447,Happyglam,POZ1
#HGIT39448,Happyglam,POZ1
#HGIT39448,Happyglam,POZ1
B2C000002,Happyglam,POZ1
#HGIT39447,Happyglam,POZ1
#HGIT39446,Happyglam,POZ1
#HGIT39445,Happyglam,POZ1
#HGIT39444,Happyglam,POZ1
#HGIT39443,Happyglam,POZ1
#HGIT39441,Happyglam,POZ1
#HGIT39438,Happyglam,POZ1
#HGIT39437,Happyglam,POZ1
#HGIT39436,Happyglam,POZ1
#HBDE2078465,HelloBody,POZ1
#HBDE2078464,HelloBody,POZ1
#HBDE2078463,HelloBody,POZ1
#HBDE2078462,HelloBody,POZ1
#HBDE2078461,HelloBody,POZ1
#HBDE2078460,HelloBody,POZ1
#HBDE2078459,HelloBody,POZ1
#HBDE2078458,HelloBody,POZ1
#HBDE2078457,HelloBody,POZ1
#HBDE2078456,HelloBody,POZ1
#HBDE2078455,HelloBody,POZ1
#HBDE2078454,HelloBody,POZ1
#HBDE2078453,HelloBody,POZ1
#HBDE2078452,HelloBody,POZ1
#HBDE2078451,HelloBody,POZ1
#HBDE2078450,HelloBody,POZ1
#HBDE2078449,HelloBody,POZ1
#HBDE2078448,HelloBody,POZ1
#HBDE2078447,HelloBody,POZ1
#HBDE2078446,HelloBody,POZ1
#HBDE2078445,HelloBody,POZ1
#HBDE2078444,HelloBody,POZ1
#HBDE2078443,HelloBody,POZ1
#HBDE2078442,HelloBody,POZ1
#HBDE2078441,HelloBody,POZ1
#HBDE2078440,HelloBody,POZ1
#HBDE2078439,HelloBody,POZ1
#HBDE2078438,HelloBody,POZ1
#HBDE2078437,HelloBody,POZ1
#HBDE2078436,HelloBody,POZ1
#HBDE2078435,HelloBody,POZ1
#HBDE2078434,HelloBody,POZ1
#HBDE2078433,HelloBody,POZ1
#HBDE2078432,HelloBody,POZ1
#HBDE2078431,HelloBody,POZ1
#HBDE2078430,HelloBody,POZ1
#HBDE2078429,HelloBody,POZ1
#HBDE2078428,HelloBody,POZ1
#HBDE2078427,HelloBody,POZ1
#HBDE2078426,HelloBody,POZ1
#HBDE2078425,HelloBody,POZ1
#HBDE2078424,HelloBody,POZ1
#HBDE2078423,HelloBody,POZ1
#HBDE2078422,HelloBody,POZ1
#HBDE2078421,HelloBody,POZ1
#HBDE2078420,HelloBody,POZ1
#HBDE2078419,HelloBody,POZ1
#HBDE2078418,HelloBody,POZ1
#HBDE2078417,HelloBody,POZ1
#HBDE2078416,HelloBody,POZ1
2520,Hive Standard Material,POZ1
2518,Hive Standard Material,POZ1
2512,Hive Standard Material,POZ1
2474,Hive Standard Material,POZ1
2461,Hive Standard Material,POZ1
2460,Hive Standard Material,POZ1
2442,Hive Standard Material,POZ1
2439,Hive Standard Material,POZ1
2432,Hive Standard Material,POZ1
2423,Hive Standard Material,POZ1
2421,Hive Standard Material,POZ1
2374,Hive Standard Material,POZ1
2362,Hive Standard Material,POZ1
2354,Hive Standard Material,POZ1
2353,Hive Standard Material,POZ1
2325,Hive Standard Material,POZ1
2320,Hive Standard Material,POZ1
2304,Hive Standard Material,POZ1
2217,Hive Standard Material,POZ1
2096,Hive Standard Material,POZ1
1984,Hive Standard Material,POZ1
1882,Hive Standard Material,POZ1
16572762281,Ipanema Beauty,POZ1
16572752281,Ipanema Beauty,POZ1
VA104124437,Ipanema Beauty,POZ1
VA104123437,Ipanema Beauty,POZ1
VA104122437,Ipanema Beauty,POZ1
VA104121437,Ipanema Beauty,POZ1
VA104120437,Ipanema Beauty,POZ1
16572751281,Ipanema Beauty,POZ1
VA104119437,Ipanema Beauty,POZ1
16572750281,Ipanema Beauty,POZ1
VA104118437,Ipanema Beauty,POZ1
16572749281,Ipanema Beauty,POZ1
VA104117437,Ipanema Beauty,POZ1
VA104116437,Ipanema Beauty,POZ1
VA104115437,Ipanema Beauty,POZ1
16572748281,Ipanema Beauty,POZ1
VA104114437,Ipanema Beauty,POZ1
VA104113437,Ipanema Beauty,POZ1
303-2579899-5497105,Ipanema Beauty,POZ1
VA104112437,Ipanema Beauty,POZ1
16572747281,Ipanema Beauty,POZ1
VA104111437,Ipanema Beauty,POZ1
VA104110437,Ipanema Beauty,POZ1
VA104109437,Ipanema Beauty,POZ1
VA104108437,Ipanema Beauty,POZ1
16572746281,Ipanema Beauty,POZ1
VA104107437,Ipanema Beauty,POZ1
VA104106437,Ipanema Beauty,POZ1
VA104105437,Ipanema Beauty,POZ1
VA104104437,Ipanema Beauty,POZ1
16572745281,Ipanema Beauty,POZ1
16572744281,Ipanema Beauty,POZ1
16572743281,Ipanema Beauty,POZ1
VA104103437,Ipanema Beauty,POZ1
16572742281,Ipanema Beauty,POZ1
VA104102437,Ipanema Beauty,POZ1
16572741281,Ipanema Beauty,POZ1
VA104101437,Ipanema Beauty,POZ1
VA104100437,Ipanema Beauty,POZ1
16572740281,Ipanema Beauty,POZ1
VA104099437,Ipanema Beauty,POZ1
2052,Ipanema Beauty,POZ1
16572739281,Ipanema Beauty,POZ1
16572738281,Ipanema Beauty,POZ1
VA104098437,Ipanema Beauty,POZ1
16572737281,Ipanema Beauty,POZ1
VA104097437,Ipanema Beauty,POZ1
16572736281,Ipanema Beauty,POZ1
VA104096437,Ipanema Beauty,POZ1
16572735281,Ipanema Beauty,POZ1
#674885,Jacks Beauty Line,POZ1
#674884,Jacks Beauty Line,POZ1
#674883,Jacks Beauty Line,POZ1
#674882,Jacks Beauty Line,POZ1
#674881,Jacks Beauty Line,POZ1
#674880,Jacks Beauty Line,POZ1
#674879,Jacks Beauty Line,POZ1
#674878,Jacks Beauty Line,POZ1
#674876,Jacks Beauty Line,POZ1
#674875,Jacks Beauty Line,POZ1
#674874,Jacks Beauty Line,POZ1
#674873,Jacks Beauty Line,POZ1
#674872,Jacks Beauty Line,POZ1
#674871,Jacks Beauty Line,POZ1
#674870,Jacks Beauty Line,POZ1
#674869,Jacks Beauty Line,POZ1
#674868,Jacks Beauty Line,POZ1
#674866,Jacks Beauty Line,POZ1
#674865,Jacks Beauty Line,POZ1
#674864,Jacks Beauty Line,POZ1
#674863,Jacks Beauty Line,POZ1
#674862,Jacks Beauty Line,POZ1
#674861,Jacks Beauty Line,POZ1
#674860,Jacks Beauty Line,POZ1
#674859,Jacks Beauty Line,POZ1
#674857,Jacks Beauty Line,POZ1
#674856,Jacks Beauty Line,POZ1
#674855,Jacks Beauty Line,POZ1
#674854,Jacks Beauty Line,POZ1
#674853,Jacks Beauty Line,POZ1
#674851,Jacks Beauty Line,POZ1
#674850,Jacks Beauty Line,POZ1
#674849,Jacks Beauty Line,POZ1
#674848,Jacks Beauty Line,POZ1
#674847,Jacks Beauty Line,POZ1
#674846,Jacks Beauty Line,POZ1
#674845,Jacks Beauty Line,POZ1
#674843,Jacks Beauty Line,POZ1
#674842,Jacks Beauty Line,POZ1
#674841,Jacks Beauty Line,POZ1
#674840,Jacks Beauty Line,POZ1
#674839,Jacks Beauty Line,POZ1
#674838,Jacks Beauty Line,POZ1
#674837,Jacks Beauty Line,POZ1
#674836,Jacks Beauty Line,POZ1
#674835,Jacks Beauty Line,POZ1
#674834,Jacks Beauty Line,POZ1
#674832,Jacks Beauty Line,POZ1
#674831,Jacks Beauty Line,POZ1
#674830,Jacks Beauty Line,POZ1
#2968,KERAZUL,POZ1
#2967,KERAZUL,POZ1
#2966,KERAZUL,POZ1
#2965,KERAZUL,POZ1
#2964,KERAZUL,POZ1
#2963,KERAZUL,POZ1
#2962,KERAZUL,POZ1
#2961,KERAZUL,POZ1
#2960,KERAZUL,POZ1
#2959,KERAZUL,POZ1
#2958,KERAZUL,POZ1
#2957,KERAZUL,POZ1
#2956,KERAZUL,POZ1
#2955,KERAZUL,POZ1
#2954,KERAZUL,POZ1
#2953,KERAZUL,POZ1
#2952,KERAZUL,POZ1
#2951,KERAZUL,POZ1
#2950,KERAZUL,POZ1
#2949,KERAZUL,POZ1
#2948,KERAZUL,POZ1
#2947,KERAZUL,POZ1
#2946,KERAZUL,POZ1
#2945,KERAZUL,POZ1
#2944,KERAZUL,POZ1
#2943,KERAZUL,POZ1
#2942,KERAZUL,POZ1
#2941,KERAZUL,POZ1
#2940,KERAZUL,POZ1
#2939,KERAZUL,POZ1
#2938,KERAZUL,POZ1
#2937,KERAZUL,POZ1
#2936,KERAZUL,POZ1
#2935,KERAZUL,POZ1
#2934,KERAZUL,POZ1
#2933,KERAZUL,POZ1
#2932,KERAZUL,POZ1
#2931,KERAZUL,POZ1
#2930,KERAZUL,POZ1
#2929,KERAZUL,POZ1
#2928,KERAZUL,POZ1
#2927,KERAZUL,POZ1
#2926,KERAZUL,POZ1
#2925,KERAZUL,POZ1
#2924,KERAZUL,POZ1
#2923,KERAZUL,POZ1
#2922,KERAZUL,POZ1
#2921,KERAZUL,POZ1
#2920,KERAZUL,POZ1
#2919,KERAZUL,POZ1
#7808,Kaia & More,POZ1
#7807,Kaia & More,POZ1
#7806,Kaia & More,POZ1
#7805,Kaia & More,POZ1
#7804,Kaia & More,POZ1
#7803,Kaia & More,POZ1
#7802,Kaia & More,POZ1
#7801,Kaia & More,POZ1
#7800,Kaia & More,POZ1
#7799,Kaia & More,POZ1
#7798,Kaia & More,POZ1
#7797,Kaia & More,POZ1
#7796,Kaia & More,POZ1
#7795,Kaia & More,POZ1
#7794,Kaia & More,POZ1
#7793,Kaia & More,POZ1
#7792,Kaia & More,POZ1
#7791,Kaia & More,POZ1
#7790,Kaia & More,POZ1
#7789,Kaia & More,POZ1
#7788,Kaia & More,POZ1
#7787,Kaia & More,POZ1
#7786,Kaia & More,POZ1
#7785,Kaia & More,POZ1
#7784,Kaia & More,POZ1
#7783,Kaia & More,POZ1
#7782,Kaia & More,POZ1
#7781,Kaia & More,POZ1
#7780,Kaia & More,POZ1
#7779,Kaia & More,POZ1
#7778,Kaia & More,POZ1
#7777,Kaia & More,POZ1
#7776,Kaia & More,POZ1
#7775,Kaia & More,POZ1
#7774,Kaia & More,POZ1
#7773,Kaia & More,POZ1
#7772,Kaia & More,POZ1
#7771,Kaia & More,POZ1
#7770,Kaia & More,POZ1
#7769,Kaia & More,POZ1
#7768,Kaia & More,POZ1
#7767,Kaia & More,POZ1
#7766,Kaia & More,POZ1
#7765,Kaia & More,POZ1
#7764,Kaia & More,POZ1
#7763,Kaia & More,POZ1
#7762,Kaia & More,POZ1
#7761,Kaia & More,POZ1
#7760,Kaia & More,POZ1
#7759,Kaia & More,POZ1
1887,Kerbholz,POZ1
BE241414539KESS,Kess Berlin,POZ1
BE241414536KESS,Kess Berlin,POZ1
BE241414535KESS,Kess Berlin,POZ1
BE241414534KESS,Kess Berlin,POZ1
BE241414532KESS,Kess Berlin,POZ1
BE241414531KESS,Kess Berlin,POZ1
BE241414529KESS,Kess Berlin,POZ1
COM2481500KESS,Kess Berlin,POZ1
BE241414525KESS,Kess Berlin,POZ1
BE241414523KESS,Kess Berlin,POZ1
BE241414522KESS,Kess Berlin,POZ1
BE241414519KESS,Kess Berlin,POZ1
BE241414517KESS,Kess Berlin,POZ1
BE241414516KESS,Kess Berlin,POZ1
BE241414515KESS,Kess Berlin,POZ1
BE241414514KESS,Kess Berlin,POZ1
BE241414509KESS,Kess Berlin,POZ1
BE241414503KESS,Kess Berlin,POZ1
BE241414504KESS,Kess Berlin,POZ1
BE241414501KESS,Kess Berlin,POZ1
BE241414499KESS,Kess Berlin,POZ1
BE241414497KESS,Kess Berlin,POZ1
BE241414495KESS,Kess Berlin,POZ1
COM2481497KESS,Kess Berlin,POZ1
BE241414493KESS,Kess Berlin,POZ1
BE241414492KESS,Kess Berlin,POZ1
BE241414490KESS,Kess Berlin,POZ1
BE241414486KESS,Kess Berlin,POZ1
BE241414483KESS,Kess Berlin,POZ1
BE241414482KESS,Kess Berlin,POZ1
BE241414481KESS,Kess Berlin,POZ1
BE241414480KESS,Kess Berlin,POZ1
BE241414479KESS,Kess Berlin,POZ1
BE241414478KESS,Kess Berlin,POZ1
BE241414476KESS,Kess Berlin,POZ1
BE241414475KESS,Kess Berlin,POZ1
BE241414474KESS,Kess Berlin,POZ1
BE241414472KESS,Kess Berlin,POZ1
BE241414471KESS,Kess Berlin,POZ1
BE241414470KESS,Kess Berlin,POZ1
BE241414469KESS,Kess Berlin,POZ1
BE241414467KESS,Kess Berlin,POZ1
BE241414466KESS,Kess Berlin,POZ1
BE241414465KESS,Kess Berlin,POZ1
BE241414464KESS,Kess Berlin,POZ1
COM2481490KESS,Kess Berlin,POZ1
BE241414462KESS,Kess Berlin,POZ1
BE241414459KESS,Kess Berlin,POZ1
BE241414456KESS,Kess Berlin,POZ1
BE241414455KESS,Kess Berlin,POZ1
#LF94022,Lefaya,POZ1
#LF94014,Lefaya,POZ1
#LF94012,Lefaya,POZ1
#LF94006,Lefaya,POZ1
#LF93982,Lefaya,POZ1
#LF93963,Lefaya,POZ1
#LF93957,Lefaya,POZ1
#LF93945,Lefaya,POZ1
#LF93944,Lefaya,POZ1
#LF93943,Lefaya,POZ1
#LF93942,Lefaya,POZ1
#LF93941,Lefaya,POZ1
#LF93940,Lefaya,POZ1
#LF93939,Lefaya,POZ1
#LF93938,Lefaya,POZ1
#LF93937,Lefaya,POZ1
#LF93936,Lefaya,POZ1
#LF93935,Lefaya,POZ1
#LF93934,Lefaya,POZ1
#LF93933,Lefaya,POZ1
#LF93932,Lefaya,POZ1
#LF93931,Lefaya,POZ1
#LF93930,Lefaya,POZ1
#LF93929,Lefaya,POZ1
#LF93928,Lefaya,POZ1
#LF93927,Lefaya,POZ1
#LF93926,Lefaya,POZ1
#LF93925,Lefaya,POZ1
#LF93924,Lefaya,POZ1
#LF93923,Lefaya,POZ1
#LF93922,Lefaya,POZ1
#LF93921,Lefaya,POZ1
#LF93920,Lefaya,POZ1
#LF93919,Lefaya,POZ1
#LF93918,Lefaya,POZ1
#LF93917,Lefaya,POZ1
#LF93916,Lefaya,POZ1
#LF93915,Lefaya,POZ1
#LF93914,Lefaya,POZ1
#LF93913,Lefaya,POZ1
#LF93912,Lefaya,POZ1
#LF93911,Lefaya,POZ1
#LF93910,Lefaya,POZ1
#LF93909,Lefaya,POZ1
#LF93908,Lefaya,POZ1
#LF93907,Lefaya,POZ1
#LF93906,Lefaya,POZ1
#LF93905,Lefaya,POZ1
#LF93904,Lefaya,POZ1
#LF93903,Lefaya,POZ1
#10922GL,Lunette Sp z.o.o.,POZ1
#10921GL,Lunette Sp z.o.o.,POZ1
#10920GL,Lunette Sp z.o.o.,POZ1
#10919GL,Lunette Sp z.o.o.,POZ1
#10918GL,Lunette Sp z.o.o.,POZ1
#10917GL,Lunette Sp z.o.o.,POZ1
#10916GL,Lunette Sp z.o.o.,POZ1
#10915GL,Lunette Sp z.o.o.,POZ1
#10914GL,Lunette Sp z.o.o.,POZ1
#10913GL,Lunette Sp z.o.o.,POZ1
#10912GL,Lunette Sp z.o.o.,POZ1
#10911GL,Lunette Sp z.o.o.,POZ1
#10910GL,Lunette Sp z.o.o.,POZ1
#10909GL,Lunette Sp z.o.o.,POZ1
#10908GL,Lunette Sp z.o.o.,POZ1
#10907GL,Lunette Sp z.o.o.,POZ1
#10906GL,Lunette Sp z.o.o.,POZ1
#10905GL,Lunette Sp z.o.o.,POZ1
#10904GL,Lunette Sp z.o.o.,POZ1
#10903GL,Lunette Sp z.o.o.,POZ1
#10902GL,Lunette Sp z.o.o.,POZ1
#10901GL,Lunette Sp z.o.o.,POZ1
#10900GL,Lunette Sp z.o.o.,POZ1
#10899GL,Lunette Sp z.o.o.,POZ1
#10898GL,Lunette Sp z.o.o.,POZ1
#10897GL,Lunette Sp z.o.o.,POZ1
#10896GL,Lunette Sp z.o.o.,POZ1
#10895GL,Lunette Sp z.o.o.,POZ1
#10894GL,Lunette Sp z.o.o.,POZ1
#10893GL,Lunette Sp z.o.o.,POZ1
#10892GL,Lunette Sp z.o.o.,POZ1
#10891GL,Lunette Sp z.o.o.,POZ1
#10890GL,Lunette Sp z.o.o.,POZ1
#10889GL,Lunette Sp z.o.o.,POZ1
#10888GL,Lunette Sp z.o.o.,POZ1
#10887GL,Lunette Sp z.o.o.,POZ1
#10886GL,Lunette Sp z.o.o.,POZ1
#10885GL,Lunette Sp z.o.o.,POZ1
#10884GL,Lunette Sp z.o.o.,POZ1
#10883GL,Lunette Sp z.o.o.,POZ1
#10882GL,Lunette Sp z.o.o.,POZ1
#10881GL,Lunette Sp z.o.o.,POZ1
#10880GL,Lunette Sp z.o.o.,POZ1
#10879GL,Lunette Sp z.o.o.,POZ1
#10878GL,Lunette Sp z.o.o.,POZ1
#10877GL,Lunette Sp z.o.o.,POZ1
#10876GL,Lunette Sp z.o.o.,POZ1
#10875GL,Lunette Sp z.o.o.,POZ1
#10874GL,Lunette Sp z.o.o.,POZ1
#10873GL,Lunette Sp z.o.o.,POZ1
273307,My Rapunzel,POZ1
273298,My Rapunzel,POZ1
273285,My Rapunzel,POZ1
273276,My Rapunzel,POZ1
273273,My Rapunzel,POZ1
273271,My Rapunzel,POZ1
273260,My Rapunzel,POZ1
273259,My Rapunzel,POZ1
273257,My Rapunzel,POZ1
273255,My Rapunzel,POZ1
273251,My Rapunzel,POZ1
273248,My Rapunzel,POZ1
273247,My Rapunzel,POZ1
273245,My Rapunzel,POZ1
273244,My Rapunzel,POZ1
273242,My Rapunzel,POZ1
273238,My Rapunzel,POZ1
273234,My Rapunzel,POZ1
273227,My Rapunzel,POZ1
273226,My Rapunzel,POZ1
273222,My Rapunzel,POZ1
273221,My Rapunzel,POZ1
#MRINT2931,My Rapunzel,POZ1
273214,My Rapunzel,POZ1
273209,My Rapunzel,POZ1
273203,My Rapunzel,POZ1
273202,My Rapunzel,POZ1
273195,My Rapunzel,POZ1
273192,My Rapunzel,POZ1
273185,My Rapunzel,POZ1
273179,My Rapunzel,POZ1
273175,My Rapunzel,POZ1
273171,My Rapunzel,POZ1
273169,My Rapunzel,POZ1
273168,My Rapunzel,POZ1
273167,My Rapunzel,POZ1
273165,My Rapunzel,POZ1
273160,My Rapunzel,POZ1
273156,My Rapunzel,POZ1
273153,My Rapunzel,POZ1
273152,My Rapunzel,POZ1
273151,My Rapunzel,POZ1
273150,My Rapunzel,POZ1
273146,My Rapunzel,POZ1
273143,My Rapunzel,POZ1
273142,My Rapunzel,POZ1
273134,My Rapunzel,POZ1
273133,My Rapunzel,POZ1
273129,My Rapunzel,POZ1
273128,My Rapunzel,POZ1
149534,NIRA,POZ1
149532,NIRA,POZ1
149531,NIRA,POZ1
149530,NIRA,POZ1
149529,NIRA,POZ1
149527,NIRA,POZ1
149526,NIRA,POZ1
149525,NIRA,POZ1
149524,NIRA,POZ1
149523,NIRA,POZ1
149522,NIRA,POZ1
149521,NIRA,POZ1
149520,NIRA,POZ1
149519,NIRA,POZ1
149518,NIRA,POZ1
149517,NIRA,POZ1
149515,NIRA,POZ1
149514,NIRA,POZ1
149513,NIRA,POZ1
149511,NIRA,POZ1
149510,NIRA,POZ1
149506,NIRA,POZ1
149505,NIRA,POZ1
149504,NIRA,POZ1
149503,NIRA,POZ1
149502,NIRA,POZ1
149501,NIRA,POZ1
149500,NIRA,POZ1
149499,NIRA,POZ1
149498,NIRA,POZ1
149497,NIRA,POZ1
149496,NIRA,POZ1
149495,NIRA,POZ1
149494,NIRA,POZ1
149493,NIRA,POZ1
149492,NIRA,POZ1
149491,NIRA,POZ1
149490,NIRA,POZ1
149488,NIRA,POZ1
149487,NIRA,POZ1
149485,NIRA,POZ1
149484,NIRA,POZ1
149483,NIRA,POZ1
149481,NIRA,POZ1
149479,NIRA,POZ1
149474,NIRA,POZ1
149473,NIRA,POZ1
149471,NIRA,POZ1
149470,NIRA,POZ1
149469,NIRA,POZ1
#63288,Naturaleza,POZ1
#63287,Naturaleza,POZ1
#63286,Naturaleza,POZ1
#63285,Naturaleza,POZ1
#63284,Naturaleza,POZ1
#63283,Naturaleza,POZ1
#63282,Naturaleza,POZ1
#63281,Naturaleza,POZ1
#63280,Naturaleza,POZ1
#63279,Naturaleza,POZ1
#63278,Naturaleza,POZ1
#63277,Naturaleza,POZ1
#63276,Naturaleza,POZ1
#63275,Naturaleza,POZ1
#63274,Naturaleza,POZ1
#63273,Naturaleza,POZ1
#63272,Naturaleza,POZ1
#63271,Naturaleza,POZ1
#63270,Naturaleza,POZ1
#63269,Naturaleza,POZ1
#63268,Naturaleza,POZ1
#63267,Naturaleza,POZ1
#63266,Naturaleza,POZ1
#63265,Naturaleza,POZ1
#63264,Naturaleza,POZ1
#63263,Naturaleza,POZ1
#63262,Naturaleza,POZ1
#63261,Naturaleza,POZ1
#63260,Naturaleza,POZ1
#63259,Naturaleza,POZ1
#63258,Naturaleza,POZ1
#63257,Naturaleza,POZ1
#63256,Naturaleza,POZ1
#63255,Naturaleza,POZ1
#63254,Naturaleza,POZ1
#63253,Naturaleza,POZ1
#63252,Naturaleza,POZ1
#63251,Naturaleza,POZ1
#63250,Naturaleza,POZ1
#63249,Naturaleza,POZ1
#63248,Naturaleza,POZ1
#63247,Naturaleza,POZ1
#63246,Naturaleza,POZ1
#63245,Naturaleza,POZ1
#63244,Naturaleza,POZ1
#63243,Naturaleza,POZ1
#63242,Naturaleza,POZ1
#63241,Naturaleza,POZ1
#63240,Naturaleza,POZ1
#63239,Naturaleza,POZ1
#15198,Nordmut,POZ1
#15023,Nordmut,POZ1
#14827,Nordmut,POZ1
#14783,Nordmut,POZ1
#14747,Nordmut,POZ1
#14736,Nordmut,POZ1
#14684,Nordmut,POZ1
#14603,Nordmut,POZ1
#14578,Nordmut,POZ1
#14568,Nordmut,POZ1
#14563,Nordmut,POZ1
#14496,Nordmut,POZ1
#14483,Nordmut,POZ1
#14477,Nordmut,POZ1
302-9990064-9053138,Nordmut,POZ1
#14445,Nordmut,POZ1
#14424,Nordmut,POZ1
#14390,Nordmut,POZ1
#14338,Nordmut,POZ1
#14228,Nordmut,POZ1
#14100,Nordmut,POZ1
#14039,Nordmut,POZ1
#14037,Nordmut,POZ1
#13979,Nordmut,POZ1
#13974,Nordmut,POZ1
#13929,Nordmut,POZ1
#13865,Nordmut,POZ1
#13846,Nordmut,POZ1
#13837,Nordmut,POZ1
#13752,Nordmut,POZ1
#13741,Nordmut,POZ1
#13730,Nordmut,POZ1
#13665,Nordmut,POZ1
#13481,Nordmut,POZ1
#13468,Nordmut,POZ1
#13464,Nordmut,POZ1
#13434,Nordmut,POZ1
#13427,Nordmut,POZ1
#13406,Nordmut,POZ1
#13379,Nordmut,POZ1
#13370,Nordmut,POZ1
#13337,Nordmut,POZ1
#13334,Nordmut,POZ1
#13315,Nordmut,POZ1
#13291,Nordmut,POZ1
#13277,Nordmut,POZ1
#13272,Nordmut,POZ1
#13265,Nordmut,POZ1
#13232,Nordmut,POZ1
#13230,Nordmut,POZ1
2875,Numb Global,POZ1
#171143,Onlyfresh,POZ1
#171109,Onlyfresh,POZ1
#171085,Onlyfresh,POZ1
#171037,Onlyfresh,POZ1
#171001,Onlyfresh,POZ1
#170990,Onlyfresh,POZ1
169872R,Onlyfresh,POZ1
168229R,Onlyfresh,POZ1
#170870,Onlyfresh,POZ1
#170816,Onlyfresh,POZ1
#170804,Onlyfresh,POZ1
#170756,Onlyfresh,POZ1
#170730,Onlyfresh,POZ1
#170728,Onlyfresh,POZ1
#170723,Onlyfresh,POZ1
#170706,Onlyfresh,POZ1
#170704,Onlyfresh,POZ1
168280R,Onlyfresh,POZ1
#170628,Onlyfresh,POZ1
#170623,Onlyfresh,POZ1
#170612,Onlyfresh,POZ1
#170611,Onlyfresh,POZ1
#170595,Onlyfresh,POZ1
#170581,Onlyfresh,POZ1
#170511,Onlyfresh,POZ1
#170504,Onlyfresh,POZ1
#170477,Onlyfresh,POZ1
#170458,Onlyfresh,POZ1
#170452,Onlyfresh,POZ1
#170437,Onlyfresh,POZ1
#170410,Onlyfresh,POZ1
#170385,Onlyfresh,POZ1
#170380,Onlyfresh,POZ1
#170346,Onlyfresh,POZ1
#170341,Onlyfresh,POZ1
#170335,Onlyfresh,POZ1
#170321,Onlyfresh,POZ1
#170288,Onlyfresh,POZ1
#170284,Onlyfresh,POZ1
#170247,Onlyfresh,POZ1
#170226,Onlyfresh,POZ1
#170210,Onlyfresh,POZ1
#170209,Onlyfresh,POZ1
#170109,Onlyfresh,POZ1
#170059,Onlyfresh,POZ1
#169917,Onlyfresh,POZ1
#169888,Onlyfresh,POZ1
#169872,Onlyfresh,POZ1
#169840,Onlyfresh,POZ1
#169828,Onlyfresh,POZ1
#166915,Pick'em Gmbh,POZ1
B2C000232,Pick'em Gmbh,POZ1
#166874,Pick'em Gmbh,POZ1
#166842,Pick'em Gmbh,POZ1
#166831,Pick'em Gmbh,POZ1
#166819,Pick'em Gmbh,POZ1
#166803,Pick'em Gmbh,POZ1
#166799,Pick'em Gmbh,POZ1
#166790,Pick'em Gmbh,POZ1
#166789,Pick'em Gmbh,POZ1
#166779,Pick'em Gmbh,POZ1
#166774,Pick'em Gmbh,POZ1
#166764,Pick'em Gmbh,POZ1
#166763,Pick'em Gmbh,POZ1
#166755,Pick'em Gmbh,POZ1
#166753,Pick'em Gmbh,POZ1
#166712,Pick'em Gmbh,POZ1
#166689,Pick'em Gmbh,POZ1
#166687,Pick'em Gmbh,POZ1
#166682,Pick'em Gmbh,POZ1
#166681,Pick'em Gmbh,POZ1
#166680,Pick'em Gmbh,POZ1
#166679,Pick'em Gmbh,POZ1
#166670,Pick'em Gmbh,POZ1
B2C000231,Pick'em Gmbh,POZ1
B2C000230,Pick'em Gmbh,POZ1
#166628,Pick'em Gmbh,POZ1
#166622,Pick'em Gmbh,POZ1
#166594,Pick'em Gmbh,POZ1
#166592,Pick'em Gmbh,POZ1
#166587,Pick'em Gmbh,POZ1
#166583,Pick'em Gmbh,POZ1
#166579,Pick'em Gmbh,POZ1
#166577,Pick'em Gmbh,POZ1
B2C000229,Pick'em Gmbh,POZ1
B2C000228,Pick'em Gmbh,POZ1
#166502,Pick'em Gmbh,POZ1
#166482,Pick'em Gmbh,POZ1
#166481,Pick'em Gmbh,POZ1
#166473,Pick'em Gmbh,POZ1
#166471,Pick'em Gmbh,POZ1
#166453,Pick'em Gmbh,POZ1
#166444,Pick'em Gmbh,POZ1
#166425,Pick'em Gmbh,POZ1
#166405,Pick'em Gmbh,POZ1
#166392,Pick'em Gmbh,POZ1
#166390,Pick'em Gmbh,POZ1
#166319,Pick'em Gmbh,POZ1
#166300,Pick'em Gmbh,POZ1
#166298,Pick'em Gmbh,POZ1
27-14207-42058,Power Adapter Warehouse,POZ1
10-14228-93958,Power Adapter Warehouse,POZ1
17-14218-71859,Power Adapter Warehouse,POZ1
06-14234-49441,Power Adapter Warehouse,POZ1
06-14233-82952,Power Adapter Warehouse,POZ1
27-14203-13568,Power Adapter Warehouse,POZ1
27-14200-96940,Power Adapter Warehouse,POZ1
27-14200-59212,Power Adapter Warehouse,POZ1
02-14235-51768,Power Adapter Warehouse,POZ1
14-14217-49184,Power Adapter Warehouse,POZ1
25-14198-13432,Power Adapter Warehouse,POZ1
03-14228-18140,Power Adapter Warehouse,POZ1
15-14209-14903,Power Adapter Warehouse,POZ1
04-14224-02261,Power Adapter Warehouse,POZ1
26-14190-66909,Power Adapter Warehouse,POZ1
21-14194-13874,Power Adapter Warehouse,POZ1
03-14219-73012,Power Adapter Warehouse,POZ1
13-14205-69731,Power Adapter Warehouse,POZ1
24-14203-92619,Power Adapter Warehouse,POZ1
24-14201-53757,Power Adapter Warehouse,POZ1
23-14188-16209,Power Adapter Warehouse,POZ1
17-14195-18298,Power Adapter Warehouse,POZ1
01-14218-29123,Power Adapter Warehouse,POZ1
24-14198-06280,Power Adapter Warehouse,POZ1
23-14184-29300,Power Adapter Warehouse,POZ1
20-14187-78623,Power Adapter Warehouse,POZ1
B2B000007,Remi Health GmbH,POZ1
B2B000006,Remi Health GmbH,POZ1
B2B000005,Remi Health GmbH,POZ1
B2B000004,Remi Health GmbH,POZ1
B2B000025,Remi Health GmbH,POZ1
B2B000003,Remi Health GmbH,POZ1
DE048682,Remi Health GmbH,POZ1
DE048681,Remi Health GmbH,POZ1
DE048680,Remi Health GmbH,POZ1
DE048679,Remi Health GmbH,POZ1
DE048678,Remi Health GmbH,POZ1
B2B000002,Remi Health GmbH,POZ1
DE048677,Remi Health GmbH,POZ1
DE048676,Remi Health GmbH,POZ1
DE048675,Remi Health GmbH,POZ1
B2B000024,Remi Health GmbH,POZ1
DE048674,Remi Health GmbH,POZ1
B2B000023,Remi Health GmbH,POZ1
DE048673,Remi Health GmbH,POZ1
DE048672,Remi Health GmbH,POZ1
DE048671,Remi Health GmbH,POZ1
DE048670,Remi Health GmbH,POZ1
DE048669,Remi Health GmbH,POZ1
DE048668,Remi Health GmbH,POZ1
DE048667,Remi Health GmbH,POZ1
#9919,Remi Health GmbH,POZ1
DE048666,Remi Health GmbH,POZ1
DE048665,Remi Health GmbH,POZ1
DE048664,Remi Health GmbH,POZ1
#9918,Remi Health GmbH,POZ1
DE048663,Remi Health GmbH,POZ1
DE048662,Remi Health GmbH,POZ1
DE048661,Remi Health GmbH,POZ1
DE048660,Remi Health GmbH,POZ1
DE048659,Remi Health GmbH,POZ1
#9917,Remi Health GmbH,POZ1
DE048658,Remi Health GmbH,POZ1
DE048657,Remi Health GmbH,POZ1
#9916,Remi Health GmbH,POZ1
DE048656,Remi Health GmbH,POZ1
DE048655,Remi Health GmbH,POZ1
DE048654,Remi Health GmbH,POZ1
DE048653,Remi Health GmbH,POZ1
DE048652,Remi Health GmbH,POZ1
#9915,Remi Health GmbH,POZ1
DE048651,Remi Health GmbH,POZ1
DE048650,Remi Health GmbH,POZ1
DE048649,Remi Health GmbH,POZ1
#9914,Remi Health GmbH,POZ1
DE048648,Remi Health GmbH,POZ1
2552,Rosental Organics,POZ1
#86479-amz,Rosental Organics,POZ1
#86477-amz,Rosental Organics,POZ1
#86469-amz,Rosental Organics,POZ1
#1484736,Rosental Organics,POZ1
#1484730,Rosental Organics,POZ1
#1484729,Rosental Organics,POZ1
#1484726,Rosental Organics,POZ1
#1484724,Rosental Organics,POZ1
#95678,Rosental Organics,POZ1
#1484709,Rosental Organics,POZ1
#1484706,Rosental Organics,POZ1
#1484704,Rosental Organics,POZ1
#1484698,Rosental Organics,POZ1
#1484689,Rosental Organics,POZ1
#1484684,Rosental Organics,POZ1
#1484683,Rosental Organics,POZ1
#1484682,Rosental Organics,POZ1
#1484681,Rosental Organics,POZ1
#1484664,Rosental Organics,POZ1
#1484662,Rosental Organics,POZ1
#1484661,Rosental Organics,POZ1
#1484659,Rosental Organics,POZ1
#1484648,Rosental Organics,POZ1
#1484647,Rosental Organics,POZ1
#1484643,Rosental Organics,POZ1
#1484636,Rosental Organics,POZ1
#95670,Rosental Organics,POZ1
#1484634,Rosental Organics,POZ1
#95669,Rosental Organics,POZ1
#1484614,Rosental Organics,POZ1
#1484612,Rosental Organics,POZ1
#1484604,Rosental Organics,POZ1
#1484594,Rosental Organics,POZ1
#1484592,Rosental Organics,POZ1
#1484589,Rosental Organics,POZ1
#1484584,Rosental Organics,POZ1
#1484582,Rosental Organics,POZ1
#1484572,Rosental Organics,POZ1
#1484568,Rosental Organics,POZ1
#95665,Rosental Organics,POZ1
#1484559,Rosental Organics,POZ1
#1484556,Rosental Organics,POZ1
#1484553,Rosental Organics,POZ1
#1484551,Rosental Organics,POZ1
#1484548,Rosental Organics,POZ1
#1484537,Rosental Organics,POZ1
#1484522,Rosental Organics,POZ1
#95661,Rosental Organics,POZ1
#1484520,Rosental Organics,POZ1
#55642832,SAMPHIRE NEURO,POZ1
#55642831,SAMPHIRE NEURO,POZ1
#55642816,SAMPHIRE NEURO,POZ1
#55642810,SAMPHIRE NEURO,POZ1
#55642801,SAMPHIRE NEURO,POZ1
#55642797,SAMPHIRE NEURO,POZ1
#55642792,SAMPHIRE NEURO,POZ1
#55642784,SAMPHIRE NEURO,POZ1
#55642781,SAMPHIRE NEURO,POZ1
#55642777,SAMPHIRE NEURO,POZ1
303-9219039-5299516,SHEKO,POZ1
#971030,SHEKO,POZ1
#971028,SHEKO,POZ1
#971027,SHEKO,POZ1
305-7697356-4331543,SHEKO,POZ1
#971025,SHEKO,POZ1
302-7662307-9811540,SHEKO,POZ1
#971020,SHEKO,POZ1
#971018,SHEKO,POZ1
028-7984428-4754746,SHEKO,POZ1
#971017,SHEKO,POZ1
#971016,SHEKO,POZ1
304-4829273-7896339,SHEKO,POZ1
#971013,SHEKO,POZ1
#971011,SHEKO,POZ1
#971009,SHEKO,POZ1
#971008,SHEKO,POZ1
#971007,SHEKO,POZ1
#971005,SHEKO,POZ1
#971004,SHEKO,POZ1
#971003,SHEKO,POZ1
#971001,SHEKO,POZ1
#971000,SHEKO,POZ1
#970999,SHEKO,POZ1
#970998,SHEKO,POZ1
#970996,SHEKO,POZ1
#970995,SHEKO,POZ1
#970990,SHEKO,POZ1
#970988,SHEKO,POZ1
304-1603414-9776347,SHEKO,POZ1
#970987,SHEKO,POZ1
#970986,SHEKO,POZ1
#970985,SHEKO,POZ1
#970984,SHEKO,POZ1
#970983,SHEKO,POZ1
#970982,SHEKO,POZ1
303-4975294-1219569,SHEKO,POZ1
304-1131388-0852336,SHEKO,POZ1
#970979,SHEKO,POZ1
#970977,SHEKO,POZ1
#970976,SHEKO,POZ1
#970974,SHEKO,POZ1
302-0879221-0465141,SHEKO,POZ1
#970973,SHEKO,POZ1
#970971,SHEKO,POZ1
#970969,SHEKO,POZ1
#970966,SHEKO,POZ1
#970965,SHEKO,POZ1
#970963,SHEKO,POZ1
#970961,SHEKO,POZ1
2127107,Salted GmbH,POZ1
2127106,Salted GmbH,POZ1
2127104,Salted GmbH,POZ1
2127103,Salted GmbH,POZ1
2127102,Salted GmbH,POZ1
2127101,Salted GmbH,POZ1
2127100,Salted GmbH,POZ1
2127099,Salted GmbH,POZ1
2127098,Salted GmbH,POZ1
2127096,Salted GmbH,POZ1
2127095,Salted GmbH,POZ1
2127094,Salted GmbH,POZ1
2127093,Salted GmbH,POZ1
2127091,Salted GmbH,POZ1
2127089,Salted GmbH,POZ1
2127088,Salted GmbH,POZ1
2127087,Salted GmbH,POZ1
2127084,Salted GmbH,POZ1
2127083,Salted GmbH,POZ1
2127081,Salted GmbH,POZ1
2127079,Salted GmbH,POZ1
2127078,Salted GmbH,POZ1
2127077,Salted GmbH,POZ1
2127076,Salted GmbH,POZ1
2127075,Salted GmbH,POZ1
2127071,Salted GmbH,POZ1
2127070,Salted GmbH,POZ1
2127069,Salted GmbH,POZ1
2127068,Salted GmbH,POZ1
2127067,Salted GmbH,POZ1
2127066,Salted GmbH,POZ1
2127065,Salted GmbH,POZ1
2127064,Salted GmbH,POZ1
2127063,Salted GmbH,POZ1
2127060,Salted GmbH,POZ1
2127059,Salted GmbH,POZ1
2127058,Salted GmbH,POZ1
2127057,Salted GmbH,POZ1
2127056,Salted GmbH,POZ1
2127055,Salted GmbH,POZ1
2127053,Salted GmbH,POZ1
2127052,Salted GmbH,POZ1
2127051,Salted GmbH,POZ1
2127049,Salted GmbH,POZ1
2127048,Salted GmbH,POZ1
2127044,Salted GmbH,POZ1
2127043,Salted GmbH,POZ1
2127042,Salted GmbH,POZ1
2127041,Salted GmbH,POZ1
2127037,Salted GmbH,POZ1
#SERA132652,Seranova Beauty,POZ1
#SERA132651,Seranova Beauty,POZ1
#SERA132650,Seranova Beauty,POZ1
#SERA132649,Seranova Beauty,POZ1
#SERA132648,Seranova Beauty,POZ1
#SERA132647,Seranova Beauty,POZ1
#SERA132646,Seranova Beauty,POZ1
#SERA132645,Seranova Beauty,POZ1
#SERA132644,Seranova Beauty,POZ1
#SERA132643,Seranova Beauty,POZ1
#SERA132642,Seranova Beauty,POZ1
#SERA132641,Seranova Beauty,POZ1
#SERA132640,Seranova Beauty,POZ1
#SERA132639,Seranova Beauty,POZ1
#SERA132638,Seranova Beauty,POZ1
#SERA132637,Seranova Beauty,POZ1
#SERA132636,Seranova Beauty,POZ1
#SERA132635,Seranova Beauty,POZ1
#SERA132634,Seranova Beauty,POZ1
#SERA132633,Seranova Beauty,POZ1
#SERA132632,Seranova Beauty,POZ1
#SERA132631,Seranova Beauty,POZ1
#SERA132630,Seranova Beauty,POZ1
#SERA132629,Seranova Beauty,POZ1
#SERA132628,Seranova Beauty,POZ1
#SERA132627,Seranova Beauty,POZ1
#SERA132626,Seranova Beauty,POZ1
#SERA132625,Seranova Beauty,POZ1
#SERA132624,Seranova Beauty,POZ1
#SERA132623,Seranova Beauty,POZ1
#SERA132622,Seranova Beauty,POZ1
#SERA132621,Seranova Beauty,POZ1
#SERA132620,Seranova Beauty,POZ1
#SERA132619,Seranova Beauty,POZ1
#SERA132618,Seranova Beauty,POZ1
#SERA132617,Seranova Beauty,POZ1
#SERA132616,Seranova Beauty,POZ1
#SERA132615,Seranova Beauty,POZ1
#SERA132614,Seranova Beauty,POZ1
#SERA132613,Seranova Beauty,POZ1
#SERA132612,Seranova Beauty,POZ1
#SERA132611,Seranova Beauty,POZ1
#SERA132610,Seranova Beauty,POZ1
#SERA132609,Seranova Beauty,POZ1
#SERA132608,Seranova Beauty,POZ1
#SERA132607,Seranova Beauty,POZ1
#SERA132606,Seranova Beauty,POZ1
#SERA132605,Seranova Beauty,POZ1
#SERA132604,Seranova Beauty,POZ1
#SERA132603,Seranova Beauty,POZ1
2298,Sophie Rosenburg,POZ1
#SRDE342286,Sophie Rosenburg,POZ1
#SRDE342274,Sophie Rosenburg,POZ1
#SRDE342272,Sophie Rosenburg,POZ1
#SRDE342271,Sophie Rosenburg,POZ1
#SRDE342269,Sophie Rosenburg,POZ1
#SRDE342258,Sophie Rosenburg,POZ1
#SRDE342253,Sophie Rosenburg,POZ1
#SRINT1881,Sophie Rosenburg,POZ1
#SRDE342158,Sophie Rosenburg,POZ1
#SRDE342152,Sophie Rosenburg,POZ1
#SRDE342146,Sophie Rosenburg,POZ1
#SRDE342138,Sophie Rosenburg,POZ1
#SRDE342124,Sophie Rosenburg,POZ1
#SRDE342108,Sophie Rosenburg,POZ1
#SRDE342097,Sophie Rosenburg,POZ1
#SRDE342070,Sophie Rosenburg,POZ1
#SRDE342052,Sophie Rosenburg,POZ1
#SRDE342040,Sophie Rosenburg,POZ1
#SRDE342037,Sophie Rosenburg,POZ1
#SRDE342034,Sophie Rosenburg,POZ1
#SRDE342025,Sophie Rosenburg,POZ1
#SRDE342022,Sophie Rosenburg,POZ1
#SRDE342005,Sophie Rosenburg,POZ1
#SRINT1880,Sophie Rosenburg,POZ1
#SRDE341963,Sophie Rosenburg,POZ1
#SRDE341961,Sophie Rosenburg,POZ1
#SRDE341954,Sophie Rosenburg,POZ1
#SRDE341940,Sophie Rosenburg,POZ1
#SRDE341936,Sophie Rosenburg,POZ1
#SRDE341935,Sophie Rosenburg,POZ1
#SRDE341933,Sophie Rosenburg,POZ1
#SRDE341931,Sophie Rosenburg,POZ1
#SRDE341927,Sophie Rosenburg,POZ1
#SRDE341926,Sophie Rosenburg,POZ1
#SRDE341925,Sophie Rosenburg,POZ1
#SRDE341924,Sophie Rosenburg,POZ1
#SRDE341923,Sophie Rosenburg,POZ1
#SRDE341922,Sophie Rosenburg,POZ1
#SRDE341921,Sophie Rosenburg,POZ1
#SRDE341917,Sophie Rosenburg,POZ1
#SRDE341916,Sophie Rosenburg,POZ1
#SRDE341915,Sophie Rosenburg,POZ1
#SRDE341912,Sophie Rosenburg,POZ1
#SRDE341910,Sophie Rosenburg,POZ1
#SRDE341909,Sophie Rosenburg,POZ1
#SRDE341908,Sophie Rosenburg,POZ1
#SRDE341905,Sophie Rosenburg,POZ1
#SRDE341904,Sophie Rosenburg,POZ1
#SRDE341900,Sophie Rosenburg,POZ1
#DE-46447,Spillfabrikken,POZ1
#DE-46446,Spillfabrikken,POZ1
#DE-46445,Spillfabrikken,POZ1
#DE-46444,Spillfabrikken,POZ1
#DE-46443,Spillfabrikken,POZ1
#DE-46442,Spillfabrikken,POZ1
#DE-46441,Spillfabrikken,POZ1
#DE-46440,Spillfabrikken,POZ1
#DE-46439,Spillfabrikken,POZ1
#DE-46438,Spillfabrikken,POZ1
#DE-46437,Spillfabrikken,POZ1
#DE-46436,Spillfabrikken,POZ1
#DE-46435,Spillfabrikken,POZ1
#DE-46434,Spillfabrikken,POZ1
#DE-46433,Spillfabrikken,POZ1
#DE-46432,Spillfabrikken,POZ1
#DE-46431,Spillfabrikken,POZ1
#DE-46430,Spillfabrikken,POZ1
#DE-46429,Spillfabrikken,POZ1
#DE-46428,Spillfabrikken,POZ1
#DE-46427,Spillfabrikken,POZ1
#DE-46426,Spillfabrikken,POZ1
#DE-46425,Spillfabrikken,POZ1
#DE-46424,Spillfabrikken,POZ1
#DE-46423,Spillfabrikken,POZ1
#DE-46422,Spillfabrikken,POZ1
#DE-44369,Spillfabrikken,POZ1
#DE-46421,Spillfabrikken,POZ1
#DE-46420,Spillfabrikken,POZ1
#DE-46419,Spillfabrikken,POZ1
#DE-46418,Spillfabrikken,POZ1
#DE-46417,Spillfabrikken,POZ1
#DE-46416,Spillfabrikken,POZ1
#DE-46415,Spillfabrikken,POZ1
#DE-46414,Spillfabrikken,POZ1
#DE-46413,Spillfabrikken,POZ1
#DE-46412,Spillfabrikken,POZ1
#DE-46411,Spillfabrikken,POZ1
#DE-46410,Spillfabrikken,POZ1
#DE-46409,Spillfabrikken,POZ1
#DE-46408,Spillfabrikken,POZ1
#DE-46407,Spillfabrikken,POZ1
#DE-46406,Spillfabrikken,POZ1
#DE-46405,Spillfabrikken,POZ1
#DE-46404,Spillfabrikken,POZ1
#DE-46403,Spillfabrikken,POZ1
#DE-46402,Spillfabrikken,POZ1
#DE-46401,Spillfabrikken,POZ1
#DE-46400,Spillfabrikken,POZ1
#DE-46399,Spillfabrikken,POZ1
B2B000002,SportsAffinity / Lunatura,POZ1
B2B000001,SportsAffinity / Lunatura,POZ1
#3391,TIOB GmbH,POZ1
#3390,TIOB GmbH,POZ1
#3389,TIOB GmbH,POZ1
#3388,TIOB GmbH,POZ1
#270421,Tallow,POZ1
028-0617796-0977919,Tallow,POZ1
#270413,Tallow,POZ1
#270414,Tallow,POZ1
#270415,Tallow,POZ1
#270420,Tallow,POZ1
#270419,Tallow,POZ1
#270418,Tallow,POZ1
#270412,Tallow,POZ1
#270410,Tallow,POZ1
#270409,Tallow,POZ1
#270411,Tallow,POZ1
#270408,Tallow,POZ1
#270417,Tallow,POZ1
#270416,Tallow,POZ1
#270415,Tallow,POZ1
#270414,Tallow,POZ1
#270413,Tallow,POZ1
#270407,Tallow,POZ1
#270398,Tallow,POZ1
#270401,Tallow,POZ1
#270403,Tallow,POZ1
#270404,Tallow,POZ1
#270396,Tallow,POZ1
#270395,Tallow,POZ1
#270405,Tallow,POZ1
#270400,Tallow,POZ1
#270402,Tallow,POZ1
305-7235589-8873923,Tallow,POZ1
306-2647620-7909108,Tallow,POZ1
302-0987076-8475560,Tallow,POZ1
#270393,Tallow,POZ1
#270397,Tallow,POZ1
#270394,Tallow,POZ1
#270399,Tallow,POZ1
#270406,Tallow,POZ1
#270412,Tallow,POZ1
#270411,Tallow,POZ1
#270410,Tallow,POZ1
#270409,Tallow,POZ1
#270408,Tallow,POZ1
#270390,Tallow,POZ1
#270391,Tallow,POZ1
#270388,Tallow,POZ1
#270386,Tallow,POZ1
#270389,Tallow,POZ1
#270392,Tallow,POZ1
#270382,Tallow,POZ1
#270387,Tallow,POZ1
#270383,Tallow,POZ1
#AD81615,Tandm,POZ1
#AD81614,Tandm,POZ1
#AD81612,Tandm,POZ1
#AD81609,Tandm,POZ1
#AD81606,Tandm,POZ1
#AD81604,Tandm,POZ1
#AD81599,Tandm,POZ1
#AD81592,Tandm,POZ1
#AD81586,Tandm,POZ1
#AD81585,Tandm,POZ1
#HL31334,Tandm,POZ1
#AD81584,Tandm,POZ1
#HL31333,Tandm,POZ1
#AD81580,Tandm,POZ1
#AD81578,Tandm,POZ1
#AD81575,Tandm,POZ1
#AD81571,Tandm,POZ1
#AD81570,Tandm,POZ1
#AD81569,Tandm,POZ1
#AD81567,Tandm,POZ1
#AD81565,Tandm,POZ1
#AD81561,Tandm,POZ1
#AD81560,Tandm,POZ1
#AD81557,Tandm,POZ1
#AD81555,Tandm,POZ1
#AD81553,Tandm,POZ1
#AD81552,Tandm,POZ1
#AD81551,Tandm,POZ1
#AD81550,Tandm,POZ1
#AD81549,Tandm,POZ1
#AD81548,Tandm,POZ1
#AD81547,Tandm,POZ1
#AD81546,Tandm,POZ1
#AD81545,Tandm,POZ1
#AD81544,Tandm,POZ1
#AD81543,Tandm,POZ1
#AD81542,Tandm,POZ1
#AD81541,Tandm,POZ1
#AD81540,Tandm,POZ1
#HL31332,Tandm,POZ1
#AD81539,Tandm,POZ1
#AD81538,Tandm,POZ1
#AD81537,Tandm,POZ1
#AD81536,Tandm,POZ1
#AD81535,Tandm,POZ1
#AD81534,Tandm,POZ1
#AD81533,Tandm,POZ1
#AD81532,Tandm,POZ1
#AD81531,Tandm,POZ1
#AD81530,Tandm,POZ1
49969,Uclips,POZ1
49968,Uclips,POZ1
49967,Uclips,POZ1
49966,Uclips,POZ1
49965,Uclips,POZ1
49964,Uclips,POZ1
49963,Uclips,POZ1
49961,Uclips,POZ1
49960,Uclips,POZ1
49959,Uclips,POZ1
49958,Uclips,POZ1
49957,Uclips,POZ1
49956,Uclips,POZ1
49955,Uclips,POZ1
49954,Uclips,POZ1
49953,Uclips,POZ1
49952,Uclips,POZ1
49951,Uclips,POZ1
49950,Uclips,POZ1
49949,Uclips,POZ1
49948,Uclips,POZ1
49947,Uclips,POZ1
49946,Uclips,POZ1
49945,Uclips,POZ1
49943,Uclips,POZ1
49942,Uclips,POZ1
49941,Uclips,POZ1
49940,Uclips,POZ1
49939,Uclips,POZ1
49938,Uclips,POZ1
49937,Uclips,POZ1
49936,Uclips,POZ1
49935,Uclips,POZ1
49934,Uclips,POZ1
49933,Uclips,POZ1
49929,Uclips,POZ1
49928,Uclips,POZ1
49927,Uclips,POZ1
49926,Uclips,POZ1
49925,Uclips,POZ1
49924,Uclips,POZ1
49923,Uclips,POZ1
49922,Uclips,POZ1
49921,Uclips,POZ1
49920,Uclips,POZ1
49919,Uclips,POZ1
49918,Uclips,POZ1
49915,Uclips,POZ1
49914,Uclips,POZ1
49913,Uclips,POZ1
2355,Vertellis,POZ1
DE227562,Vertellis,POZ1
DE227561,Vertellis,POZ1
DE227560,Vertellis,POZ1
DE227559,Vertellis,POZ1
DE227558,Vertellis,POZ1
DE227557,Vertellis,POZ1
DE227556,Vertellis,POZ1
DE227555,Vertellis,POZ1
DE227554,Vertellis,POZ1
DE227553,Vertellis,POZ1
DE227551,Vertellis,POZ1
DE227550,Vertellis,POZ1
DE227549,Vertellis,POZ1
DE227548,Vertellis,POZ1
DE227547,Vertellis,POZ1
DE227546,Vertellis,POZ1
DE227545,Vertellis,POZ1
DE227544,Vertellis,POZ1
DE227543,Vertellis,POZ1
DE227542,Vertellis,POZ1
DE227541,Vertellis,POZ1
DE227540,Vertellis,POZ1
DE227539,Vertellis,POZ1
DE227538,Vertellis,POZ1
DE227537,Vertellis,POZ1
DE227536,Vertellis,POZ1
DE227535,Vertellis,POZ1
DE227534,Vertellis,POZ1
DE227533,Vertellis,POZ1
DE227532,Vertellis,POZ1
DE227531,Vertellis,POZ1
DE227530,Vertellis,POZ1
DE227529,Vertellis,POZ1
DE227528,Vertellis,POZ1
DE227527,Vertellis,POZ1
DE227526,Vertellis,POZ1
DE227525,Vertellis,POZ1
Sendbacks February,Vertellis,POZ1
DE227524,Vertellis,POZ1
DE227523,Vertellis,POZ1
DE227522,Vertellis,POZ1
PL2840,Vertellis,POZ1
DE227521,Vertellis,POZ1
DE227520,Vertellis,POZ1
DE227519,Vertellis,POZ1
DE227518,Vertellis,POZ1
DE227517,Vertellis,POZ1
DE227516,Vertellis,POZ1
DE227515,Vertellis,POZ1
#239853,Within mood,POZ1
#239852,Within mood,POZ1
#239851,Within mood,POZ1
#239850,Within mood,POZ1
#239849,Within mood,POZ1
#239848,Within mood,POZ1
#239847,Within mood,POZ1
#239846,Within mood,POZ1
#239845,Within mood,POZ1
#239844,Within mood,POZ1
#239843,Within mood,POZ1
#239842,Within mood,POZ1
#239841,Within mood,POZ1
#239840,Within mood,POZ1
#239839,Within mood,POZ1
#239838,Within mood,POZ1
#239837,Within mood,POZ1
#239836,Within mood,POZ1
#239835,Within mood,POZ1
#239834,Within mood,POZ1
#239833,Within mood,POZ1
#239832,Within mood,POZ1
#239831,Within mood,POZ1
#239830,Within mood,POZ1
#239829,Within mood,POZ1
#239828,Within mood,POZ1
#239827,Within mood,POZ1
#239826,Within mood,POZ1
#239825,Within mood,POZ1
#239824,Within mood,POZ1
#239823,Within mood,POZ1
#239822,Within mood,POZ1
#239821,Within mood,POZ1
#239820,Within mood,POZ1
#239819,Within mood,POZ1
#239818,Within mood,POZ1
#239817,Within mood,POZ1
#239816,Within mood,POZ1
#239815,Within mood,POZ1
#239814,Within mood,POZ1
#239813,Within mood,POZ1
#239812,Within mood,POZ1
#239811,Within mood,POZ1
#239810,Within mood,POZ1
#239809,Within mood,POZ1
#239808,Within mood,POZ1
#239807,Within mood,POZ1
#239806,Within mood,POZ1
#239805,Within mood,POZ1
#239804,Within mood,POZ1
WS193498,Wondersmile GmbH,POZ1
WS193492,Wondersmile GmbH,POZ1
302-8822219-0589969,Wondersmile GmbH,POZ1
305-3138118-0903549,Wondersmile GmbH,POZ1
303-9488926-3617900,Wondersmile GmbH,POZ1
WS193486,Wondersmile GmbH,POZ1
302-2945864-1739552,Wondersmile GmbH,POZ1
305-4692101-9156367,Wondersmile GmbH,POZ1
WS193485,Wondersmile GmbH,POZ1
302-9669196-9411508,Wondersmile GmbH,POZ1
WS193484,Wondersmile GmbH,POZ1
WS193483,Wondersmile GmbH,POZ1
WS193482,Wondersmile GmbH,POZ1
303-4890309-7005128,Wondersmile GmbH,POZ1
028-9590091-2781930,Wondersmile GmbH,POZ1
304-9420907-2977900,Wondersmile GmbH,POZ1
305-4433775-2722728,Wondersmile GmbH,POZ1
306-1076146-5257942,Wondersmile GmbH,POZ1
028-5430655-5825962,Wondersmile GmbH,POZ1
302-0146923-0517966,Wondersmile GmbH,POZ1
305-7438206-9818726,Wondersmile GmbH,POZ1
028-7243164-0913116,Wondersmile GmbH,POZ1
028-4251496-9141129,Wondersmile GmbH,POZ1
305-1218100-1708366,Wondersmile GmbH,POZ1
01-14307-34961,Wondersmile GmbH,POZ1
305-6539540-2881158,Wondersmile GmbH,POZ1
303-8829312-4607510,Wondersmile GmbH,POZ1
WS193481,Wondersmile GmbH,POZ1
WS193479,Wondersmile GmbH,POZ1
WS193480,Wondersmile GmbH,POZ1
028-0127161-3090767,Wondersmile GmbH,POZ1
306-3652725-8980364,Wondersmile GmbH,POZ1
305-9516759-5544331,Wondersmile GmbH,POZ1
WS193478,Wondersmile GmbH,POZ1
WS193477,Wondersmile GmbH,POZ1
304-1069303-6169964,Wondersmile GmbH,POZ1
WS193476,Wondersmile GmbH,POZ1
306-2442222-4189158,Wondersmile GmbH,POZ1
WS193475,Wondersmile GmbH,POZ1
304-5769663-5811502,Wondersmile GmbH,POZ1
303-3692109-7835542,Wondersmile GmbH,POZ1
WS193474,Wondersmile GmbH,POZ1
303-3943421-5445136,Wondersmile GmbH,POZ1
303-9145625-5602746,Wondersmile GmbH,POZ1
WS193473,Wondersmile GmbH,POZ1
WS193472,Wondersmile GmbH,POZ1
303-8588112-7396321,Wondersmile GmbH,POZ1
028-7628306-0833944,Wondersmile GmbH,POZ1
WS193471,Wondersmile GmbH,POZ1
WS193470,Wondersmile GmbH,POZ1
moveout part4,WorkDeco AB,POZ1
#1095,WorkDeco AB,POZ1
#1094,WorkDeco AB,POZ1
#1091,WorkDeco AB,POZ1
#1090,WorkDeco AB,POZ1
#1089,WorkDeco AB,POZ1
#1088,WorkDeco AB,POZ1
#1087,WorkDeco AB,POZ1
#1086,WorkDeco AB,POZ1
#1085,WorkDeco AB,POZ1
#1084,WorkDeco AB,POZ1
#1083,WorkDeco AB,POZ1
#1082,WorkDeco AB,POZ1
ycy-257844,Yuicy,POZ1
ycy-257843,Yuicy,POZ1
ycy-257842,Yuicy,POZ1
ycy-257841,Yuicy,POZ1
ycy-257840,Yuicy,POZ1
1KQN52,Yuicy,POZ1
ycy-257838,Yuicy,POZ1
ycy-257837,Yuicy,POZ1
ycy-257836,Yuicy,POZ1
ycy-257835,Yuicy,POZ1
ycy-257834,Yuicy,POZ1
ycy-257833,Yuicy,POZ1
ycy-257832,Yuicy,POZ1
ycy-257831,Yuicy,POZ1
ycy-257830,Yuicy,POZ1
ycy-257829,Yuicy,POZ1
ycy-257828,Yuicy,POZ1
ycy-257827,Yuicy,POZ1
ycy-257826,Yuicy,POZ1
ycy-257825,Yuicy,POZ1
ycy-257824,Yuicy,POZ1
ycy-257823,Yuicy,POZ1
ycy-257822,Yuicy,POZ1
ycy-257821,Yuicy,POZ1
ycy-257820,Yuicy,POZ1
ycy-257819,Yuicy,POZ1
ycy-257818,Yuicy,POZ1
ycy-257817,Yuicy,POZ1
ycy-257816,Yuicy,POZ1
ycy-257815,Yuicy,POZ1
ycy-257814,Yuicy,POZ1
ycy-257813,Yuicy,POZ1
ycy-257812,Yuicy,POZ1
ycy-257811,Yuicy,POZ1
ycy-257810,Yuicy,POZ1
ycy-257809,Yuicy,POZ1
ycy-257808,Yuicy,POZ1
ycy-257807,Yuicy,POZ1
ycy-257806,Yuicy,POZ1
ycy-257805,Yuicy,POZ1
ycy-257804,Yuicy,POZ1
ycy-257803,Yuicy,POZ1
ycy-257802,Yuicy,POZ1
ycy-257801,Yuicy,POZ1
ycy-257800,Yuicy,POZ1
ycy-257799,Yuicy,POZ1
ycy-257798,Yuicy,POZ1
ycy-257797,Yuicy,POZ1
ycy-257796,Yuicy,POZ1
ycy-257795,Yuicy,POZ1
#61071,felmo gmbh,POZ1
#61070,felmo gmbh,POZ1
#61069,felmo gmbh,POZ1
#61068,felmo gmbh,POZ1
#61067,felmo gmbh,POZ1
304-7118648-3701126,felmo gmbh,POZ1
#61066,felmo gmbh,POZ1
#61065,felmo gmbh,POZ1
#61064,felmo gmbh,POZ1
#61063,felmo gmbh,POZ1
306-2925796-8355536,felmo gmbh,POZ1
#61062,felmo gmbh,POZ1
#61061,felmo gmbh,POZ1
#61060,felmo gmbh,POZ1
#61059,felmo gmbh,POZ1
#61058,felmo gmbh,POZ1
#61057,felmo gmbh,POZ1
#61056,felmo gmbh,POZ1
#61055,felmo gmbh,POZ1
#61054,felmo gmbh,POZ1
#61053,felmo gmbh,POZ1
#61052,felmo gmbh,POZ1
#61051,felmo gmbh,POZ1
#61050,felmo gmbh,POZ1
#61049,felmo gmbh,POZ1
#61048,felmo gmbh,POZ1
#61047,felmo gmbh,POZ1
#61046,felmo gmbh,POZ1
#61045,felmo gmbh,POZ1
#61044,felmo gmbh,POZ1
#61043,felmo gmbh,POZ1
#61042,felmo gmbh,POZ1
304-0548483-8266712,felmo gmbh,POZ1
306-5206959-7097106,felmo gmbh,POZ1
#61041,felmo gmbh,POZ1
#61040,felmo gmbh,POZ1
#61039,felmo gmbh,POZ1
306-4857405-5789114,felmo gmbh,POZ1
#61038,felmo gmbh,POZ1
#61037,felmo gmbh,POZ1
#61036,felmo gmbh,POZ1
#61035,felmo gmbh,POZ1
#61034,felmo gmbh,POZ1
#61033,felmo gmbh,POZ1
#61032,felmo gmbh,POZ1
#61031,felmo gmbh,POZ1
#61030,felmo gmbh,POZ1
#61029,felmo gmbh,POZ1
#61028,felmo gmbh,POZ1
#61027,felmo gmbh,POZ1
#LLEU29496,litelok,POZ1
#LLEU29495,litelok,POZ1
#LLEU29493,litelok,POZ1
#LLEU29486,litelok,POZ1
B2C000141,litelok,POZ1
#LLEU29483,litelok,POZ1
#LLEU29480,litelok,POZ1
#LLEU29479,litelok,POZ1
#LLEU29478,litelok,POZ1
#LLEU29477,litelok,POZ1
#LLEU29475,litelok,POZ1
#LLEU29473,litelok,POZ1
#LLEU29471,litelok,POZ1
#LLEU29470,litelok,POZ1
#LLEU29469,litelok,POZ1
#LLEU29468,litelok,POZ1
#LLEU29467,litelok,POZ1
#LLEU29466,litelok,POZ1
#LLEU29463,litelok,POZ1
#LLEU29460,litelok,POZ1
#LLEU29457,litelok,POZ1
#LLEU29455,litelok,POZ1
#LLEU29451,litelok,POZ1
#LLEU29450,litelok,POZ1
#LLEU29449,litelok,POZ1
#LLEU29448,litelok,POZ1
B2C000140,litelok,POZ1
#LLEU29446,litelok,POZ1
#LLEU29445,litelok,POZ1
#LLEU29443,litelok,POZ1
#LLEU29441,litelok,POZ1
#LLEU29438,litelok,POZ1
#LLEU29437,litelok,POZ1
#LLEU29436,litelok,POZ1
#LLEU29434,litelok,POZ1
#LLEU29433,litelok,POZ1
#LLEU29432,litelok,POZ1
#LLEU29431,litelok,POZ1
#LLEU29429,litelok,POZ1
#LLEU29428,litelok,POZ1
#LLEU29425,litelok,POZ1
#LLEU29424,litelok,POZ1
#LLEU29422,litelok,POZ1
#LLEU29421,litelok,POZ1
#LLEU29419,litelok,POZ1
#LLEU29418,litelok,POZ1
#LLEU29417,litelok,POZ1
#LLEU29416,litelok,POZ1
#LLEU29408,litelok,POZ1
#LLEU29406,litelok,POZ1
2388,mybacs,POZ1
#584926,mybacs,POZ1
#14731-CH,mybacs,POZ1
#584925,mybacs,POZ1
#584924,mybacs,POZ1
#584923,mybacs,POZ1
#584922,mybacs,POZ1
#584921,mybacs,POZ1
#584920,mybacs,POZ1
#584919,mybacs,POZ1
#584918,mybacs,POZ1
#584917,mybacs,POZ1
#584916,mybacs,POZ1
#584915,mybacs,POZ1
#584914,mybacs,POZ1
#584913,mybacs,POZ1
#584912,mybacs,POZ1
#584911,mybacs,POZ1
#584910,mybacs,POZ1
#584909,mybacs,POZ1
#584908,mybacs,POZ1
#584906,mybacs,POZ1
#584905,mybacs,POZ1
#584904,mybacs,POZ1
#584903,mybacs,POZ1
#584902,mybacs,POZ1
#584901,mybacs,POZ1
#584900,mybacs,POZ1
#584899,mybacs,POZ1
#584898,mybacs,POZ1
#584897,mybacs,POZ1
#584896,mybacs,POZ1
#584895,mybacs,POZ1
#14730-CH,mybacs,POZ1
#584894,mybacs,POZ1
#584893,mybacs,POZ1
#584892,mybacs,POZ1
#584891,mybacs,POZ1
#584890,mybacs,POZ1
#584889,mybacs,POZ1
#584888,mybacs,POZ1
#584887,mybacs,POZ1
#584886,mybacs,POZ1
#584884,mybacs,POZ1
#584883,mybacs,POZ1
#584882,mybacs,POZ1
#584881,mybacs,POZ1
#584880,mybacs,POZ1
#584879,mybacs,POZ1
#584878,mybacs,POZ1
cbn4x2xjn9,obics,POZ1
FBA15LWRYGLK,obics,POZ1
cbn4x2my5r,obics,POZ1
cbn4x2mgg7,obics,POZ1
cbn4x2j9w7,obics,POZ1
cbn4x2h92y,obics,POZ1
cbn4x2dyjv,obics,POZ1
cbn4xz9dts,obics,POZ1
cbn4xz8j4n,obics,POZ1
cbn4xz6z2v,obics,POZ1
OBICS-#1172,obics,POZ1
cbn4xz42b7,obics,POZ1
cbn4xzx6t9,obics,POZ1
cbn4xzn9rz,obics,POZ1
cbn4xzmytx,obics,POZ1
cbn4xzknv7,obics,POZ1
cbn4xzjp8c,obics,POZ1
cbn4xzd9pt,obics,POZ1
cbn4xzd5wy,obics,POZ1
cbn4xzd3pj,obics,POZ1
cbn4xy8jxg,obics,POZ1
cbn4xy77dm,obics,POZ1
cbn4xy7kmx,obics,POZ1
cbn4xy5hkd,obics,POZ1
cbn4xyz769,obics,POZ1
cbn4xyz5m6,obics,POZ1
cbn4xywphw,obics,POZ1
cbn4xyv7q2,obics,POZ1
cbn4xysrq2,obics,POZ1
cbn4xyjtx9,obics,POZ1
cbn4xyg4tm,obics,POZ1
cbn4xyd3yd,obics,POZ1
cbn4xx7yxw,obics,POZ1
cbn4xx2tpv,obics,POZ1
cbn4xxy282,obics,POZ1
cbn4xxydyq,obics,POZ1
cbn4xxxhjr,obics,POZ1
OBICS-#1171,obics,POZ1
cbn4xxv9d6,obics,POZ1
cbn4xxhrbp,obics,POZ1
cbn4xw9nvb,obics,POZ1
cbn4xw9gvz,obics,POZ1
cbn4xw2rxk,obics,POZ1
cbn4xwy3sz,obics,POZ1
cbn4xwytzn,obics,POZ1
cbn4xwx6bp,obics,POZ1
cbn4xwxwwc,obics,POZ1
cbn4xwvkjr,obics,POZ1
cbn4xwstv9,obics,POZ1
cbn4xwsmds,obics,POZ1
TL123223,teethlovers,POZ1
TL123222,teethlovers,POZ1
TL123221,teethlovers,POZ1
TL123220,teethlovers,POZ1
TL123218,teethlovers,POZ1
TL123217,teethlovers,POZ1
TL123216,teethlovers,POZ1
TL123215,teethlovers,POZ1
B2C083423,teethlovers,POZ1
TL123214,teethlovers,POZ1
TL123213,teethlovers,POZ1
TL123208,teethlovers,POZ1
TL123206,teethlovers,POZ1
TL123205,teethlovers,POZ1
TL123204,teethlovers,POZ1
TL123203,teethlovers,POZ1
TL123201,teethlovers,POZ1
TL123200,teethlovers,POZ1
TL123199,teethlovers,POZ1
TL123197,teethlovers,POZ1
TL123196,teethlovers,POZ1
TL123194,teethlovers,POZ1
TL123192,teethlovers,POZ1
TL123191,teethlovers,POZ1
TL123189,teethlovers,POZ1
TL123188,teethlovers,POZ1
TL123185,teethlovers,POZ1
TL123183,teethlovers,POZ1
TL123181,teethlovers,POZ1
TL123179,teethlovers,POZ1
TL123174,teethlovers,POZ1
TL123173,teethlovers,POZ1
TL123172,teethlovers,POZ1
TL123170,teethlovers,POZ1
TL123169,teethlovers,POZ1
TL123167,teethlovers,POZ1
TL123166,teethlovers,POZ1
TL123163,teethlovers,POZ1
TL123160,teethlovers,POZ1
TL123159,teethlovers,POZ1
TL123158,teethlovers,POZ1
TL123157,teethlovers,POZ1
TL123156,teethlovers,POZ1
TL123153,teethlovers,POZ1
TL123151,teethlovers,POZ1
TL123150,teethlovers,POZ1
TL123148,teethlovers,POZ1
TL123147,teethlovers,POZ1
TL123146,teethlovers,POZ1
TL123145,teethlovers,POZ1
#376180,vetevo GmbH,POZ1
#376179,vetevo GmbH,POZ1
#376178,vetevo GmbH,POZ1
#376177,vetevo GmbH,POZ1
#376176,vetevo GmbH,POZ1
#376175,vetevo GmbH,POZ1
#376174,vetevo GmbH,POZ1
#376173,vetevo GmbH,POZ1
#376172,vetevo GmbH,POZ1
#376171,vetevo GmbH,POZ1
#376170,vetevo GmbH,POZ1
#376169,vetevo GmbH,POZ1
#376168,vetevo GmbH,POZ1
#376167,vetevo GmbH,POZ1
#376166,vetevo GmbH,POZ1
#376165,vetevo GmbH,POZ1
#376164,vetevo GmbH,POZ1
#376163,vetevo GmbH,POZ1
#376162,vetevo GmbH,POZ1
#376161,vetevo GmbH,POZ1
#376160,vetevo GmbH,POZ1
#376159,vetevo GmbH,POZ1
#376158,vetevo GmbH,POZ1
#376157,vetevo GmbH,POZ1
#376156,vetevo GmbH,POZ1
#376155,vetevo GmbH,POZ1
#376154,vetevo GmbH,POZ1
#376153,vetevo GmbH,POZ1
#376152,vetevo GmbH,POZ1
#376151,vetevo GmbH,POZ1
#376150,vetevo GmbH,POZ1
#376149,vetevo GmbH,POZ1
#376148,vetevo GmbH,POZ1
#376147,vetevo GmbH,POZ1
#376146,vetevo GmbH,POZ1
#376145,vetevo GmbH,POZ1
#376144,vetevo GmbH,POZ1
#376143,vetevo GmbH,POZ1
#376142,vetevo GmbH,POZ1
#376141,vetevo GmbH,POZ1
#376140,vetevo GmbH,POZ1
#376139,vetevo GmbH,POZ1
#376138,vetevo GmbH,POZ1
#376137,vetevo GmbH,POZ1
#376136,vetevo GmbH,POZ1
#376135,vetevo GmbH,POZ1
#376134,vetevo GmbH,POZ1
#376133,vetevo GmbH,POZ1
#376132,vetevo GmbH,POZ1
#376131,vetevo GmbH,POZ1
118280,BeKeto,POZ2
118279,BeKeto,POZ2
118274,BeKeto,POZ2
118273,BeKeto,POZ2
118265,BeKeto,POZ2
118263,BeKeto,POZ2
118259,BeKeto,POZ2
118258,BeKeto,POZ2
118248,BeKeto,POZ2
118242,BeKeto,POZ2
118239,BeKeto,POZ2
118227,BeKeto,POZ2
118224,BeKeto,POZ2
118222,BeKeto,POZ2
118221,BeKeto,POZ2
118220,BeKeto,POZ2
118217,BeKeto,POZ2
118216,BeKeto,POZ2
118197,BeKeto,POZ2
118196,BeKeto,POZ2
118193,BeKeto,POZ2
118188,BeKeto,POZ2
118181,BeKeto,POZ2
118178,BeKeto,POZ2
118175,BeKeto,POZ2
118174,BeKeto,POZ2
118171,BeKeto,POZ2
118169,BeKeto,POZ2
118162,BeKeto,POZ2
118151,BeKeto,POZ2
118146,BeKeto,POZ2
118141,BeKeto,POZ2
118138,BeKeto,POZ2
118132,BeKeto,POZ2
118131,BeKeto,POZ2
118128,BeKeto,POZ2
118127,BeKeto,POZ2
118125,BeKeto,POZ2
118123,BeKeto,POZ2
118117,BeKeto,POZ2
118114,BeKeto,POZ2
118112,BeKeto,POZ2
118106,BeKeto,POZ2
118098,BeKeto,POZ2
118092,BeKeto,POZ2
118087,BeKeto,POZ2
118086,BeKeto,POZ2
118073,BeKeto,POZ2
118066,BeKeto,POZ2
118065,BeKeto,POZ2
#311938,Blue Farm,POZ2
#311937,Blue Farm,POZ2
#311936,Blue Farm,POZ2
#311935,Blue Farm,POZ2
#311934,Blue Farm,POZ2
#311933,Blue Farm,POZ2
#311932,Blue Farm,POZ2
#311931,Blue Farm,POZ2
#311930,Blue Farm,POZ2
#311929,Blue Farm,POZ2
#311928,Blue Farm,POZ2
#311927,Blue Farm,POZ2
#311926,Blue Farm,POZ2
#311925,Blue Farm,POZ2
#311924,Blue Farm,POZ2
#311923,Blue Farm,POZ2
#311922,Blue Farm,POZ2
#311921,Blue Farm,POZ2
#311920,Blue Farm,POZ2
#311919,Blue Farm,POZ2
#311918,Blue Farm,POZ2
#311917,Blue Farm,POZ2
#311916,Blue Farm,POZ2
#311915,Blue Farm,POZ2
#311914,Blue Farm,POZ2
#311913,Blue Farm,POZ2
#311912,Blue Farm,POZ2
#311911,Blue Farm,POZ2
#311910,Blue Farm,POZ2
#311909,Blue Farm,POZ2
#311908,Blue Farm,POZ2
#311907,Blue Farm,POZ2
#311906,Blue Farm,POZ2
#311905,Blue Farm,POZ2
#311904,Blue Farm,POZ2
#311903,Blue Farm,POZ2
#311902,Blue Farm,POZ2
#311901,Blue Farm,POZ2
#311900,Blue Farm,POZ2
#311899,Blue Farm,POZ2
#311898,Blue Farm,POZ2
#311897,Blue Farm,POZ2
#311896,Blue Farm,POZ2
#311895,Blue Farm,POZ2
#311894,Blue Farm,POZ2
#311893,Blue Farm,POZ2
#311892,Blue Farm,POZ2
#311891,Blue Farm,POZ2
#311890,Blue Farm,POZ2
#311889,Blue Farm,POZ2
208126-15675,Buycycle,POZ2
205507-19197,Buycycle,POZ2
205539-94703,Buycycle,POZ2
205552-57670,Buycycle,POZ2
205572-42429,Buycycle,POZ2
205601-67263,Buycycle,POZ2
204614-68733,Buycycle,POZ2
204607-38382,Buycycle,POZ2
204591-10207,Buycycle,POZ2
204583-17137,Buycycle,POZ2
204389-95123,Buycycle,POZ2
204398-12212,Buycycle,POZ2
204533-21178,Buycycle,POZ2
204482-43125,Buycycle,POZ2
204549-44653,Buycycle,POZ2
204480-69685,Buycycle,POZ2
204472-57727,Buycycle,POZ2
204466-62558,Buycycle,POZ2
204451-16606,Buycycle,POZ2
204440-79256,Buycycle,POZ2
204435-58475,Buycycle,POZ2
204419-41300,Buycycle,POZ2
204405-69411,Buycycle,POZ2
204355-32673,Buycycle,POZ2
205360-84722,Buycycle,POZ2
205352-56586,Buycycle,POZ2
205318-50328,Buycycle,POZ2
205260-83408,Buycycle,POZ2
205449-94725,Buycycle,POZ2
205449-75766,Buycycle,POZ2
205263-66979,Buycycle,POZ2
205257-97592,Buycycle,POZ2
205201-52572,Buycycle,POZ2
205194-81575,Buycycle,POZ2
205191-93148,Buycycle,POZ2
205187-38227,Buycycle,POZ2
205167-75646,Buycycle,POZ2
205152-59300,Buycycle,POZ2
205147-55514,Buycycle,POZ2
205143-65671,Buycycle,POZ2
205133-94242,Buycycle,POZ2
205124-30864,Buycycle,POZ2
205121-92168,Buycycle,POZ2
205119-37574,Buycycle,POZ2
205105-58419,Buycycle,POZ2
205101-77588,Buycycle,POZ2
205063-27717,Buycycle,POZ2
205053-66543,Buycycle,POZ2
205023-11410,Buycycle,POZ2
205020-89620,Buycycle,POZ2
#353951,Edubini,POZ2
#353950,Edubini,POZ2
#353949,Edubini,POZ2
#353948,Edubini,POZ2
#353947,Edubini,POZ2
#353946,Edubini,POZ2
#353945,Edubini,POZ2
#353944,Edubini,POZ2
#353943,Edubini,POZ2
#353942,Edubini,POZ2
#353941,Edubini,POZ2
#353940,Edubini,POZ2
#353939,Edubini,POZ2
#353938,Edubini,POZ2
#353937,Edubini,POZ2
#353936,Edubini,POZ2
#353935,Edubini,POZ2
#353934,Edubini,POZ2
#353933,Edubini,POZ2
#353932,Edubini,POZ2
#353931,Edubini,POZ2
#353930,Edubini,POZ2
#353929,Edubini,POZ2
#353928,Edubini,POZ2
#353927,Edubini,POZ2
#353926,Edubini,POZ2
#353925,Edubini,POZ2
#353924,Edubini,POZ2
#353923,Edubini,POZ2
#353922,Edubini,POZ2
#353921,Edubini,POZ2
#353920,Edubini,POZ2
#353919,Edubini,POZ2
#353918,Edubini,POZ2
#353917,Edubini,POZ2
#353916,Edubini,POZ2
#353915,Edubini,POZ2
#353914,Edubini,POZ2
#353913,Edubini,POZ2
#353912,Edubini,POZ2
#353911,Edubini,POZ2
#353910,Edubini,POZ2
#353909,Edubini,POZ2
#353908,Edubini,POZ2
#353907,Edubini,POZ2
#353906,Edubini,POZ2
#353905,Edubini,POZ2
#353904,Edubini,POZ2
#353903,Edubini,POZ2
#353902,Edubini,POZ2
2578,HOLY Softdrinks GmbH,POZ2
2572,HOLY Softdrinks GmbH,POZ2
2546,HOLY Softdrinks GmbH,POZ2
2543,HOLY Softdrinks GmbH,POZ2
B2B002923,HOLY Softdrinks GmbH,POZ2
2535,HOLY Softdrinks GmbH,POZ2
2526,HOLY Softdrinks GmbH,POZ2
2525,HOLY Softdrinks GmbH,POZ2
2523,HOLY Softdrinks GmbH,POZ2
2522,HOLY Softdrinks GmbH,POZ2
2507,HOLY Softdrinks GmbH,POZ2
2500,HOLY Softdrinks GmbH,POZ2
2499,HOLY Softdrinks GmbH,POZ2
B2B000781,HOLY Softdrinks GmbH,POZ2
B2B000772,HOLY Softdrinks GmbH,POZ2
2487,HOLY Softdrinks GmbH,POZ2
2486,HOLY Softdrinks GmbH,POZ2
2478,HOLY Softdrinks GmbH,POZ2
2455,HOLY Softdrinks GmbH,POZ2
B2B000749,HOLY Softdrinks GmbH,POZ2
2430,HOLY Softdrinks GmbH,POZ2
2429,HOLY Softdrinks GmbH,POZ2
2338,HOLY Softdrinks GmbH,POZ2
2330,HOLY Softdrinks GmbH,POZ2
2306,HOLY Softdrinks GmbH,POZ2
2293,HOLY Softdrinks GmbH,POZ2
2291,HOLY Softdrinks GmbH,POZ2
2290,HOLY Softdrinks GmbH,POZ2
2289,HOLY Softdrinks GmbH,POZ2
2288,HOLY Softdrinks GmbH,POZ2
2287,HOLY Softdrinks GmbH,POZ2
2286,HOLY Softdrinks GmbH,POZ2
1719,Happymami Lactancia,POZ2
1718,Happymami Lactancia,POZ2
1715,Happymami Lactancia,POZ2
1707,Happymami Lactancia,POZ2
1705,Happymami Lactancia,POZ2
1703,Happymami Lactancia,POZ2
1699,Happymami Lactancia,POZ2
1693,Happymami Lactancia,POZ2
1687,Happymami Lactancia,POZ2
1685,Happymami Lactancia,POZ2
1684,Happymami Lactancia,POZ2
1681,Happymami Lactancia,POZ2
1680,Happymami Lactancia,POZ2
1678,Happymami Lactancia,POZ2
1677,Happymami Lactancia,POZ2
1676,Happymami Lactancia,POZ2
1675,Happymami Lactancia,POZ2
1671,Happymami Lactancia,POZ2
1669,Happymami Lactancia,POZ2
1668,Happymami Lactancia,POZ2
1666,Happymami Lactancia,POZ2
1663,Happymami Lactancia,POZ2
1660,Happymami Lactancia,POZ2
1655,Happymami Lactancia,POZ2
1654,Happymami Lactancia,POZ2
1652,Happymami Lactancia,POZ2
1651,Happymami Lactancia,POZ2
1650,Happymami Lactancia,POZ2
1649,Happymami Lactancia,POZ2
1648,Happymami Lactancia,POZ2
1647,Happymami Lactancia,POZ2
1646,Happymami Lactancia,POZ2
1645,Happymami Lactancia,POZ2
1644,Happymami Lactancia,POZ2
1643,Happymami Lactancia,POZ2
1642,Happymami Lactancia,POZ2
1641,Happymami Lactancia,POZ2
1640,Happymami Lactancia,POZ2
1639,Happymami Lactancia,POZ2
1638,Happymami Lactancia,POZ2
1637,Happymami Lactancia,POZ2
1636,Happymami Lactancia,POZ2
1633,Happymami Lactancia,POZ2
1630,Happymami Lactancia,POZ2
1629,Happymami Lactancia,POZ2
1628,Happymami Lactancia,POZ2
1627,Happymami Lactancia,POZ2
1626,Happymami Lactancia,POZ2
1624,Happymami Lactancia,POZ2
1619,Happymami Lactancia,POZ2
#H54888,Heimatgut GmbH,POZ2
#H54886,Heimatgut GmbH,POZ2
#H54885,Heimatgut GmbH,POZ2
#H54883,Heimatgut GmbH,POZ2
#H54882,Heimatgut GmbH,POZ2
#H54881,Heimatgut GmbH,POZ2
#H54879,Heimatgut GmbH,POZ2
#H54880,Heimatgut GmbH,POZ2
#H54878,Heimatgut GmbH,POZ2
#H54877,Heimatgut GmbH,POZ2
#H54875,Heimatgut GmbH,POZ2
#H54876,Heimatgut GmbH,POZ2
#H54874,Heimatgut GmbH,POZ2
#H54873,Heimatgut GmbH,POZ2
#H54872,Heimatgut GmbH,POZ2
#H54871,Heimatgut GmbH,POZ2
#H54870,Heimatgut GmbH,POZ2
#H54869,Heimatgut GmbH,POZ2
#H54868,Heimatgut GmbH,POZ2
#H54866,Heimatgut GmbH,POZ2
#H54865,Heimatgut GmbH,POZ2
#H54864,Heimatgut GmbH,POZ2
#H54863,Heimatgut GmbH,POZ2
#H54862,Heimatgut GmbH,POZ2
#H54861,Heimatgut GmbH,POZ2
#H54860,Heimatgut GmbH,POZ2
#H54859,Heimatgut GmbH,POZ2
#H54858,Heimatgut GmbH,POZ2
#H54857,Heimatgut GmbH,POZ2
#H54856,Heimatgut GmbH,POZ2
#H54855,Heimatgut GmbH,POZ2
#H54854,Heimatgut GmbH,POZ2
#H54853,Heimatgut GmbH,POZ2
#H54852,Heimatgut GmbH,POZ2
#H54851,Heimatgut GmbH,POZ2
#H54850,Heimatgut GmbH,POZ2
#H54849,Heimatgut GmbH,POZ2
#H54848,Heimatgut GmbH,POZ2
,Heimatgut GmbH,POZ2
#H54847,Heimatgut GmbH,POZ2
#H54846,Heimatgut GmbH,POZ2
#H54845,Heimatgut GmbH,POZ2
#H54844,Heimatgut GmbH,POZ2
#H54843,Heimatgut GmbH,POZ2
#H54842,Heimatgut GmbH,POZ2
#H54841,Heimatgut GmbH,POZ2
#H54840,Heimatgut GmbH,POZ2
#H54839,Heimatgut GmbH,POZ2
#H54838,Heimatgut GmbH,POZ2
#H54837,Heimatgut GmbH,POZ2
2575,Hive Standard Material,POZ2
2568,Hive Standard Material,POZ2
2567,Hive Standard Material,POZ2
2556,Hive Standard Material,POZ2
2537,Hive Standard Material,POZ2
2528,Hive Standard Material,POZ2
2527,Hive Standard Material,POZ2
2521,Hive Standard Material,POZ2
2519,Hive Standard Material,POZ2
2513,Hive Standard Material,POZ2
2488,Hive Standard Material,POZ2
2483,Hive Standard Material,POZ2
2480,Hive Standard Material,POZ2
2479,Hive Standard Material,POZ2
2462,Hive Standard Material,POZ2
2458,Hive Standard Material,POZ2
2457,Hive Standard Material,POZ2
2456,Hive Standard Material,POZ2
2450,Hive Standard Material,POZ2
2437,Hive Standard Material,POZ2
2436,Hive Standard Material,POZ2
2424,Hive Standard Material,POZ2
2422,Hive Standard Material,POZ2
2364,Hive Standard Material,POZ2
2363,Hive Standard Material,POZ2
2315,Hive Standard Material,POZ2
2300,Hive Standard Material,POZ2
2265,Hive Standard Material,POZ2
2219,Hive Standard Material,POZ2
2216,Hive Standard Material,POZ2
2041,Hive Standard Material,POZ2
1956,Hive Standard Material,POZ2
1928,Hive Standard Material,POZ2
1886,Hive Standard Material,POZ2
1871,Hive Standard Material,POZ2
B2C000522,Hydraid,POZ2
B2C000521,Hydraid,POZ2
B2C000520,Hydraid,POZ2
B2C000519,Hydraid,POZ2
B2C000518,Hydraid,POZ2
B2C000517,Hydraid,POZ2
B2C000516,Hydraid,POZ2
B2C000515,Hydraid,POZ2
B2C000513,Hydraid,POZ2
B2C000511,Hydraid,POZ2
B2C000510,Hydraid,POZ2
B2C000509,Hydraid,POZ2
B2C000508,Hydraid,POZ2
B2C000507,Hydraid,POZ2
B2C000506,Hydraid,POZ2
B2C000505,Hydraid,POZ2
B2C000504,Hydraid,POZ2
B2C000503,Hydraid,POZ2
B2C000502,Hydraid,POZ2
B2C000501,Hydraid,POZ2
B2C000500,Hydraid,POZ2
B2C000499,Hydraid,POZ2
B2B000111,Hydraid,POZ2
B2C000498,Hydraid,POZ2
B2C000497,Hydraid,POZ2
B2C000494,Hydraid,POZ2
B2C000492,Hydraid,POZ2
B2C000491,Hydraid,POZ2
B2C000490,Hydraid,POZ2
B2C000489,Hydraid,POZ2
B2C000488,Hydraid,POZ2
B2C000487,Hydraid,POZ2
B2C000486,Hydraid,POZ2
B2C000485,Hydraid,POZ2
B2C000484,Hydraid,POZ2
B2C000483,Hydraid,POZ2
B2C000482,Hydraid,POZ2
B2C000481,Hydraid,POZ2
B2C000480,Hydraid,POZ2
B2C000479,Hydraid,POZ2
B2C000478,Hydraid,POZ2
B2C000477,Hydraid,POZ2
B2C000476,Hydraid,POZ2
B2C000474,Hydraid,POZ2
B2C000473,Hydraid,POZ2
B2C000472,Hydraid,POZ2
B2C000471,Hydraid,POZ2
B2C000470,Hydraid,POZ2
B2C000469,Hydraid,POZ2
B2C000468,Hydraid,POZ2
16592444281,Ipanema Beauty,POZ2
VA1070849437,Ipanema Beauty,POZ2
16592443281,Ipanema Beauty,POZ2
16592442281,Ipanema Beauty,POZ2
16592441281,Ipanema Beauty,POZ2
VA1070848437,Ipanema Beauty,POZ2
16592440281,Ipanema Beauty,POZ2
VA1070847437,Ipanema Beauty,POZ2
VA1070846437,Ipanema Beauty,POZ2
16592439281,Ipanema Beauty,POZ2
VA1070845437,Ipanema Beauty,POZ2
16592438281,Ipanema Beauty,POZ2
VA1070844437,Ipanema Beauty,POZ2
VA1070843437,Ipanema Beauty,POZ2
EN1349582291,Ipanema Beauty,POZ2
16592437281,Ipanema Beauty,POZ2
16592436281,Ipanema Beauty,POZ2
VA1070842437,Ipanema Beauty,POZ2
VA1070841437,Ipanema Beauty,POZ2
VA1070840437,Ipanema Beauty,POZ2
VA1070839437,Ipanema Beauty,POZ2
VA1070838437,Ipanema Beauty,POZ2
VA1070837437,Ipanema Beauty,POZ2
VA1070836437,Ipanema Beauty,POZ2
302-0371757-8852308,Ipanema Beauty,POZ2
302-1016912-1074729,Ipanema Beauty,POZ2
16592435281,Ipanema Beauty,POZ2
VA1070835437,Ipanema Beauty,POZ2
VA1070834437,Ipanema Beauty,POZ2
1KQNM3,Ipanema Beauty,POZ2
16592433281,Ipanema Beauty,POZ2
16592432281,Ipanema Beauty,POZ2
VA1070833437,Ipanema Beauty,POZ2
VA1070832437,Ipanema Beauty,POZ2
16592431281,Ipanema Beauty,POZ2
VA1070831437,Ipanema Beauty,POZ2
VA1070830437,Ipanema Beauty,POZ2
16592430281,Ipanema Beauty,POZ2
VA1070829437,Ipanema Beauty,POZ2
VA1070828437,Ipanema Beauty,POZ2
VA1070827437,Ipanema Beauty,POZ2
VA1070826437,Ipanema Beauty,POZ2
VA1070825437,Ipanema Beauty,POZ2
16592429281,Ipanema Beauty,POZ2
VA1070824437,Ipanema Beauty,POZ2
16592428281,Ipanema Beauty,POZ2
VA1070823437,Ipanema Beauty,POZ2
VA1070822437,Ipanema Beauty,POZ2
VA1070821437,Ipanema Beauty,POZ2
16592427281,Ipanema Beauty,POZ2
#740406,Jacks Beauty Line,POZ2
#740405,Jacks Beauty Line,POZ2
#740404,Jacks Beauty Line,POZ2
#740403,Jacks Beauty Line,POZ2
#740402,Jacks Beauty Line,POZ2
#740401,Jacks Beauty Line,POZ2
#740400,Jacks Beauty Line,POZ2
#740399,Jacks Beauty Line,POZ2
#740398,Jacks Beauty Line,POZ2
#740397,Jacks Beauty Line,POZ2
#740396,Jacks Beauty Line,POZ2
#740395,Jacks Beauty Line,POZ2
#740394,Jacks Beauty Line,POZ2
#740393,Jacks Beauty Line,POZ2
#740392,Jacks Beauty Line,POZ2
#740391,Jacks Beauty Line,POZ2
#740390,Jacks Beauty Line,POZ2
#740389,Jacks Beauty Line,POZ2
#740388,Jacks Beauty Line,POZ2
#740387,Jacks Beauty Line,POZ2
#740386,Jacks Beauty Line,POZ2
#740385,Jacks Beauty Line,POZ2
#740384,Jacks Beauty Line,POZ2
#740383,Jacks Beauty Line,POZ2
#740382,Jacks Beauty Line,POZ2
#740381,Jacks Beauty Line,POZ2
#740380,Jacks Beauty Line,POZ2
#740379,Jacks Beauty Line,POZ2
#740378,Jacks Beauty Line,POZ2
#740377,Jacks Beauty Line,POZ2
#740376,Jacks Beauty Line,POZ2
#740375,Jacks Beauty Line,POZ2
#740374,Jacks Beauty Line,POZ2
#740373,Jacks Beauty Line,POZ2
#740372,Jacks Beauty Line,POZ2
#740371,Jacks Beauty Line,POZ2
#740370,Jacks Beauty Line,POZ2
#740369,Jacks Beauty Line,POZ2
#740368,Jacks Beauty Line,POZ2
#740367,Jacks Beauty Line,POZ2
#740366,Jacks Beauty Line,POZ2
#740365,Jacks Beauty Line,POZ2
#740364,Jacks Beauty Line,POZ2
#740363,Jacks Beauty Line,POZ2
#740362,Jacks Beauty Line,POZ2
#740361,Jacks Beauty Line,POZ2
#740360,Jacks Beauty Line,POZ2
#740359,Jacks Beauty Line,POZ2
#740358,Jacks Beauty Line,POZ2
#740357,Jacks Beauty Line,POZ2
2542,KERAZUL,POZ2
#2694,KERAZUL,POZ2
#2693,KERAZUL,POZ2
#2692,KERAZUL,POZ2
#2691,KERAZUL,POZ2
#2610,KERAZUL,POZ2
#2602,KERAZUL,POZ2
#2601,KERAZUL,POZ2
#2531,KERAZUL,POZ2
#2515,KERAZUL,POZ2
#2514,KERAZUL,POZ2
#2513,KERAZUL,POZ2
#2512,KERAZUL,POZ2
#2511,KERAZUL,POZ2
B2C001540,KERAZUL,POZ2
#2510,KERAZUL,POZ2
#2509,KERAZUL,POZ2
#2508,KERAZUL,POZ2
#2507,KERAZUL,POZ2
#2506,KERAZUL,POZ2
#2505,KERAZUL,POZ2
#2503,KERAZUL,POZ2
#2501,KERAZUL,POZ2
#2500,KERAZUL,POZ2
#2495,KERAZUL,POZ2
#2493,KERAZUL,POZ2
#2492,KERAZUL,POZ2
#2491,KERAZUL,POZ2
#2490,KERAZUL,POZ2
#2489,KERAZUL,POZ2
#2488,KERAZUL,POZ2
#2487,KERAZUL,POZ2
#2486,KERAZUL,POZ2
#2485,KERAZUL,POZ2
#2484,KERAZUL,POZ2
#2483,KERAZUL,POZ2
#2482,KERAZUL,POZ2
#2481,KERAZUL,POZ2
#2480,KERAZUL,POZ2
#2479,KERAZUL,POZ2
#2478,KERAZUL,POZ2
#2477,KERAZUL,POZ2
B2C001505,KERAZUL,POZ2
#2476,KERAZUL,POZ2
#2475,KERAZUL,POZ2
#2474,KERAZUL,POZ2
#2473,KERAZUL,POZ2
#2472,KERAZUL,POZ2
#2471,KERAZUL,POZ2
#2470,KERAZUL,POZ2
BE241539222KESS,Kess Berlin,POZ2
BE241539221KESS,Kess Berlin,POZ2
BE241539220KESS,Kess Berlin,POZ2
BE241539219KESS,Kess Berlin,POZ2
BE241539218KESS,Kess Berlin,POZ2
COM2494080KESS,Kess Berlin,POZ2
BE241539217KESS,Kess Berlin,POZ2
DO2337525Kess,Kess Berlin,POZ2
DO2337524Kess,Kess Berlin,POZ2
BE241539216KESS,Kess Berlin,POZ2
DO2337523Kess,Kess Berlin,POZ2
DO2337521Kess,Kess Berlin,POZ2
COM2494079KESS,Kess Berlin,POZ2
BE241539215KESS,Kess Berlin,POZ2
BE241539214KESS,Kess Berlin,POZ2
BE241539213KESS,Kess Berlin,POZ2
BE241539212KESS,Kess Berlin,POZ2
BE241539211KESS,Kess Berlin,POZ2
BE241539210KESS,Kess Berlin,POZ2
DO2337520Kess,Kess Berlin,POZ2
BE241539209KESS,Kess Berlin,POZ2
BE241539208KESS,Kess Berlin,POZ2
COM2494076KESS,Kess Berlin,POZ2
BE241539207KESS,Kess Berlin,POZ2
DO2337519Kess,Kess Berlin,POZ2
BE241539206KESS,Kess Berlin,POZ2
BE241539205KESS,Kess Berlin,POZ2
BE241539204KESS,Kess Berlin,POZ2
BE241539203KESS,Kess Berlin,POZ2
BE241539202KESS,Kess Berlin,POZ2
BE241539201KESS,Kess Berlin,POZ2
BE241539200KESS,Kess Berlin,POZ2
DO2337518Kess,Kess Berlin,POZ2
BE241539199KESS,Kess Berlin,POZ2
BE241539198KESS,Kess Berlin,POZ2
BE241539197KESS,Kess Berlin,POZ2
BE241539196KESS,Kess Berlin,POZ2
BE241539195KESS,Kess Berlin,POZ2
BE241539194KESS,Kess Berlin,POZ2
BE241539193KESS,Kess Berlin,POZ2
BE241539192KESS,Kess Berlin,POZ2
BE241539191KESS,Kess Berlin,POZ2
BE241539190KESS,Kess Berlin,POZ2
BE241539189KESS,Kess Berlin,POZ2
BE241539188KESS,Kess Berlin,POZ2
BE241539187KESS,Kess Berlin,POZ2
BE241539186KESS,Kess Berlin,POZ2
BE241539185KESS,Kess Berlin,POZ2
BE241539184KESS,Kess Berlin,POZ2
BE241539183KESS,Kess Berlin,POZ2
#1246577,LAB46 GmbH,POZ2
#1246576,LAB46 GmbH,POZ2
#1246575,LAB46 GmbH,POZ2
#1246574,LAB46 GmbH,POZ2
#1246573,LAB46 GmbH,POZ2
#1246572,LAB46 GmbH,POZ2
#1246571,LAB46 GmbH,POZ2
#1246570,LAB46 GmbH,POZ2
#1246569,LAB46 GmbH,POZ2
#1246568,LAB46 GmbH,POZ2
#1246567,LAB46 GmbH,POZ2
#1246566,LAB46 GmbH,POZ2
#1246565,LAB46 GmbH,POZ2
#1246564,LAB46 GmbH,POZ2
#1246563,LAB46 GmbH,POZ2
#1246562,LAB46 GmbH,POZ2
#1246561,LAB46 GmbH,POZ2
#1246560,LAB46 GmbH,POZ2
#1246559,LAB46 GmbH,POZ2
#1246558,LAB46 GmbH,POZ2
#1246557,LAB46 GmbH,POZ2
#1246556,LAB46 GmbH,POZ2
#1246555,LAB46 GmbH,POZ2
#1246554,LAB46 GmbH,POZ2
#1246553,LAB46 GmbH,POZ2
#1246552,LAB46 GmbH,POZ2
#1246551,LAB46 GmbH,POZ2
#1246550,LAB46 GmbH,POZ2
#1246549,LAB46 GmbH,POZ2
#1246548,LAB46 GmbH,POZ2
#1246547,LAB46 GmbH,POZ2
#1246546,LAB46 GmbH,POZ2
#1246545,LAB46 GmbH,POZ2
#1246544,LAB46 GmbH,POZ2
#1246543,LAB46 GmbH,POZ2
#1246542,LAB46 GmbH,POZ2
#1246541,LAB46 GmbH,POZ2
#1246540,LAB46 GmbH,POZ2
#1246539,LAB46 GmbH,POZ2
#1246538,LAB46 GmbH,POZ2
#1246537,LAB46 GmbH,POZ2
#1246536,LAB46 GmbH,POZ2
#1246535,LAB46 GmbH,POZ2
#1246534,LAB46 GmbH,POZ2
#1246533,LAB46 GmbH,POZ2
#1246532,LAB46 GmbH,POZ2
#1246531,LAB46 GmbH,POZ2
#1246530,LAB46 GmbH,POZ2
#1246529,LAB46 GmbH,POZ2
#1246528,LAB46 GmbH,POZ2
#LF94038,Lefaya,POZ2
#LF94037,Lefaya,POZ2
#LF94036,Lefaya,POZ2
#LF94035,Lefaya,POZ2
#LF94034,Lefaya,POZ2
#LF94033,Lefaya,POZ2
#LF94032,Lefaya,POZ2
#LF94031,Lefaya,POZ2
#LF94030,Lefaya,POZ2
#LF94029,Lefaya,POZ2
#LF94028,Lefaya,POZ2
#LF94027,Lefaya,POZ2
#LF94026,Lefaya,POZ2
#LF94025,Lefaya,POZ2
#LF94024,Lefaya,POZ2
#LF94023,Lefaya,POZ2
#LF94021,Lefaya,POZ2
#LF94020,Lefaya,POZ2
#LF94019,Lefaya,POZ2
#LF94018,Lefaya,POZ2
#LF94017,Lefaya,POZ2
#LF94016,Lefaya,POZ2
#LF94015,Lefaya,POZ2
#LF94013,Lefaya,POZ2
#LF94011,Lefaya,POZ2
#LF94010,Lefaya,POZ2
#LF94009,Lefaya,POZ2
#LF94008,Lefaya,POZ2
#LF94007,Lefaya,POZ2
#LF94005,Lefaya,POZ2
#LF94004,Lefaya,POZ2
#LF94003,Lefaya,POZ2
#LF94002,Lefaya,POZ2
#LF94001,Lefaya,POZ2
#LF94000,Lefaya,POZ2
#LF93999,Lefaya,POZ2
#LF93998,Lefaya,POZ2
#LF93997,Lefaya,POZ2
#LF93996,Lefaya,POZ2
#LF93995,Lefaya,POZ2
#LF93994,Lefaya,POZ2
#LF93993,Lefaya,POZ2
#LF93992,Lefaya,POZ2
#LF93991,Lefaya,POZ2
#LF93990,Lefaya,POZ2
#LF93989,Lefaya,POZ2
#LF93988,Lefaya,POZ2
#LF93987,Lefaya,POZ2
#LF93986,Lefaya,POZ2
#LF93985,Lefaya,POZ2
150864,Moya Europe,POZ2
150863,Moya Europe,POZ2
150861,Moya Europe,POZ2
150843,Moya Europe,POZ2
150842,Moya Europe,POZ2
150840,Moya Europe,POZ2
150836,Moya Europe,POZ2
150835,Moya Europe,POZ2
150834,Moya Europe,POZ2
150832,Moya Europe,POZ2
150828,Moya Europe,POZ2
150821,Moya Europe,POZ2
150819,Moya Europe,POZ2
150817,Moya Europe,POZ2
150815,Moya Europe,POZ2
150814,Moya Europe,POZ2
150812,Moya Europe,POZ2
150811,Moya Europe,POZ2
150809,Moya Europe,POZ2
150808,Moya Europe,POZ2
150799,Moya Europe,POZ2
150798,Moya Europe,POZ2
150797,Moya Europe,POZ2
150794,Moya Europe,POZ2
150792,Moya Europe,POZ2
150787,Moya Europe,POZ2
150786,Moya Europe,POZ2
150781,Moya Europe,POZ2
150776,Moya Europe,POZ2
150773,Moya Europe,POZ2
150772,Moya Europe,POZ2
150771,Moya Europe,POZ2
150769,Moya Europe,POZ2
150766,Moya Europe,POZ2
150763,Moya Europe,POZ2
150761,Moya Europe,POZ2
150754,Moya Europe,POZ2
150752,Moya Europe,POZ2
150747,Moya Europe,POZ2
150745,Moya Europe,POZ2
150744,Moya Europe,POZ2
150738,Moya Europe,POZ2
150730,Moya Europe,POZ2
150728,Moya Europe,POZ2
150726,Moya Europe,POZ2
150725,Moya Europe,POZ2
150723,Moya Europe,POZ2
150720,Moya Europe,POZ2
150711,Moya Europe,POZ2
150708,Moya Europe,POZ2
277093,My Rapunzel,POZ2
277092,My Rapunzel,POZ2
277091,My Rapunzel,POZ2
277090,My Rapunzel,POZ2
277089,My Rapunzel,POZ2
277088,My Rapunzel,POZ2
277087,My Rapunzel,POZ2
277086,My Rapunzel,POZ2
277085,My Rapunzel,POZ2
277084,My Rapunzel,POZ2
277083,My Rapunzel,POZ2
277082,My Rapunzel,POZ2
277081,My Rapunzel,POZ2
277080,My Rapunzel,POZ2
277079,My Rapunzel,POZ2
277078,My Rapunzel,POZ2
#MRINT2970,My Rapunzel,POZ2
277077,My Rapunzel,POZ2
277076,My Rapunzel,POZ2
277075,My Rapunzel,POZ2
277074,My Rapunzel,POZ2
277073,My Rapunzel,POZ2
277072,My Rapunzel,POZ2
277071,My Rapunzel,POZ2
277070,My Rapunzel,POZ2
277069,My Rapunzel,POZ2
277068,My Rapunzel,POZ2
277067,My Rapunzel,POZ2
277066,My Rapunzel,POZ2
277065,My Rapunzel,POZ2
277064,My Rapunzel,POZ2
277063,My Rapunzel,POZ2
277062,My Rapunzel,POZ2
277061,My Rapunzel,POZ2
277060,My Rapunzel,POZ2
277059,My Rapunzel,POZ2
277058,My Rapunzel,POZ2
277057,My Rapunzel,POZ2
277056,My Rapunzel,POZ2
277055,My Rapunzel,POZ2
277054,My Rapunzel,POZ2
277053,My Rapunzel,POZ2
277052,My Rapunzel,POZ2
277051,My Rapunzel,POZ2
277050,My Rapunzel,POZ2
277049,My Rapunzel,POZ2
277048,My Rapunzel,POZ2
277047,My Rapunzel,POZ2
277046,My Rapunzel,POZ2
277045,My Rapunzel,POZ2
#17668,Onors,POZ2
#17667,Onors,POZ2
#17665,Onors,POZ2
#17661,Onors,POZ2
#17660,Onors,POZ2
#17659,Onors,POZ2
#17658,Onors,POZ2
#17656,Onors,POZ2
#17655,Onors,POZ2
#17653,Onors,POZ2
#17651,Onors,POZ2
#17649,Onors,POZ2
#17648,Onors,POZ2
#17647,Onors,POZ2
#17646,Onors,POZ2
#17645,Onors,POZ2
#17644,Onors,POZ2
#17640,Onors,POZ2
#17639,Onors,POZ2
#17638,Onors,POZ2
#17637,Onors,POZ2
#17636,Onors,POZ2
#17635,Onors,POZ2
#17634,Onors,POZ2
#17633,Onors,POZ2
#17632,Onors,POZ2
#17631,Onors,POZ2
#17629,Onors,POZ2
#17628,Onors,POZ2
#17627,Onors,POZ2
#17626,Onors,POZ2
#17622,Onors,POZ2
#17620,Onors,POZ2
#17619,Onors,POZ2
#17618,Onors,POZ2
#17617,Onors,POZ2
#17616,Onors,POZ2
#17615,Onors,POZ2
#17607,Onors,POZ2
#17606,Onors,POZ2
#17604,Onors,POZ2
#17603,Onors,POZ2
#17598,Onors,POZ2
#17596,Onors,POZ2
#17594,Onors,POZ2
#17592,Onors,POZ2
#17591,Onors,POZ2
#17590,Onors,POZ2
#17589,Onors,POZ2
#17586,Onors,POZ2
#180634,Pick'em Gmbh,POZ2
#180631,Pick'em Gmbh,POZ2
#180621,Pick'em Gmbh,POZ2
#180605,Pick'em Gmbh,POZ2
#180603,Pick'em Gmbh,POZ2
#180602,Pick'em Gmbh,POZ2
#180601,Pick'em Gmbh,POZ2
#180600,Pick'em Gmbh,POZ2
#180599,Pick'em Gmbh,POZ2
#180598,Pick'em Gmbh,POZ2
#180597,Pick'em Gmbh,POZ2
#180594,Pick'em Gmbh,POZ2
#180593,Pick'em Gmbh,POZ2
#180592,Pick'em Gmbh,POZ2
#180591,Pick'em Gmbh,POZ2
#180590,Pick'em Gmbh,POZ2
#180589,Pick'em Gmbh,POZ2
#180588,Pick'em Gmbh,POZ2
#180587,Pick'em Gmbh,POZ2
#180586,Pick'em Gmbh,POZ2
#180585,Pick'em Gmbh,POZ2
#180584,Pick'em Gmbh,POZ2
#180583,Pick'em Gmbh,POZ2
#180582,Pick'em Gmbh,POZ2
#180581,Pick'em Gmbh,POZ2
#180580,Pick'em Gmbh,POZ2
#180579,Pick'em Gmbh,POZ2
#180578,Pick'em Gmbh,POZ2
#180577,Pick'em Gmbh,POZ2
#180576,Pick'em Gmbh,POZ2
#180575,Pick'em Gmbh,POZ2
#180574,Pick'em Gmbh,POZ2
#180573,Pick'em Gmbh,POZ2
#180572,Pick'em Gmbh,POZ2
#180571,Pick'em Gmbh,POZ2
#180570,Pick'em Gmbh,POZ2
#180569,Pick'em Gmbh,POZ2
#180568,Pick'em Gmbh,POZ2
#180567,Pick'em Gmbh,POZ2
#180566,Pick'em Gmbh,POZ2
#180565,Pick'em Gmbh,POZ2
#180564,Pick'em Gmbh,POZ2
#180563,Pick'em Gmbh,POZ2
#180562,Pick'em Gmbh,POZ2
#180561,Pick'em Gmbh,POZ2
#180560,Pick'em Gmbh,POZ2
#180559,Pick'em Gmbh,POZ2
#180558,Pick'em Gmbh,POZ2
#180557,Pick'em Gmbh,POZ2
#180556,Pick'em Gmbh,POZ2
22-14735-42394,Power Adapter Warehouse,POZ2
13-14750-07225,Power Adapter Warehouse,POZ2
04-14764-43206,Power Adapter Warehouse,POZ2
10-14752-84241,Power Adapter Warehouse,POZ2
08-14755-97081,Power Adapter Warehouse,POZ2
19-14738-20398,Power Adapter Warehouse,POZ2
02-14765-84839,Power Adapter Warehouse,POZ2
25-14727-65314,Power Adapter Warehouse,POZ2
01-14765-49578,Power Adapter Warehouse,POZ2
11-14747-74766,Power Adapter Warehouse,POZ2
12-14745-95605,Power Adapter Warehouse,POZ2
23-14727-96455,Power Adapter Warehouse,POZ2
16-14739-13851,Power Adapter Warehouse,POZ2
10-14748-32915,Power Adapter Warehouse,POZ2
04-14757-50486,Power Adapter Warehouse,POZ2
04-14756-16478,Power Adapter Warehouse,POZ2
19-14730-04050,Power Adapter Warehouse,POZ2
19-14729-52135,Power Adapter Warehouse,POZ2
05-14751-56920,Power Adapter Warehouse,POZ2
08-14745-27850,Power Adapter Warehouse,POZ2
20-14726-04759,Power Adapter Warehouse,POZ2
02-14754-83369,Power Adapter Warehouse,POZ2
08-14743-60687,Power Adapter Warehouse,POZ2
01-14754-69432,Power Adapter Warehouse,POZ2
01-14754-68357,Power Adapter Warehouse,POZ2
12-14735-36638,Power Adapter Warehouse,POZ2
13-14733-41504,Power Adapter Warehouse,POZ2
15-14728-23833,Power Adapter Warehouse,POZ2
21-14716-89156,Power Adapter Warehouse,POZ2
24-14726-88075,Power Adapter Warehouse,POZ2
14-14728-02579,Power Adapter Warehouse,POZ2
09-14735-88849,Power Adapter Warehouse,POZ2
11-14728-79907,Power Adapter Warehouse,POZ2
07-14735-25912,Power Adapter Warehouse,POZ2
16-14717-63272,Power Adapter Warehouse,POZ2
13-14722-13949,Power Adapter Warehouse,POZ2
14-14719-60112,Power Adapter Warehouse,POZ2
21-14707-86895,Power Adapter Warehouse,POZ2
24-14718-08408,Power Adapter Warehouse,POZ2
14-14717-88128,Power Adapter Warehouse,POZ2
13-14718-52368,Power Adapter Warehouse,POZ2
03-14734-34265,Power Adapter Warehouse,POZ2
19-14708-58947,Power Adapter Warehouse,POZ2
10-14721-99598,Power Adapter Warehouse,POZ2
04-14731-80027,Power Adapter Warehouse,POZ2
27-14691-84476,Power Adapter Warehouse,POZ2
06-14724-23396,Power Adapter Warehouse,POZ2
B2C000728,Power Adapter Warehouse,POZ2
21-14696-37467,Power Adapter Warehouse,POZ2
15-14705-57740,Power Adapter Warehouse,POZ2
#101234-amz,Rosental Organics,POZ2
#101232-amz,Rosental Organics,POZ2
#1581895,Rosental Organics,POZ2
#101230-amz,Rosental Organics,POZ2
#101228-amz,Rosental Organics,POZ2
#101227-amz,Rosental Organics,POZ2
#101226-amz,Rosental Organics,POZ2
#1581894,Rosental Organics,POZ2
#1581893,Rosental Organics,POZ2
#101222-amz,Rosental Organics,POZ2
#101219-amz,Rosental Organics,POZ2
#1581892,Rosental Organics,POZ2
#101218-amz,Rosental Organics,POZ2
#101217-amz,Rosental Organics,POZ2
#101216-amz,Rosental Organics,POZ2
#101215-amz,Rosental Organics,POZ2
#101214-amz,Rosental Organics,POZ2
#101213-amz,Rosental Organics,POZ2
#101211-amz,Rosental Organics,POZ2
#1581891,Rosental Organics,POZ2
#1581890,Rosental Organics,POZ2
#1581889,Rosental Organics,POZ2
#1581888,Rosental Organics,POZ2
#1581887,Rosental Organics,POZ2
#1581886,Rosental Organics,POZ2
#1581885,Rosental Organics,POZ2
#1581884,Rosental Organics,POZ2
#106790,Rosental Organics,POZ2
#1581883,Rosental Organics,POZ2
#1581882,Rosental Organics,POZ2
#101207-amz,Rosental Organics,POZ2
#101206-amz,Rosental Organics,POZ2
#1581881,Rosental Organics,POZ2
#1581880,Rosental Organics,POZ2
#1581879,Rosental Organics,POZ2
#1581878,Rosental Organics,POZ2
#101204-amz,Rosental Organics,POZ2
#101202-amz,Rosental Organics,POZ2
#101200-amz,Rosental Organics,POZ2
#106789,Rosental Organics,POZ2
#1581877,Rosental Organics,POZ2
#1581876,Rosental Organics,POZ2
#1581875,Rosental Organics,POZ2
#1581874,Rosental Organics,POZ2
#1581873,Rosental Organics,POZ2
#1581872,Rosental Organics,POZ2
#1581871,Rosental Organics,POZ2
#1581870,Rosental Organics,POZ2
#101196-amz,Rosental Organics,POZ2
#1581869,Rosental Organics,POZ2
#55643265,SAMPHIRE NEURO,POZ2
#55643264,SAMPHIRE NEURO,POZ2
#55643250,SAMPHIRE NEURO,POZ2
#55643246,SAMPHIRE NEURO,POZ2
#55643242,SAMPHIRE NEURO,POZ2
#55643237,SAMPHIRE NEURO,POZ2
#55643236,SAMPHIRE NEURO,POZ2
#55643235,SAMPHIRE NEURO,POZ2
#55643225,SAMPHIRE NEURO,POZ2
#55643220,SAMPHIRE NEURO,POZ2
#55643217,SAMPHIRE NEURO,POZ2
B2C000011,SAMPHIRE NEURO,POZ2
#55643202,SAMPHIRE NEURO,POZ2
#55643197,SAMPHIRE NEURO,POZ2
#55643194,SAMPHIRE NEURO,POZ2
#55643180,SAMPHIRE NEURO,POZ2
#55643174,SAMPHIRE NEURO,POZ2
#55643158,SAMPHIRE NEURO,POZ2
#55643154,SAMPHIRE NEURO,POZ2
#55643152,SAMPHIRE NEURO,POZ2
#55643147,SAMPHIRE NEURO,POZ2
#55643146,SAMPHIRE NEURO,POZ2
#55643141,SAMPHIRE NEURO,POZ2
#55643134,SAMPHIRE NEURO,POZ2
55643081,SAMPHIRE NEURO,POZ2
#55643131,SAMPHIRE NEURO,POZ2
#55643129,SAMPHIRE NEURO,POZ2
#55643128,SAMPHIRE NEURO,POZ2
#55643126,SAMPHIRE NEURO,POZ2
#55643122,SAMPHIRE NEURO,POZ2
#55643113,SAMPHIRE NEURO,POZ2
#55643111,SAMPHIRE NEURO,POZ2
#55643103,SAMPHIRE NEURO,POZ2
#55643100,SAMPHIRE NEURO,POZ2
#55643097,SAMPHIRE NEURO,POZ2
#55643096,SAMPHIRE NEURO,POZ2
#55643090,SAMPHIRE NEURO,POZ2
#55643087,SAMPHIRE NEURO,POZ2
#55643085,SAMPHIRE NEURO,POZ2
55643003,SAMPHIRE NEURO,POZ2
#55643073,SAMPHIRE NEURO,POZ2
#55643071,SAMPHIRE NEURO,POZ2
#55643069,SAMPHIRE NEURO,POZ2
#55643068,SAMPHIRE NEURO,POZ2
#55643060,SAMPHIRE NEURO,POZ2
#55643058,SAMPHIRE NEURO,POZ2
#55643057,SAMPHIRE NEURO,POZ2
55643045,SAMPHIRE NEURO,POZ2
#55643047,SAMPHIRE NEURO,POZ2
#55643045,SAMPHIRE NEURO,POZ2
#1233198,SHEKO,POZ2
#1233196,SHEKO,POZ2
#1233194,SHEKO,POZ2
#1233192,SHEKO,POZ2
#1233191,SHEKO,POZ2
405-8877372-7237164,SHEKO,POZ2
#1233190,SHEKO,POZ2
306-4180147-3764342,SHEKO,POZ2
#1233186,SHEKO,POZ2
#1233185,SHEKO,POZ2
304-8376844-9303508,SHEKO,POZ2
#1233183,SHEKO,POZ2
303-9420922-3795548,SHEKO,POZ2
#1233180,SHEKO,POZ2
#1233178,SHEKO,POZ2
#1233177,SHEKO,POZ2
#1233176,SHEKO,POZ2
#1233175,SHEKO,POZ2
#1233173,SHEKO,POZ2
#1233170,SHEKO,POZ2
#1233169,SHEKO,POZ2
#1233167,SHEKO,POZ2
#1233164,SHEKO,POZ2
#1233163,SHEKO,POZ2
#1233161,SHEKO,POZ2
304-0652545-8890742,SHEKO,POZ2
#1233159,SHEKO,POZ2
#1233155,SHEKO,POZ2
#1233154,SHEKO,POZ2
#1233151,SHEKO,POZ2
#1233150,SHEKO,POZ2
206-1688807-9217908,SHEKO,POZ2
302-8319710-0145934,SHEKO,POZ2
#1233148,SHEKO,POZ2
#1233147,SHEKO,POZ2
#1233144,SHEKO,POZ2
#1233141,SHEKO,POZ2
#1233140,SHEKO,POZ2
302-0122288-6985147,SHEKO,POZ2
#1233138,SHEKO,POZ2
#1233137,SHEKO,POZ2
#1233136,SHEKO,POZ2
#1233134,SHEKO,POZ2
303-7791827-8066758,SHEKO,POZ2
#1233133,SHEKO,POZ2
#1233131,SHEKO,POZ2
#1233130,SHEKO,POZ2
#1233129,SHEKO,POZ2
#1233128,SHEKO,POZ2
028-1857036-0141111,SHEKO,POZ2
2179531,Salted GmbH,POZ2
2179530,Salted GmbH,POZ2
2179529,Salted GmbH,POZ2
2179528,Salted GmbH,POZ2
2179527,Salted GmbH,POZ2
2179526,Salted GmbH,POZ2
2179525,Salted GmbH,POZ2
2179524,Salted GmbH,POZ2
2179523,Salted GmbH,POZ2
2179522,Salted GmbH,POZ2
2179521,Salted GmbH,POZ2
2179520,Salted GmbH,POZ2
2179519,Salted GmbH,POZ2
2179518,Salted GmbH,POZ2
2179517,Salted GmbH,POZ2
2179516,Salted GmbH,POZ2
2179515,Salted GmbH,POZ2
2179514,Salted GmbH,POZ2
2179513,Salted GmbH,POZ2
2179512,Salted GmbH,POZ2
2179511,Salted GmbH,POZ2
2179510,Salted GmbH,POZ2
2179509,Salted GmbH,POZ2
2179508,Salted GmbH,POZ2
2179507,Salted GmbH,POZ2
2179506,Salted GmbH,POZ2
2179505,Salted GmbH,POZ2
2179504,Salted GmbH,POZ2
2179503,Salted GmbH,POZ2
2179502,Salted GmbH,POZ2
2179501,Salted GmbH,POZ2
2179500,Salted GmbH,POZ2
2179499,Salted GmbH,POZ2
2179498,Salted GmbH,POZ2
2179497,Salted GmbH,POZ2
2179495,Salted GmbH,POZ2
2179494,Salted GmbH,POZ2
2179492,Salted GmbH,POZ2
2179491,Salted GmbH,POZ2
2179490,Salted GmbH,POZ2
2179489,Salted GmbH,POZ2
2179488,Salted GmbH,POZ2
2179487,Salted GmbH,POZ2
2179486,Salted GmbH,POZ2
2179485,Salted GmbH,POZ2
2179484,Salted GmbH,POZ2
2179483,Salted GmbH,POZ2
2179496,Salted GmbH,POZ2
2179482,Salted GmbH,POZ2
2179481,Salted GmbH,POZ2
#SRDE345504,Sophie Rosenburg,POZ2
#SRDE345503,Sophie Rosenburg,POZ2
#SRDE345502,Sophie Rosenburg,POZ2
#SRDE345501,Sophie Rosenburg,POZ2
#SRDE345499,Sophie Rosenburg,POZ2
#SRDE345498,Sophie Rosenburg,POZ2
#SRDE345500,Sophie Rosenburg,POZ2
#SRDE345497,Sophie Rosenburg,POZ2
#SRDE345496,Sophie Rosenburg,POZ2
#SRDE345495,Sophie Rosenburg,POZ2
#SRDE345494,Sophie Rosenburg,POZ2
#SRDE345493,Sophie Rosenburg,POZ2
#SRDE345492,Sophie Rosenburg,POZ2
#SRDE345491,Sophie Rosenburg,POZ2
#SRDE345490,Sophie Rosenburg,POZ2
#SRDE345488,Sophie Rosenburg,POZ2
#SRDE345489,Sophie Rosenburg,POZ2
#SRDE345487,Sophie Rosenburg,POZ2
#SRDE345486,Sophie Rosenburg,POZ2
#SRDE345485,Sophie Rosenburg,POZ2
#SRDE345484,Sophie Rosenburg,POZ2
#SRDE345483,Sophie Rosenburg,POZ2
#SRDE345482,Sophie Rosenburg,POZ2
#SRDE345480,Sophie Rosenburg,POZ2
#SRDE345481,Sophie Rosenburg,POZ2
#SRDE345479,Sophie Rosenburg,POZ2
#SRDE345477,Sophie Rosenburg,POZ2
#SRDE345478,Sophie Rosenburg,POZ2
#SRDE345476,Sophie Rosenburg,POZ2
#SRDE345475,Sophie Rosenburg,POZ2
#SRDE345474,Sophie Rosenburg,POZ2
#SRDE345473,Sophie Rosenburg,POZ2
#SRDE345472,Sophie Rosenburg,POZ2
#SRDE345471,Sophie Rosenburg,POZ2
#SRDE345470,Sophie Rosenburg,POZ2
#SRDE345469,Sophie Rosenburg,POZ2
#SRDE345468,Sophie Rosenburg,POZ2
#SRDE345467,Sophie Rosenburg,POZ2
#SRDE345466,Sophie Rosenburg,POZ2
#SRDE345465,Sophie Rosenburg,POZ2
#SRDE345464,Sophie Rosenburg,POZ2
#SRDE345463,Sophie Rosenburg,POZ2
#SRDE345462,Sophie Rosenburg,POZ2
#SRDE345461,Sophie Rosenburg,POZ2
#SRDE345460,Sophie Rosenburg,POZ2
#SRDE345459,Sophie Rosenburg,POZ2
#SRDE345458,Sophie Rosenburg,POZ2
#SRDE345457,Sophie Rosenburg,POZ2
#SRDE345456,Sophie Rosenburg,POZ2
#SRDE345455,Sophie Rosenburg,POZ2
#DE-47097,Spillfabrikken,POZ2
#DE-47096,Spillfabrikken,POZ2
#DE-47095,Spillfabrikken,POZ2
#DE-47094,Spillfabrikken,POZ2
#DE-47093,Spillfabrikken,POZ2
#DE-47092,Spillfabrikken,POZ2
#DE-47091,Spillfabrikken,POZ2
#DE-47090,Spillfabrikken,POZ2
#DE-47089,Spillfabrikken,POZ2
#DE-47088,Spillfabrikken,POZ2
#DE-47087,Spillfabrikken,POZ2
#DE-47086,Spillfabrikken,POZ2
#DE-47085,Spillfabrikken,POZ2
#DE-47084,Spillfabrikken,POZ2
#DE-47083,Spillfabrikken,POZ2
#DE-47082,Spillfabrikken,POZ2
#DE-47081,Spillfabrikken,POZ2
#DE-47080,Spillfabrikken,POZ2
#DE-47079,Spillfabrikken,POZ2
#DE-47078,Spillfabrikken,POZ2
#DE-47077,Spillfabrikken,POZ2
#DE-47076,Spillfabrikken,POZ2
#DE-47075,Spillfabrikken,POZ2
#DE-47074,Spillfabrikken,POZ2
#DE-47073,Spillfabrikken,POZ2
#DE-47072,Spillfabrikken,POZ2
#DE-47071,Spillfabrikken,POZ2
#DE-47070,Spillfabrikken,POZ2
#DE-47069,Spillfabrikken,POZ2
#DE-47068,Spillfabrikken,POZ2
#DE-47067,Spillfabrikken,POZ2
#DE-47066,Spillfabrikken,POZ2
#DE-47065,Spillfabrikken,POZ2
#DE-47064,Spillfabrikken,POZ2
#DE-47063,Spillfabrikken,POZ2
#DE-47062,Spillfabrikken,POZ2
#DE-47061,Spillfabrikken,POZ2
#DE-47060,Spillfabrikken,POZ2
#DE-47059,Spillfabrikken,POZ2
#DE-47058,Spillfabrikken,POZ2
#DE-47057,Spillfabrikken,POZ2
#DE-47056,Spillfabrikken,POZ2
#DE-47055,Spillfabrikken,POZ2
#DE-47054,Spillfabrikken,POZ2
#DE-47053,Spillfabrikken,POZ2
#DE-47052,Spillfabrikken,POZ2
#DE-47051,Spillfabrikken,POZ2
#DE-47050,Spillfabrikken,POZ2
#DE-47049,Spillfabrikken,POZ2
#DE-47048,Spillfabrikken,POZ2
306-9982126-5825103,TIOB GmbH,POZ2
028-0233362-2281115,TIOB GmbH,POZ2
305-1625814-9913158,TIOB GmbH,POZ2
303-3336673-9224352,TIOB GmbH,POZ2
306-9918938-6729947,TIOB GmbH,POZ2
305-7119548-2304338,TIOB GmbH,POZ2
028-2966992-6011564,TIOB GmbH,POZ2
305-6346088-1121958,TIOB GmbH,POZ2
302-2753050-3595550,TIOB GmbH,POZ2
#3844,TIOB GmbH,POZ2
B2C002447,TIOB GmbH,POZ2
305-4155243-5341946,TIOB GmbH,POZ2
028-7796008-9577158,TIOB GmbH,POZ2
303-0966330-4729944,TIOB GmbH,POZ2
028-1784932-1693162,TIOB GmbH,POZ2
305-9853181-4847516,TIOB GmbH,POZ2
305-2667779-9701139,TIOB GmbH,POZ2
#3843,TIOB GmbH,POZ2
304-5963311-7187564,TIOB GmbH,POZ2
304-7036091-4808305,TIOB GmbH,POZ2
305-3132106-7034736,TIOB GmbH,POZ2
306-6240318-4130715,TIOB GmbH,POZ2
028-4879548-0961958,TIOB GmbH,POZ2
304-8290733-7526703,TIOB GmbH,POZ2
304-7745386-1152335,TIOB GmbH,POZ2
306-6320978-4114754,TIOB GmbH,POZ2
303-5781626-5774757,TIOB GmbH,POZ2
302-6411151-9320344,TIOB GmbH,POZ2
028-0696985-9894723,TIOB GmbH,POZ2
305-8053314-9821131,TIOB GmbH,POZ2
302-9438516-3952349,TIOB GmbH,POZ2
304-6789293-8281115,TIOB GmbH,POZ2
028-9533969-2701124,TIOB GmbH,POZ2
306-4267255-4045104,TIOB GmbH,POZ2
304-5523316-6642761,TIOB GmbH,POZ2
306-4874492-9823564,TIOB GmbH,POZ2
303-3756297-7011565,TIOB GmbH,POZ2
305-7372920-5002706,TIOB GmbH,POZ2
028-5031554-8617136,TIOB GmbH,POZ2
304-0434901-7324311,TIOB GmbH,POZ2
306-4235141-2049952,TIOB GmbH,POZ2
303-3737273-0457961,TIOB GmbH,POZ2
304-8877887-4614708,TIOB GmbH,POZ2
302-1556303-3928336,TIOB GmbH,POZ2
303-1661639-0332340,TIOB GmbH,POZ2
303-3890740-2849935,TIOB GmbH,POZ2
#3842,TIOB GmbH,POZ2
304-9874823-9070725,TIOB GmbH,POZ2
305-8046161-8869923,TIOB GmbH,POZ2
304-1776436-4860304,TIOB GmbH,POZ2
#AD84838,Tandm,POZ2
#AD84837,Tandm,POZ2
#AD84836,Tandm,POZ2
#AD84835,Tandm,POZ2
#AD84834,Tandm,POZ2
#AD84833,Tandm,POZ2
#AD84832,Tandm,POZ2
#AD84831,Tandm,POZ2
#AD84830,Tandm,POZ2
#AD84829,Tandm,POZ2
#AD84828,Tandm,POZ2
#AD84827,Tandm,POZ2
#AD84826,Tandm,POZ2
#AD84825,Tandm,POZ2
#AD84824,Tandm,POZ2
#AD84823,Tandm,POZ2
#AD84822,Tandm,POZ2
#AD84821,Tandm,POZ2
#AD84820,Tandm,POZ2
#AD84819,Tandm,POZ2
#AD84818,Tandm,POZ2
#AD84817,Tandm,POZ2
#AD84816,Tandm,POZ2
#AD84815,Tandm,POZ2
#AD84814,Tandm,POZ2
#AD84813,Tandm,POZ2
#AD84812,Tandm,POZ2
#AD84811,Tandm,POZ2
#AD84810,Tandm,POZ2
#AD84809,Tandm,POZ2
#AD84808,Tandm,POZ2
#AD84807,Tandm,POZ2
#AD84806,Tandm,POZ2
#AD84805,Tandm,POZ2
#AD84804,Tandm,POZ2
#AD84803,Tandm,POZ2
#AD84802,Tandm,POZ2
#AD84801,Tandm,POZ2
#AD84800,Tandm,POZ2
#AD84799,Tandm,POZ2
#AD84798,Tandm,POZ2
#AD84797,Tandm,POZ2
#AD84796,Tandm,POZ2
#AD84795,Tandm,POZ2
#AD84794,Tandm,POZ2
#AD84793,Tandm,POZ2
#AD84792,Tandm,POZ2
#AD84791,Tandm,POZ2
#AD84790,Tandm,POZ2
#AD84789,Tandm,POZ2
DE230683,Vertellis,POZ2
DE230682,Vertellis,POZ2
DE230681,Vertellis,POZ2
DE230680,Vertellis,POZ2
DE230679,Vertellis,POZ2
DE230678,Vertellis,POZ2
DE230677,Vertellis,POZ2
DE230676,Vertellis,POZ2
DE230675,Vertellis,POZ2
DE230674,Vertellis,POZ2
DE230673,Vertellis,POZ2
DE230672,Vertellis,POZ2
DE230671,Vertellis,POZ2
DE230670,Vertellis,POZ2
DE230669,Vertellis,POZ2
DE230668,Vertellis,POZ2
DE230667,Vertellis,POZ2
DE230666,Vertellis,POZ2
DE230665,Vertellis,POZ2
DE230664,Vertellis,POZ2
DE230663,Vertellis,POZ2
DE230662,Vertellis,POZ2
DE230661,Vertellis,POZ2
DE230660,Vertellis,POZ2
DE230659,Vertellis,POZ2
DE230658,Vertellis,POZ2
DE230657,Vertellis,POZ2
DE230656,Vertellis,POZ2
DE230655,Vertellis,POZ2
DE230654,Vertellis,POZ2
DE230653,Vertellis,POZ2
DE230652,Vertellis,POZ2
DE230651,Vertellis,POZ2
DE230650,Vertellis,POZ2
DE230649,Vertellis,POZ2
DE230648,Vertellis,POZ2
DE230647,Vertellis,POZ2
DE230646,Vertellis,POZ2
DE230645,Vertellis,POZ2
DE230644,Vertellis,POZ2
DE230643,Vertellis,POZ2
DE230642,Vertellis,POZ2
DE230641,Vertellis,POZ2
DE230640,Vertellis,POZ2
DE230639,Vertellis,POZ2
DE230638,Vertellis,POZ2
DE230637,Vertellis,POZ2
DE230636,Vertellis,POZ2
DE230635,Vertellis,POZ2
DE230634,Vertellis,POZ2
#70448,Victorioso Nutrition GmbH,POZ2
#70447,Victorioso Nutrition GmbH,POZ2
303-1354238-6983562,Victorioso Nutrition GmbH,POZ2
#70446,Victorioso Nutrition GmbH,POZ2
#70445,Victorioso Nutrition GmbH,POZ2
#70444,Victorioso Nutrition GmbH,POZ2
#70443,Victorioso Nutrition GmbH,POZ2
#70442,Victorioso Nutrition GmbH,POZ2
#70441,Victorioso Nutrition GmbH,POZ2
#70440,Victorioso Nutrition GmbH,POZ2
#70439,Victorioso Nutrition GmbH,POZ2
#70438,Victorioso Nutrition GmbH,POZ2
#70437,Victorioso Nutrition GmbH,POZ2
#70436,Victorioso Nutrition GmbH,POZ2
#70435,Victorioso Nutrition GmbH,POZ2
#70434,Victorioso Nutrition GmbH,POZ2
#70433,Victorioso Nutrition GmbH,POZ2
#70432,Victorioso Nutrition GmbH,POZ2
#70431,Victorioso Nutrition GmbH,POZ2
#70430,Victorioso Nutrition GmbH,POZ2
#70429,Victorioso Nutrition GmbH,POZ2
#70428,Victorioso Nutrition GmbH,POZ2
#70427,Victorioso Nutrition GmbH,POZ2
#70426,Victorioso Nutrition GmbH,POZ2
#70425,Victorioso Nutrition GmbH,POZ2
#70424,Victorioso Nutrition GmbH,POZ2
#70423,Victorioso Nutrition GmbH,POZ2
#70422,Victorioso Nutrition GmbH,POZ2
#70421,Victorioso Nutrition GmbH,POZ2
#70420,Victorioso Nutrition GmbH,POZ2
#70419,Victorioso Nutrition GmbH,POZ2
#70418,Victorioso Nutrition GmbH,POZ2
#70417,Victorioso Nutrition GmbH,POZ2
302-9589662-6122751,Victorioso Nutrition GmbH,POZ2
#70416,Victorioso Nutrition GmbH,POZ2
#70415,Victorioso Nutrition GmbH,POZ2
#70414,Victorioso Nutrition GmbH,POZ2
#70413,Victorioso Nutrition GmbH,POZ2
#70412,Victorioso Nutrition GmbH,POZ2
#70411,Victorioso Nutrition GmbH,POZ2
#70410,Victorioso Nutrition GmbH,POZ2
#69457-2,Victorioso Nutrition GmbH,POZ2
#70409,Victorioso Nutrition GmbH,POZ2
#70408,Victorioso Nutrition GmbH,POZ2
#70407,Victorioso Nutrition GmbH,POZ2
#70406,Victorioso Nutrition GmbH,POZ2
#70405,Victorioso Nutrition GmbH,POZ2
#70404,Victorioso Nutrition GmbH,POZ2
#70403,Victorioso Nutrition GmbH,POZ2
#70402,Victorioso Nutrition GmbH,POZ2
#1017,Virtus Ventures BV,POZ2
#1016,Virtus Ventures BV,POZ2
#1015,Virtus Ventures BV,POZ2
#1014,Virtus Ventures BV,POZ2
#1011,Virtus Ventures BV,POZ2
304-6131680-2809912,Wondersmile GmbH,POZ2
306-7774132-6070748,Wondersmile GmbH,POZ2
305-2009163-5514756,Wondersmile GmbH,POZ2
305-9142394-6517165,Wondersmile GmbH,POZ2
028-5204192-2957147,Wondersmile GmbH,POZ2
305-8044943-1209903,Wondersmile GmbH,POZ2
304-4323949-7144350,Wondersmile GmbH,POZ2
304-8343968-7753930,Wondersmile GmbH,POZ2
WS201614,Wondersmile GmbH,POZ2
WS201613,Wondersmile GmbH,POZ2
WS201612,Wondersmile GmbH,POZ2
WS201611,Wondersmile GmbH,POZ2
WS201610,Wondersmile GmbH,POZ2
304-9233633-3053949,Wondersmile GmbH,POZ2
304-1964394-5984305,Wondersmile GmbH,POZ2
WS201609,Wondersmile GmbH,POZ2
WS201608,Wondersmile GmbH,POZ2
22-14734-97745,Wondersmile GmbH,POZ2
WS201607,Wondersmile GmbH,POZ2
WS201606,Wondersmile GmbH,POZ2
WS201605,Wondersmile GmbH,POZ2
WS201604,Wondersmile GmbH,POZ2
WS201603,Wondersmile GmbH,POZ2
WS201602,Wondersmile GmbH,POZ2
WS201601,Wondersmile GmbH,POZ2
WS201600,Wondersmile GmbH,POZ2
305-9334651-3319541,Wondersmile GmbH,POZ2
WS201599,Wondersmile GmbH,POZ2
WS201598,Wondersmile GmbH,POZ2
WS201597,Wondersmile GmbH,POZ2
WS201596,Wondersmile GmbH,POZ2
WS201595,Wondersmile GmbH,POZ2
304-9053955-8246766,Wondersmile GmbH,POZ2
303-0923658-2277946,Wondersmile GmbH,POZ2
WS201594,Wondersmile GmbH,POZ2
028-2566696-6077954,Wondersmile GmbH,POZ2
WS201593,Wondersmile GmbH,POZ2
WS201592,Wondersmile GmbH,POZ2
WS201591,Wondersmile GmbH,POZ2
WS201590,Wondersmile GmbH,POZ2
WS201589,Wondersmile GmbH,POZ2
WS201588,Wondersmile GmbH,POZ2
WS201587,Wondersmile GmbH,POZ2
WS201586,Wondersmile GmbH,POZ2
303-5181200-8023538,Wondersmile GmbH,POZ2
WS201585,Wondersmile GmbH,POZ2
WS201584,Wondersmile GmbH,POZ2
WS201583,Wondersmile GmbH,POZ2
B2B000257,Wondersmile GmbH,POZ2
WS201582,Wondersmile GmbH,POZ2
#1528,WorkDeco AB,POZ2
#1527,WorkDeco AB,POZ2
#1526,WorkDeco AB,POZ2
#1525,WorkDeco AB,POZ2
#1524,WorkDeco AB,POZ2
#1523,WorkDeco AB,POZ2
#1522,WorkDeco AB,POZ2
#1521,WorkDeco AB,POZ2
#1520,WorkDeco AB,POZ2
#1519,WorkDeco AB,POZ2
#1518,WorkDeco AB,POZ2
#1517,WorkDeco AB,POZ2
#1516,WorkDeco AB,POZ2
#1515,WorkDeco AB,POZ2
#1514,WorkDeco AB,POZ2
#1513,WorkDeco AB,POZ2
#1512,WorkDeco AB,POZ2
#1511,WorkDeco AB,POZ2
#1510,WorkDeco AB,POZ2
#1509,WorkDeco AB,POZ2
#1508,WorkDeco AB,POZ2
#1507,WorkDeco AB,POZ2
#1506,WorkDeco AB,POZ2
#1505,WorkDeco AB,POZ2
#1504,WorkDeco AB,POZ2
#1503,WorkDeco AB,POZ2
#1502,WorkDeco AB,POZ2
#1501,WorkDeco AB,POZ2
#1500,WorkDeco AB,POZ2
#1499,WorkDeco AB,POZ2
#1498,WorkDeco AB,POZ2
#1497,WorkDeco AB,POZ2
#1496,WorkDeco AB,POZ2
#1495,WorkDeco AB,POZ2
#1494,WorkDeco AB,POZ2
#1493,WorkDeco AB,POZ2
#1492,WorkDeco AB,POZ2
#1491,WorkDeco AB,POZ2
#1490,WorkDeco AB,POZ2
#1489,WorkDeco AB,POZ2
#1488,WorkDeco AB,POZ2
#1487,WorkDeco AB,POZ2
#1486,WorkDeco AB,POZ2
#1485,WorkDeco AB,POZ2
#1484,WorkDeco AB,POZ2
#1483,WorkDeco AB,POZ2
#1482,WorkDeco AB,POZ2
#1481,WorkDeco AB,POZ2
#1480,WorkDeco AB,POZ2
#1479,WorkDeco AB,POZ2
2043,felmo gmbh,POZ2
1992,felmo gmbh,POZ2
2515,halm-club,POZ2
HALM-63772,halm-club,POZ2
HALM-63767,halm-club,POZ2
HALM-63765,halm-club,POZ2
HALM-63758,halm-club,POZ2
HALM-63739,halm-club,POZ2
HALM-63709,halm-club,POZ2
HALM-63687,halm-club,POZ2
B2B000005,halm-club,POZ2
2477,halm-club,POZ2
HALM-63277,halm-club,POZ2
HALM-61877,halm-club,POZ2
HALM-61730,halm-club,POZ2
HALM-61440,halm-club,POZ2
2372,halm-club,POZ2
2371,halm-club,POZ2
2370,halm-club,POZ2
HALM-60780,halm-club,POZ2
2328,halm-club,POZ2
2327,halm-club,POZ2
2295,halm-club,POZ2
2276,halm-club,POZ2
HALM-60138,halm-club,POZ2
HALM-60136,halm-club,POZ2
HALM-60137,halm-club,POZ2
HALM-60135,halm-club,POZ2
HALM-60134,halm-club,POZ2
HALM-60133,halm-club,POZ2
HALM-60131,halm-club,POZ2
HALM-60132,halm-club,POZ2
HALM-60130,halm-club,POZ2
HALM-60129,halm-club,POZ2
HALM-60128,halm-club,POZ2
HALM-60127,halm-club,POZ2
HALM-60126,halm-club,POZ2
HALM-60125,halm-club,POZ2
HALM-60123,halm-club,POZ2
HALM-60124,halm-club,POZ2
HALM-60122,halm-club,POZ2
HALM-60121,halm-club,POZ2
HALM-60120,halm-club,POZ2
HALM-60119,halm-club,POZ2
HALM-60118,halm-club,POZ2
HALM-60117,halm-club,POZ2
HALM-60116,halm-club,POZ2
HALM-60115,halm-club,POZ2
HALM-60114,halm-club,POZ2
HALM-60113,halm-club,POZ2
HALM-60112,halm-club,POZ2
HALM-60111,halm-club,POZ2
#LLEU29498,litelok,POZ2
#LLEU29497,litelok,POZ2
#LLEU29494,litelok,POZ2
#LLEU29492,litelok,POZ2
#LLEU29491,litelok,POZ2
#LLEU29490,litelok,POZ2
#LLEU29489,litelok,POZ2
#LLEU29488,litelok,POZ2
#LLEU29487,litelok,POZ2
#LLEU29485,litelok,POZ2
#LLEU29484,litelok,POZ2
#LLEU29482,litelok,POZ2
#LLEU29481,litelok,POZ2
#LLEU29476,litelok,POZ2
#LLEU29474,litelok,POZ2
#LLEU29472,litelok,POZ2
#LLEU29465,litelok,POZ2
#LLEU29464,litelok,POZ2
#LLEU29462,litelok,POZ2
#LLEU29461,litelok,POZ2
#LLEU29459,litelok,POZ2
#LLEU29458,litelok,POZ2
#LLEU29456,litelok,POZ2
#LLEU29454,litelok,POZ2
#LLEU29453,litelok,POZ2
#LLEU29452,litelok,POZ2
#LLEU29447,litelok,POZ2
#LLEU29444,litelok,POZ2
#LLEU29442,litelok,POZ2
#LLEU29440,litelok,POZ2
#LLEU29439,litelok,POZ2
#LLEU29435,litelok,POZ2
#LLEU29430,litelok,POZ2
#LLEU29427,litelok,POZ2
#LLEU29426,litelok,POZ2
#LLEU29423,litelok,POZ2
#LLEU29420,litelok,POZ2
#LLEU29415,litelok,POZ2
#LLEU29414,litelok,POZ2
#LLEU29413,litelok,POZ2
#LLEU29412,litelok,POZ2
#LLEU29411,litelok,POZ2
#LLEU29410,litelok,POZ2
#LLEU29409,litelok,POZ2
#LLEU29407,litelok,POZ2
#LLEU29405,litelok,POZ2
#LLEU29402,litelok,POZ2
#LLEU29401,litelok,POZ2
#LLEU29399,litelok,POZ2
#LLEU29396,litelok,POZ2
#648318,mybacs,POZ2
#648316,mybacs,POZ2
#648315,mybacs,POZ2
#648314,mybacs,POZ2
#16466-CH,mybacs,POZ2
#648313,mybacs,POZ2
#648312,mybacs,POZ2
#648309,mybacs,POZ2
#648308,mybacs,POZ2
#648306,mybacs,POZ2
#648305,mybacs,POZ2
#648304,mybacs,POZ2
#648303,mybacs,POZ2
#648302,mybacs,POZ2
#648301,mybacs,POZ2
#648300,mybacs,POZ2
#648299,mybacs,POZ2
#648298,mybacs,POZ2
#648297,mybacs,POZ2
#648295,mybacs,POZ2
#16465-CH,mybacs,POZ2
#648294,mybacs,POZ2
#648293,mybacs,POZ2
#648292,mybacs,POZ2
#648291,mybacs,POZ2
#648290,mybacs,POZ2
#648289,mybacs,POZ2
#648288,mybacs,POZ2
#648287,mybacs,POZ2
#648286,mybacs,POZ2
#648285,mybacs,POZ2
#648284,mybacs,POZ2
#648283,mybacs,POZ2
#648282,mybacs,POZ2
#16464-CH,mybacs,POZ2
#648281,mybacs,POZ2
#648280,mybacs,POZ2
#648279,mybacs,POZ2
#648278,mybacs,POZ2
#648277,mybacs,POZ2
#648276,mybacs,POZ2
#648275,mybacs,POZ2
#648274,mybacs,POZ2
#648273,mybacs,POZ2
#648272,mybacs,POZ2
#648271,mybacs,POZ2
#648270,mybacs,POZ2
#648269,mybacs,POZ2
#648268,mybacs,POZ2
#648267,mybacs,POZ2
TL153176,teethlovers,POZ2
TL153175,teethlovers,POZ2
TL153174,teethlovers,POZ2
TL153173,teethlovers,POZ2
TL153172,teethlovers,POZ2
TL153171,teethlovers,POZ2
TL153170,teethlovers,POZ2
TL153169,teethlovers,POZ2
TL153168,teethlovers,POZ2
TL153167,teethlovers,POZ2
TL153166,teethlovers,POZ2
TL153165,teethlovers,POZ2
TL153164,teethlovers,POZ2
TL153163,teethlovers,POZ2
TL153162,teethlovers,POZ2
TL153161,teethlovers,POZ2
TL153160,teethlovers,POZ2
TL153159,teethlovers,POZ2
TL153158,teethlovers,POZ2
TL153157,teethlovers,POZ2
TL153156,teethlovers,POZ2
TL153155,teethlovers,POZ2
TL153154,teethlovers,POZ2
TL153153,teethlovers,POZ2
TL153152,teethlovers,POZ2
TL153151,teethlovers,POZ2
TL153150,teethlovers,POZ2
TL153149,teethlovers,POZ2
TL153148,teethlovers,POZ2
TL153147,teethlovers,POZ2
TL153146,teethlovers,POZ2
TL153145,teethlovers,POZ2
TL153144,teethlovers,POZ2
TL153143,teethlovers,POZ2
TL153142,teethlovers,POZ2
TL153141,teethlovers,POZ2
TL153140,teethlovers,POZ2
TL153139,teethlovers,POZ2
TL153138,teethlovers,POZ2
TL153137,teethlovers,POZ2
TL153136,teethlovers,POZ2
TL153135,teethlovers,POZ2
TL153134,teethlovers,POZ2
TL153133,teethlovers,POZ2
TL153132,teethlovers,POZ2
TL153131,teethlovers,POZ2
TL153130,teethlovers,POZ2
TL153129,teethlovers,POZ2
TL153128,teethlovers,POZ2
TL153127,teethlovers,POZ2